{"type":"FeatureCollection", "features": [
{"type":"Feature","geometry":{"type":"Polygon","coordinates":[[[-78.8789,-1.4625],[-78.8864,-1.4586],[-78.8951,-1.4444],[-78.9064,-1.4341],[-78.9092,-1.4296],[-78.908,-1.4245],[-78.913,-1.42],[-78.9164,-1.41],[-78.9238,-1.4072],[-78.9318,-1.4017],[-78.9271,-1.3977],[-78.9256,-1.3919],[-78.931,-1.3829],[-78.9267,-1.375],[-78.9379,-1.3601],[-78.9379,-1.3549],[-78.9274,-1.3488],[-78.9212,-1.339],[-78.9221,-1.3328],[-78.9153,-1.3269],[-78.9108,-1.3201],[-78.8932,-1.2839],[-78.8906,-1.2722],[-78.8872,-1.2682],[-78.8875,-1.2621],[-78.8816,-1.2589],[-78.8914,-1.2507],[-78.8939,-1.2409],[-78.8905,-1.2314],[-78.8933,-1.2237],[-78.8923,-1.2207],[-78.8808,-1.2084],[-78.8735,-1.2034],[-78.8693,-1.1974],[-78.8621,-1.1914],[-78.8659,-1.1864],[-78.8694,-1.1867],[-78.8692,-1.192],[-78.8764,-1.1968],[-78.8824,-1.1963],[-78.8956,-1.192],[-78.9087,-1.1899],[-78.9145,-1.1851],[-78.9243,-1.1827],[-78.9346,-1.1882],[-78.9367,-1.1944],[-78.9421,-1.1977],[-78.9436,-1.2022],[-78.9481,-1.2054],[-78.9467,-1.2107],[-78.9523,-1.2114],[-78.9587,-1.2161],[-78.9625,-1.2113],[-78.9738,-1.2117],[-78.9798,-1.2166],[-78.9832,-1.2156],[-78.9853,-1.2198],[-78.9891,-1.2174],[-79.0041,-1.2157],[-79.0133,-1.2135],[-79.0301,-1.2045],[-79.0348,-1.1973],[-79.0454,-1.1968],[-79.0479,-1.1885],[-79.0586,-1.1859],[-79.0604,-1.1815],[-79.0656,-1.1808],[-79.0748,-1.1707],[-79.079,-1.1688],[-79.0824,-1.1616],[-79.0885,-1.1557],[-79.0945,-1.1549],[-79.0995,-1.1509],[-79.1066,-1.1498],[-79.1101,-1.1539],[-79.1153,-1.1554],[-79.1233,-1.1529],[-79.1325,-1.1624],[-79.1446,-1.1552],[-79.1537,-1.1604],[-79.1563,-1.162],[-79.1664,-1.1602],[-79.1743,-1.1623],[-79.1793,-1.1687],[-79.1918,-1.1687],[-79.2081,-1.1712],[-79.2109,-1.1742],[-79.2205,-1.1746],[-79.2269,-1.1843],[-79.232,-1.187],[-79.2383,-1.195],[-79.2483,-1.2008],[-79.2532,-1.2009],[-79.2601,-1.2075],[-79.2672,-1.2093],[-79.2736,-1.2048],[-79.2802,-1.2063],[-79.2804,-1.2253],[-79.2866,-1.2284],[-79.2911,-1.2344],[-79.2867,-1.2434],[-79.2783,-1.2516],[-79.2696,-1.2492],[-79.2633,-1.2609],[-79.2362,-1.283],[-79.2364,-1.2881],[-79.2323,-1.3004],[-79.2278,-1.3024],[-79.2233,-1.3166],[-79.2143,-1.3149],[-79.2006,-1.3145],[-79.1985,-1.3275],[-79.2013,-1.3309],[-79.2087,-1.3326],[-79.2124,-1.3368],[-79.2192,-1.3384],[-79.2264,-1.3371],[-79.236,-1.344],[-79.2508,-1.3474],[-79.2569,-1.3472],[-79.2633,-1.3521],[-79.2562,-1.3577],[-79.2433,-1.3569],[-79.238,-1.362],[-79.2375,-1.3688],[-79.2292,-1.3779],[-79.2264,-1.3844],[-79.2152,-1.3776],[-79.2169,-1.3817],[-79.2142,-1.396],[-79.21,-1.4036],[-79.2167,-1.4086],[-79.2172,-1.415],[-79.2223,-1.4209],[-79.2153,-1.4306],[-79.2125,-1.4408],[-79.2144,-1.4447],[-79.211,-1.4483],[-79.2069,-1.4624],[-79.1971,-1.4741],[-79.1946,-1.4858],[-79.1909,-1.4955],[-79.1905,-1.5047],[-79.1873,-1.5089],[-79.1793,-1.5109],[-79.1712,-1.5159],[-79.1741,-1.5207],[-79.1845,-1.5254],[-79.192,-1.5223],[-79.2064,-1.5244],[-79.212,-1.5208],[-79.2202,-1.5213],[-79.2247,-1.5239],[-79.2335,-1.5335],[-79.2302,-1.5399],[-79.2305,-1.5468],[-79.2256,-1.5597],[-79.2197,-1.5618],[-79.2172,-1.5675],[-79.2131,-1.564],[-79.2053,-1.5617],[-79.201,-1.5629],[-79.1942,-1.5598],[-79.1844,-1.5582],[-79.1745,-1.5512],[-79.1697,-1.5564],[-79.1619,-1.5579],[-79.1601,-1.5727],[-79.1648,-1.5774],[-79.1572,-1.5828],[-79.152,-1.5818],[-79.149,-1.5756],[-79.1439,-1.5748],[-79.1324,-1.5883],[-79.118,-1.5995],[-79.1101,-1.6068],[-79.1021,-1.6087],[-79.0923,-1.6099],[-79.0831,-1.6094],[-79.0776,-1.6113],[-79.0702,-1.616],[-79.0701,-1.6216],[-79.066,-1.6252],[-79.0553,-1.6233],[-79.0455,-1.6277],[-79.0375,-1.6273],[-79.0293,-1.6295],[-79.0228,-1.6307],[-79.0185,-1.638],[-79.005,-1.6434],[-79.0075,-1.6514],[-79.0052,-1.6557],[-79.0056,-1.6699],[-79.0102,-1.6846],[-79.007,-1.686],[-78.998,-1.6978],[-78.9899,-1.7025],[-78.9785,-1.7044],[-78.9662,-1.7043],[-78.9536,-1.7084],[-78.9447,-1.7158],[-78.9342,-1.7275],[-78.927,-1.7207],[-78.9139,-1.7224],[-78.9114,-1.7252],[-78.9005,-1.7183],[-78.8884,-1.7138],[-78.8798,-1.7143],[-78.8736,-1.7201],[-78.8662,-1.7176],[-78.8666,-1.7099],[-78.8636,-1.6956],[-78.8603,-1.6901],[-78.8626,-1.6797],[-78.8594,-1.6744],[-78.8482,-1.6721],[-78.8453,-1.6649],[-78.8441,-1.6563],[-78.8513,-1.6438],[-78.8511,-1.6242],[-78.8524,-1.6169],[-78.8632,-1.6143],[-78.8739,-1.61],[-78.8787,-1.6103],[-78.8912,-1.5995],[-78.897,-1.5997],[-78.8977,-1.5851],[-78.8921,-1.5811],[-78.8862,-1.5634],[-78.8834,-1.5406],[-78.8854,-1.5301],[-78.8779,-1.5176],[-78.8683,-1.5075],[-78.8765,-1.4947],[-78.8833,-1.4702],[-78.8836,-1.4643],[-78.8789,-1.4625]]]},"properties":{"poblacion":91877,"dpa_descan":"GUARANDA","dpa_provin":"02","dpa_despro":"BOLIVAR","dpa_canton":"0201"}},
{"type":"Feature","geometry":{"type":"Polygon","coordinates":[[[-79.0173,-1.8641],[-79.0319,-1.872],[-79.0502,-1.8752],[-79.0468,-1.8822],[-79.052,-1.8823],[-79.0658,-1.8793],[-79.0728,-1.8723],[-79.0832,-1.8727],[-79.0881,-1.8711],[-79.0965,-1.8728],[-79.1134,-1.8812],[-79.1208,-1.8821],[-79.127,-1.8873],[-79.138,-1.8886],[-79.1448,-1.893],[-79.1483,-1.8954],[-79.1486,-1.9006],[-79.1533,-1.905],[-79.16,-1.9041],[-79.1625,-1.9119],[-79.1677,-1.9198],[-79.1746,-1.9063],[-79.1816,-1.905],[-79.1879,-1.9016],[-79.2042,-1.8997],[-79.2125,-1.9072],[-79.2223,-1.9138],[-79.2301,-1.9171],[-79.2346,-1.927],[-79.2408,-1.9368],[-79.2471,-1.9389],[-79.2586,-1.9373],[-79.2555,-1.9447],[-79.2608,-1.9595],[-79.2605,-1.9639],[-79.2556,-1.9734],[-79.2498,-1.9796],[-79.2477,-1.9881],[-79.248,-1.9969],[-79.2457,-2.0081],[-79.243,-2.0121],[-79.2252,-2.0251],[-79.2236,-2.0296],[-79.2254,-2.0381],[-79.2282,-2.041],[-79.2135,-2.0603],[-79.209,-2.0701],[-79.2091,-2.0745],[-79.2012,-2.0777],[-79.2133,-2.0877],[-79.2224,-2.0841],[-79.2218,-2.0881],[-79.2155,-2.0989],[-79.2032,-2.1114],[-79.206,-2.123],[-79.2035,-2.1335],[-79.1937,-2.1311],[-79.1878,-2.1415],[-79.1754,-2.1457],[-79.169,-2.1415],[-79.1686,-2.1329],[-79.1656,-2.1302],[-79.162,-2.1218],[-79.1555,-2.1198],[-79.1475,-2.1221],[-79.1341,-2.1189],[-79.1248,-2.1135],[-79.115,-2.1191],[-79.1164,-2.1269],[-79.1196,-2.1308],[-79.121,-2.1409],[-79.1071,-2.1329],[-79.1021,-2.1333],[-79.1047,-2.1431],[-79.1098,-2.1505],[-79.1293,-2.1655],[-79.1321,-2.1746],[-79.1383,-2.1824],[-79.1167,-2.1829],[-79.1271,-2.2025],[-79.1184,-2.2021],[-79.1079,-2.1989],[-79.1081,-2.1956],[-79.1031,-2.1938],[-79.1001,-2.1894],[-79.0876,-2.1838],[-79.0816,-2.1785],[-79.0745,-2.1678],[-79.0679,-2.1639],[-79.0621,-2.1546],[-79.0517,-2.1491],[-79.0466,-2.1373],[-79.0408,-2.1291],[-79.0361,-2.1255],[-79.0288,-2.1116],[-79.0238,-2.0861],[-79.0226,-2.0757],[-79.0254,-2.0699],[-79.0295,-2.0679],[-79.0347,-2.0612],[-79.0349,-2.0466],[-79.0295,-2.0344],[-79.0299,-2.0264],[-79.0272,-2.0203],[-79.0261,-2.0095],[-79.0184,-2.001],[-79.0165,-1.9951],[-79.0161,-1.9818],[-79.0144,-1.9682],[-79.0164,-1.9602],[-79.0132,-1.9518],[-79.008,-1.9436],[-79.0101,-1.9374],[-79.0079,-1.9352],[-79.0076,-1.9077],[-79.0088,-1.9002],[-79.0134,-1.8919],[-79.015,-1.8852],[-79.0129,-1.8806],[-79.0164,-1.8738],[-79.0173,-1.8665],[-79.0173,-1.8641]]]},"properties":{"poblacion":17406,"dpa_descan":"CHILLANES","dpa_provin":"02","dpa_despro":"BOLIVAR","dpa_canton":"0202"}},
{"type":"Feature","geometry":{"type":"Polygon","coordinates":[[[-79.0052,-1.6557],[-79.0075,-1.6514],[-79.005,-1.6434],[-79.0185,-1.638],[-79.0228,-1.6307],[-79.0293,-1.6295],[-79.0375,-1.6273],[-79.0455,-1.6277],[-79.0553,-1.6233],[-79.066,-1.6252],[-79.0701,-1.6216],[-79.0702,-1.616],[-79.0776,-1.6113],[-79.0831,-1.6094],[-79.0923,-1.6099],[-79.1021,-1.6087],[-79.1056,-1.6209],[-79.1012,-1.63],[-79.0978,-1.6329],[-79.0973,-1.6393],[-79.1007,-1.6469],[-79.1054,-1.6519],[-79.1157,-1.6499],[-79.1197,-1.6444],[-79.123,-1.6399],[-79.1289,-1.6376],[-79.1338,-1.6309],[-79.1392,-1.6275],[-79.1629,-1.6283],[-79.1757,-1.6162],[-79.1834,-1.6184],[-79.1926,-1.6247],[-79.2035,-1.6396],[-79.2096,-1.6361],[-79.2165,-1.6386],[-79.2154,-1.642],[-79.22,-1.6481],[-79.2368,-1.6525],[-79.2651,-1.6476],[-79.2773,-1.6482],[-79.2885,-1.6546],[-79.2881,-1.6601],[-79.2912,-1.6693],[-79.285,-1.6664],[-79.278,-1.6665],[-79.2685,-1.6709],[-79.2652,-1.6706],[-79.2518,-1.6776],[-79.2509,-1.6807],[-79.2532,-1.691],[-79.2694,-1.6973],[-79.2629,-1.7086],[-79.246,-1.7257],[-79.2367,-1.7304],[-79.2339,-1.7364],[-79.2284,-1.7395],[-79.2223,-1.7372],[-79.2109,-1.7401],[-79.2086,-1.7461],[-79.1979,-1.7409],[-79.1848,-1.7325],[-79.1757,-1.7319],[-79.1703,-1.7223],[-79.1654,-1.7181],[-79.165,-1.7131],[-79.1551,-1.7145],[-79.1483,-1.7105],[-79.1296,-1.7137],[-79.1242,-1.7116],[-79.1189,-1.706],[-79.1109,-1.7058],[-79.1061,-1.6993],[-79.1016,-1.7015],[-79.0957,-1.7096],[-79.0926,-1.7058],[-79.0836,-1.7062],[-79.0783,-1.6995],[-79.0695,-1.6955],[-79.0639,-1.6959],[-79.0557,-1.6926],[-79.0462,-1.6937],[-79.0399,-1.702],[-79.0385,-1.6973],[-79.0323,-1.7002],[-79.0274,-1.6997],[-79.0241,-1.7021],[-79.0168,-1.692],[-79.0195,-1.6895],[-79.0102,-1.6846],[-79.0056,-1.6699],[-79.0052,-1.6557]]]},"properties":{"poblacion":15779,"dpa_descan":"CHIMBO","dpa_provin":"02","dpa_despro":"BOLIVAR","dpa_canton":"0203"}},
{"type":"Feature","geometry":{"type":"Polygon","coordinates":[[[-79.1971,-1.4741],[-79.2069,-1.4624],[-79.211,-1.4483],[-79.2144,-1.4447],[-79.2125,-1.4408],[-79.2153,-1.4306],[-79.2223,-1.4209],[-79.2172,-1.415],[-79.2167,-1.4086],[-79.21,-1.4036],[-79.2142,-1.396],[-79.2169,-1.3817],[-79.2152,-1.3776],[-79.2264,-1.3844],[-79.2292,-1.3779],[-79.2375,-1.3688],[-79.238,-1.362],[-79.2433,-1.3569],[-79.2562,-1.3577],[-79.2633,-1.3521],[-79.2681,-1.3571],[-79.2784,-1.3547],[-79.2837,-1.3543],[-79.2812,-1.3571],[-79.2852,-1.3683],[-79.2846,-1.3744],[-79.2802,-1.3853],[-79.2846,-1.3854],[-79.2869,-1.3916],[-79.2935,-1.3954],[-79.2989,-1.3956],[-79.3073,-1.3906],[-79.3171,-1.3934],[-79.3243,-1.3926],[-79.3248,-1.4022],[-79.3218,-1.4148],[-79.3191,-1.4197],[-79.3152,-1.434],[-79.3166,-1.4377],[-79.3276,-1.4455],[-79.3324,-1.4462],[-79.3451,-1.4549],[-79.3555,-1.4551],[-79.3584,-1.4467],[-79.3613,-1.4485],[-79.3582,-1.4533],[-79.3559,-1.4624],[-79.3471,-1.4716],[-79.3422,-1.4667],[-79.343,-1.4636],[-79.3378,-1.4605],[-79.3301,-1.4606],[-79.3256,-1.4652],[-79.3285,-1.4746],[-79.3275,-1.4836],[-79.3237,-1.4832],[-79.3176,-1.4947],[-79.3208,-1.4992],[-79.3227,-1.5083],[-79.3217,-1.5126],[-79.3116,-1.5157],[-79.3105,-1.5198],[-79.3042,-1.5259],[-79.2926,-1.5242],[-79.2831,-1.5284],[-79.272,-1.5396],[-79.2683,-1.5409],[-79.2629,-1.5386],[-79.2521,-1.5402],[-79.2472,-1.5435],[-79.242,-1.5341],[-79.2335,-1.5335],[-79.2247,-1.5239],[-79.2202,-1.5213],[-79.212,-1.5208],[-79.2064,-1.5244],[-79.192,-1.5223],[-79.1845,-1.5254],[-79.1741,-1.5207],[-79.1712,-1.5159],[-79.1793,-1.5109],[-79.1873,-1.5089],[-79.1905,-1.5047],[-79.1909,-1.4955],[-79.1946,-1.4858],[-79.1971,-1.4741]]]},"properties":{"poblacion":12114,"dpa_descan":"ECHEANDIA","dpa_provin":"02","dpa_despro":"BOLIVAR","dpa_canton":"0204"}},
{"type":"Feature","geometry":{"type":"Polygon","coordinates":[[[-79.0173,-1.8641],[-79.022,-1.8585],[-79.021,-1.8521],[-79.0154,-1.8479],[-79.0131,-1.838],[-79.0098,-1.8098],[-79.0074,-1.8023],[-79.0126,-1.7744],[-78.9983,-1.7706],[-78.9955,-1.7654],[-78.9872,-1.7601],[-78.9829,-1.7548],[-78.9525,-1.7548],[-78.9372,-1.7577],[-78.9348,-1.7567],[-78.9233,-1.7621],[-78.9119,-1.7625],[-78.9069,-1.7606],[-78.9041,-1.7557],[-78.8945,-1.7484],[-78.8912,-1.7515],[-78.8846,-1.7511],[-78.8817,-1.744],[-78.8774,-1.7274],[-78.8741,-1.7221],[-78.8662,-1.7176],[-78.8736,-1.7201],[-78.8798,-1.7143],[-78.8884,-1.7138],[-78.9005,-1.7183],[-78.9114,-1.7252],[-78.9139,-1.7224],[-78.927,-1.7207],[-78.9342,-1.7275],[-78.9447,-1.7158],[-78.9536,-1.7084],[-78.9662,-1.7043],[-78.9785,-1.7044],[-78.9899,-1.7025],[-78.998,-1.6978],[-79.007,-1.686],[-79.0102,-1.6846],[-79.0195,-1.6895],[-79.0168,-1.692],[-79.0241,-1.7021],[-79.0274,-1.6997],[-79.0323,-1.7002],[-79.0385,-1.6973],[-79.0399,-1.702],[-79.0462,-1.6937],[-79.0557,-1.6926],[-79.0639,-1.6959],[-79.0695,-1.6955],[-79.0783,-1.6995],[-79.0836,-1.7062],[-79.0926,-1.7058],[-79.0957,-1.7096],[-79.1016,-1.7015],[-79.1061,-1.6993],[-79.1109,-1.7058],[-79.1189,-1.706],[-79.1242,-1.7116],[-79.1296,-1.7137],[-79.1483,-1.7105],[-79.1551,-1.7145],[-79.165,-1.7131],[-79.1654,-1.7181],[-79.1703,-1.7223],[-79.1757,-1.7319],[-79.1848,-1.7325],[-79.1979,-1.7409],[-79.2086,-1.7461],[-79.2101,-1.7495],[-79.223,-1.7571],[-79.2249,-1.7565],[-79.2397,-1.7675],[-79.2416,-1.77],[-79.247,-1.7717],[-79.2456,-1.779],[-79.2489,-1.7873],[-79.2434,-1.8015],[-79.2388,-1.8041],[-79.2474,-1.8147],[-79.2519,-1.8146],[-79.2442,-1.8262],[-79.2366,-1.8299],[-79.2362,-1.8365],[-79.2314,-1.8422],[-79.2304,-1.8492],[-79.2338,-1.8519],[-79.2379,-1.8524],[-79.2413,-1.8576],[-79.2462,-1.8603],[-79.2433,-1.8741],[-79.2496,-1.8836],[-79.2442,-1.8904],[-79.2436,-1.8959],[-79.2485,-1.9111],[-79.2489,-1.9204],[-79.2561,-1.9348],[-79.2589,-1.937],[-79.2586,-1.9373],[-79.2471,-1.9389],[-79.2408,-1.9368],[-79.2346,-1.927],[-79.2301,-1.9171],[-79.2223,-1.9138],[-79.2125,-1.9072],[-79.2042,-1.8997],[-79.1879,-1.9016],[-79.1816,-1.905],[-79.1746,-1.9063],[-79.1677,-1.9198],[-79.1625,-1.9119],[-79.16,-1.9041],[-79.1533,-1.905],[-79.1486,-1.9006],[-79.1483,-1.8954],[-79.1448,-1.893],[-79.138,-1.8886],[-79.127,-1.8873],[-79.1208,-1.8821],[-79.1134,-1.8812],[-79.0965,-1.8728],[-79.0881,-1.8711],[-79.0832,-1.8727],[-79.0728,-1.8723],[-79.0658,-1.8793],[-79.052,-1.8823],[-79.0468,-1.8822],[-79.0502,-1.8752],[-79.0319,-1.872],[-79.0173,-1.8641]]]},"properties":{"poblacion":27244,"dpa_descan":"SAN MIGUEL","dpa_provin":"02","dpa_despro":"BOLIVAR","dpa_canton":"0205"}},
{"type":"Feature","geometry":{"type":"Polygon","coordinates":[[[-79.2335,-1.5335],[-79.242,-1.5341],[-79.2472,-1.5435],[-79.2451,-1.5452],[-79.248,-1.5604],[-79.2524,-1.5649],[-79.2537,-1.5698],[-79.2581,-1.572],[-79.2698,-1.5862],[-79.2744,-1.5958],[-79.2724,-1.5993],[-79.279,-1.6101],[-79.2879,-1.6049],[-79.2899,-1.6017],[-79.2983,-1.5994],[-79.3054,-1.6044],[-79.3115,-1.6152],[-79.3167,-1.6206],[-79.3176,-1.6268],[-79.3441,-1.6303],[-79.3497,-1.6342],[-79.3532,-1.6334],[-79.3556,-1.6375],[-79.3453,-1.6465],[-79.3224,-1.6463],[-79.3218,-1.6592],[-79.3168,-1.6594],[-79.3014,-1.6537],[-79.2892,-1.6514],[-79.2885,-1.6546],[-79.2773,-1.6482],[-79.2651,-1.6476],[-79.2368,-1.6525],[-79.22,-1.6481],[-79.2154,-1.642],[-79.2165,-1.6386],[-79.2096,-1.6361],[-79.2035,-1.6396],[-79.1926,-1.6247],[-79.1834,-1.6184],[-79.1757,-1.6162],[-79.1629,-1.6283],[-79.1392,-1.6275],[-79.1338,-1.6309],[-79.1289,-1.6376],[-79.123,-1.6399],[-79.1197,-1.6444],[-79.1157,-1.6499],[-79.1054,-1.6519],[-79.1007,-1.6469],[-79.0973,-1.6393],[-79.0978,-1.6329],[-79.1012,-1.63],[-79.1056,-1.6209],[-79.1021,-1.6087],[-79.1101,-1.6068],[-79.118,-1.5995],[-79.1324,-1.5883],[-79.1439,-1.5748],[-79.149,-1.5756],[-79.152,-1.5818],[-79.1572,-1.5828],[-79.1648,-1.5774],[-79.1601,-1.5727],[-79.1619,-1.5579],[-79.1697,-1.5564],[-79.1745,-1.5512],[-79.1844,-1.5582],[-79.1942,-1.5598],[-79.201,-1.5629],[-79.2053,-1.5617],[-79.2131,-1.564],[-79.2172,-1.5675],[-79.2197,-1.5618],[-79.2256,-1.5597],[-79.2305,-1.5468],[-79.2302,-1.5399],[-79.2335,-1.5335]]]},"properties":{"poblacion":13129,"dpa_descan":"CALUMA","dpa_provin":"02","dpa_despro":"BOLIVAR","dpa_canton":"0206"}},
{"type":"Feature","geometry":{"type":"Polygon","coordinates":[[[-79.2006,-1.3145],[-79.2143,-1.3149],[-79.2233,-1.3166],[-79.2278,-1.3024],[-79.2323,-1.3004],[-79.2364,-1.2881],[-79.2362,-1.283],[-79.2633,-1.2609],[-79.2696,-1.2492],[-79.2783,-1.2516],[-79.2867,-1.2434],[-79.2911,-1.2344],[-79.2866,-1.2284],[-79.2804,-1.2253],[-79.2802,-1.2063],[-79.2899,-1.2053],[-79.2953,-1.2084],[-79.3067,-1.2069],[-79.31,-1.2103],[-79.3208,-1.2163],[-79.3254,-1.221],[-79.3313,-1.2229],[-79.3347,-1.2268],[-79.3359,-1.238],[-79.3415,-1.2451],[-79.3407,-1.2503],[-79.3447,-1.2539],[-79.3494,-1.2666],[-79.3487,-1.2716],[-79.3565,-1.2771],[-79.3623,-1.289],[-79.3712,-1.2962],[-79.3748,-1.3058],[-79.3841,-1.3053],[-79.387,-1.3116],[-79.3919,-1.3163],[-79.3894,-1.3181],[-79.3948,-1.3232],[-79.3814,-1.324],[-79.3771,-1.3225],[-79.3705,-1.3284],[-79.3628,-1.3245],[-79.3545,-1.2998],[-79.346,-1.2958],[-79.3326,-1.2963],[-79.3227,-1.3083],[-79.3202,-1.3176],[-79.3223,-1.3219],[-79.3155,-1.3258],[-79.3098,-1.3243],[-79.2932,-1.3333],[-79.2819,-1.3275],[-79.2751,-1.328],[-79.2664,-1.3313],[-79.2736,-1.3376],[-79.2784,-1.3547],[-79.2681,-1.3571],[-79.2633,-1.3521],[-79.2569,-1.3472],[-79.2508,-1.3474],[-79.236,-1.344],[-79.2264,-1.3371],[-79.2192,-1.3384],[-79.2124,-1.3368],[-79.2087,-1.3326],[-79.2013,-1.3309],[-79.1985,-1.3275],[-79.2006,-1.3145]]]},"properties":{"poblacion":6092,"dpa_descan":"LAS NAVES","dpa_provin":"02","dpa_despro":"BOLIVAR","dpa_canton":"0207"}},
{"type":"Feature","geometry":{"type":"Polygon","coordinates":[[[-77.7993,0.6773],[-77.8012,0.6677],[-77.8004,0.662],[-77.7959,0.6574],[-77.794,0.6507],[-77.788,0.6469],[-77.7915,0.6396],[-77.7925,0.6303],[-77.7819,0.6202],[-77.7749,0.6184],[-77.7703,0.6106],[-77.7679,0.6043],[-77.766,0.604],[-77.7678,0.6066],[-77.7614,0.6096],[-77.7475,0.6293],[-77.7461,0.6378],[-77.7505,0.6585],[-77.7484,0.6626],[-77.7592,0.6666],[-77.7637,0.677],[-77.7539,0.6727],[-77.747,0.6655],[-77.7424,0.6682],[-77.7352,0.6631],[-77.7371,0.6575],[-77.7313,0.6494],[-77.7118,0.6495],[-77.7091,0.652],[-77.7015,0.647],[-77.6976,0.648],[-77.6858,0.6459],[-77.6807,0.6435],[-77.6725,0.6493],[-77.6682,0.6449],[-77.6635,0.6475],[-77.6553,0.6471],[-77.6396,0.6366],[-77.6284,0.6398],[-77.6161,0.6417],[-77.6044,0.6359],[-77.5985,0.6401],[-77.5914,0.6384],[-77.5739,0.6378],[-77.5665,0.6345],[-77.5564,0.6413],[-77.5494,0.6417],[-77.5399,0.6447],[-77.5376,0.648],[-77.5316,0.6489],[-77.5319,0.6524],[-77.5413,0.6497],[-77.5584,0.6493],[-77.5635,0.6507],[-77.5677,0.6566],[-77.5782,0.6604],[-77.5816,0.6663],[-77.5883,0.6693],[-77.5882,0.673],[-77.5956,0.673],[-77.6016,0.6753],[-77.6109,0.689],[-77.6162,0.6882],[-77.6253,0.6957],[-77.6301,0.6958],[-77.6372,0.6994],[-77.6382,0.7022],[-77.652,0.7041],[-77.6536,0.706],[-77.6628,0.7059],[-77.666,0.7109],[-77.6636,0.7215],[-77.6667,0.7259],[-77.673,0.7297],[-77.6729,0.735],[-77.686,0.7399],[-77.6969,0.7403],[-77.696,0.75],[-77.6917,0.7512],[-77.692,0.7572],[-77.6882,0.7693],[-77.6826,0.7756],[-77.6648,0.7849],[-77.6616,0.79],[-77.6765,0.791],[-77.6769,0.7969],[-77.6746,0.8012],[-77.6687,0.8035],[-77.664,0.8131],[-77.6649,0.8179],[-77.6701,0.8179],[-77.6698,0.8212],[-77.6761,0.8243],[-77.6796,0.8222],[-77.6872,0.8303],[-77.6934,0.8328],[-77.6948,0.8398],[-77.7046,0.8417],[-77.7092,0.8485],[-77.7151,0.8505],[-77.7257,0.847],[-77.7291,0.8421],[-77.7366,0.8371],[-77.747,0.8331],[-77.7643,0.8419],[-77.7719,0.84],[-77.7746,0.8411],[-77.7789,0.8357],[-77.7844,0.8339],[-77.7884,0.8357],[-77.8044,0.8308],[-77.8118,0.8199],[-77.8141,0.8191],[-77.8197,0.8078],[-77.8398,0.8041],[-77.8669,0.8015],[-77.874,0.8053],[-77.8913,0.8104],[-77.9218,0.8135],[-77.9261,0.8165],[-77.9361,0.8163],[-77.9442,0.822],[-77.9661,0.8244],[-77.9689,0.8323],[-77.9744,0.8335],[-77.9822,0.8441],[-77.9851,0.8533],[-77.9897,0.8568],[-77.9989,0.8604],[-78.0017,0.8589],[-78.0102,0.8644],[-78.0127,0.869],[-78.0201,0.8711],[-78.0211,0.8746],[-78.0341,0.8804],[-78.0425,0.8804],[-78.0536,0.8891],[-78.0596,0.8872],[-78.0663,0.8896],[-78.0672,0.8952],[-78.0791,0.8979],[-78.0893,0.8972],[-78.0924,0.9017],[-78.099,0.9052],[-78.0997,0.9089],[-78.1048,0.9112],[-78.1073,0.9279],[-78.1246,0.9364],[-78.1365,0.9345],[-78.1429,0.931],[-78.1452,0.9264],[-78.1522,0.9249],[-78.1583,0.9253],[-78.173,0.9346],[-78.1858,0.9382],[-78.1945,0.9457],[-78.1963,0.9448],[-78.1992,0.9539],[-78.1912,0.9606],[-78.1937,0.9678],[-78.1951,0.9848],[-78.2026,0.9919],[-78.2021,0.9965],[-78.2092,1.0048],[-78.2141,1.0051],[-78.2192,1.0093],[-78.2305,1.0129],[-78.238,1.0187],[-78.2367,1.024],[-78.2435,1.0293],[-78.2508,1.0285],[-78.2535,1.0369],[-78.2579,1.0406],[-78.2669,1.0434],[-78.2756,1.0528],[-78.2821,1.0574],[-78.2767,1.0632],[-78.28,1.0685],[-78.2731,1.0753],[-78.2671,1.0774],[-78.2618,1.0825],[-78.2537,1.0779],[-78.2509,1.0877],[-78.2562,1.09],[-78.2511,1.0995],[-78.2589,1.0972],[-78.2654,1.1005],[-78.2679,1.105],[-78.2628,1.1076],[-78.2652,1.1117],[-78.2743,1.1141],[-78.2771,1.1085],[-78.2826,1.1123],[-78.2798,1.1201],[-78.2834,1.1206],[-78.2886,1.1269],[-78.2932,1.1454],[-78.2968,1.1495],[-78.2985,1.1557],[-78.2956,1.1571],[-78.2946,1.1683],[-78.2968,1.1724],[-78.3052,1.1726],[-78.3037,1.1751],[-78.3119,1.1845],[-78.3109,1.1904],[-78.3197,1.1945],[-78.3222,1.1915],[-78.324,1.1958],[-78.327,1.194],[-78.3275,1.1856],[-78.3383,1.1823],[-78.3414,1.1789],[-78.3461,1.1833],[-78.3548,1.1803],[-78.3605,1.1745],[-78.3628,1.1772],[-78.3747,1.1744],[-78.381,1.1701],[-78.3799,1.1667],[-78.3827,1.1592],[-78.3874,1.1592],[-78.3951,1.1524],[-78.4021,1.1525],[-78.4029,1.157],[-78.4075,1.1601],[-78.4183,1.1598],[-78.4251,1.154],[-78.4247,1.1516],[-78.4176,1.1488],[-78.4163,1.139],[-78.426,1.1387],[-78.4306,1.1401],[-78.4337,1.1446],[-78.4342,1.1514],[-78.4384,1.1593],[-78.4352,1.1591],[-78.4324,1.1673],[-78.4335,1.1707],[-78.4271,1.1704],[-78.4257,1.1777],[-78.4289,1.1807],[-78.4321,1.1894],[-78.4379,1.1909],[-78.4396,1.1941],[-78.4456,1.1825],[-78.4505,1.1837],[-78.4553,1.1759],[-78.4634,1.1762],[-78.4639,1.1808],[-78.4684,1.1799],[-78.4704,1.1886],[-78.4786,1.1932],[-78.4906,1.1855],[-78.4947,1.191],[-78.4932,1.1969],[-78.5063,1.1964],[-78.5086,1.1886],[-78.5072,1.1831],[-78.5031,1.1872],[-78.4971,1.1859],[-78.4977,1.1784],[-78.5029,1.1795],[-78.5045,1.1761],[-78.5119,1.1726],[-78.5111,1.1688],[-78.5135,1.159],[-78.5061,1.1587],[-78.506,1.152],[-78.5093,1.1507],[-78.5076,1.1457],[-78.5042,1.1451],[-78.5033,1.1366],[-78.5003,1.1338],[-78.5063,1.1208],[-78.5054,1.1175],[-78.5076,1.1075],[-78.5034,1.1045],[-78.5079,1.096],[-78.5011,1.0915],[-78.5022,1.0856],[-78.4999,1.0758],[-78.5044,1.0721],[-78.5119,1.0713],[-78.519,1.0683],[-78.5249,1.0617],[-78.5242,1.0579],[-78.5303,1.0566],[-78.5398,1.0513],[-78.5441,1.045],[-78.5425,1.0384],[-78.5463,1.0349],[-78.5461,1.0269],[-78.545,1.0233],[-78.5489,1.0212],[-78.5461,1.0171],[-78.547,1.0102],[-78.5444,1.0073],[-78.5413,0.9969],[-78.5379,0.9937],[-78.5399,0.9907],[-78.5364,0.9808],[-78.5368,0.9728],[-78.5394,0.9619],[-78.543,0.9556],[-78.5476,0.952],[-78.5445,0.9438],[-78.5467,0.9414],[-78.5379,0.9337],[-78.5305,0.9298],[-78.5332,0.9258],[-78.5295,0.9201],[-78.5203,0.918],[-78.5158,0.9112],[-78.5111,0.9102],[-78.5092,0.9056],[-78.4992,0.8941],[-78.4877,0.8864],[-78.4793,0.8848],[-78.4619,0.8855],[-78.46,0.8836],[-78.45,0.8859],[-78.4493,0.8912],[-78.4343,0.8939],[-78.4353,0.9004],[-78.4312,0.9063],[-78.4282,0.9145],[-78.4349,0.9197],[-78.424,0.9255],[-78.4148,0.9265],[-78.413,0.9322],[-78.409,0.9311],[-78.4089,0.9354],[-78.4043,0.9415],[-78.3931,0.9481],[-78.385,0.958],[-78.3704,0.9558],[-78.3621,0.9487],[-78.3571,0.9339],[-78.357,0.9269],[-78.3524,0.9157],[-78.3529,0.9105],[-78.3503,0.9013],[-78.3415,0.9029],[-78.3333,0.9025],[-78.3286,0.8985],[-78.3315,0.8881],[-78.3253,0.8911],[-78.3143,0.8884],[-78.3128,0.8865],[-78.2977,0.8813],[-78.2946,0.8735],[-78.2947,0.8679],[-78.285,0.8629],[-78.276,0.8614],[-78.2668,0.8661],[-78.2482,0.865],[-78.2391,0.8526],[-78.233,0.8409],[-78.2264,0.8362],[-78.2175,0.8438],[-78.2076,0.8444],[-78.2018,0.838],[-78.1868,0.8425],[-78.1786,0.8334],[-78.1654,0.8354],[-78.1558,0.8391],[-78.1467,0.847],[-78.1391,0.8504],[-78.1334,0.8592],[-78.1191,0.8604],[-78.1105,0.8512],[-78.1075,0.8431],[-78.109,0.8394],[-78.1049,0.8304],[-78.1,0.8297],[-78.0877,0.8323],[-78.0791,0.8372],[-78.0683,0.8341],[-78.0636,0.8259],[-78.0663,0.8141],[-78.0618,0.8082],[-78.066,0.8037],[-78.0676,0.7954],[-78.0649,0.7889],[-78.0646,0.7797],[-78.0483,0.7682],[-78.0425,0.7626],[-78.0284,0.7566],[-78.0234,0.7491],[-78.0142,0.7436],[-78.0052,0.7471],[-77.9976,0.7443],[-77.9942,0.748],[-77.989,0.7488],[-77.9842,0.7464],[-77.9748,0.753],[-77.9626,0.754],[-77.957,0.7504],[-77.9531,0.7427],[-77.9415,0.7441],[-77.9001,0.7409],[-77.8962,0.7395],[-77.8892,0.7265],[-77.8883,0.718],[-77.8903,0.7127],[-77.8901,0.6887],[-77.8783,0.6772],[-77.8715,0.6777],[-77.8635,0.6877],[-77.854,0.6877],[-77.8512,0.6852],[-77.849,0.6948],[-77.8461,0.6942],[-77.8419,0.7018],[-77.8318,0.7004],[-77.8322,0.7038],[-77.8235,0.7098],[-77.8204,0.7068],[-77.8113,0.7012],[-77.8073,0.6933],[-77.807,0.6862],[-77.7995,0.6802],[-77.7993,0.6773]]]},"properties":{"poblacion":86498,"dpa_descan":"TULCAN","dpa_provin":"04","dpa_despro":"CARCHI","dpa_canton":"0401"}},
{"type":"Feature","geometry":{"type":"Polygon","coordinates":[[[-77.918,0.583],[-77.9266,0.5778],[-77.9446,0.5751],[-77.9536,0.5707],[-77.9634,0.5745],[-77.968,0.5718],[-77.9755,0.5718],[-77.9813,0.5781],[-77.9832,0.5681],[-77.9864,0.5658],[-77.9904,0.5609],[-78.0103,0.5504],[-78.0146,0.5386],[-78.0213,0.5311],[-78.0262,0.525],[-78.0334,0.5261],[-78.0378,0.5228],[-78.0395,0.5175],[-78.0467,0.5151],[-78.052,0.5058],[-78.0516,0.4976],[-78.0599,0.4909],[-78.0662,0.4814],[-78.0736,0.4753],[-78.0628,0.4738],[-78.0539,0.4751],[-78.0475,0.4713],[-78.0323,0.4737],[-78.0242,0.4713],[-78.0156,0.4716],[-78.0147,0.4735],[-78.0028,0.4686],[-77.9964,0.458],[-77.9942,0.4503],[-77.9899,0.4469],[-77.9872,0.4445],[-77.9731,0.4414],[-77.969,0.4361],[-77.9626,0.4333],[-77.9505,0.4336],[-77.9404,0.4264],[-77.9298,0.4139],[-77.9293,0.4075],[-77.9235,0.4012],[-77.9172,0.4012],[-77.9073,0.3986],[-77.8971,0.3903],[-77.8801,0.3857],[-77.8732,0.38],[-77.867,0.3818],[-77.8539,0.3657],[-77.8378,0.3566],[-77.8329,0.3593],[-77.8253,0.3604],[-77.8173,0.3641],[-77.8136,0.3622],[-77.8127,0.3568],[-77.8072,0.3633],[-77.797,0.3683],[-77.7981,0.3782],[-77.7956,0.3814],[-77.7983,0.3866],[-77.8033,0.3992],[-77.8135,0.4038],[-77.8117,0.41],[-77.8073,0.4142],[-77.8046,0.4225],[-77.807,0.4269],[-77.8187,0.4331],[-77.8221,0.4417],[-77.8286,0.4496],[-77.841,0.4553],[-77.8424,0.4592],[-77.8482,0.463],[-77.8501,0.4689],[-77.8546,0.4725],[-77.8605,0.4706],[-77.8615,0.477],[-77.8579,0.4819],[-77.8575,0.4925],[-77.8605,0.4867],[-77.8699,0.4825],[-77.8731,0.4955],[-77.8719,0.5012],[-77.8734,0.5125],[-77.8804,0.5242],[-77.8787,0.5339],[-77.8839,0.5434],[-77.8856,0.5499],[-77.8854,0.5632],[-77.893,0.5678],[-77.8997,0.5747],[-77.9095,0.5796],[-77.9183,0.5885],[-77.918,0.583]]]},"properties":{"poblacion":14347,"dpa_descan":"BOLIVAR","dpa_provin":"04","dpa_despro":"CARCHI","dpa_canton":"0402"}},
{"type":"Feature","geometry":{"type":"Polygon","coordinates":[[[-77.9183,0.5885],[-77.9144,0.6056],[-77.9031,0.6154],[-77.8937,0.62],[-77.889,0.6303],[-77.8931,0.6348],[-77.8855,0.6423],[-77.8818,0.6554],[-77.8807,0.666],[-77.8806,0.6734],[-77.8783,0.6772],[-77.8901,0.6887],[-77.8903,0.7127],[-77.8883,0.718],[-77.8892,0.7265],[-77.8962,0.7395],[-77.9001,0.7409],[-77.9415,0.7441],[-77.9531,0.7427],[-77.957,0.7504],[-77.9626,0.754],[-77.9748,0.753],[-77.9842,0.7464],[-77.989,0.7488],[-77.9942,0.748],[-77.9976,0.7443],[-78.0052,0.7471],[-78.0142,0.7436],[-78.0234,0.7491],[-78.0284,0.7566],[-78.0425,0.7626],[-78.0483,0.7682],[-78.0646,0.7797],[-78.0649,0.7889],[-78.0676,0.7954],[-78.066,0.8037],[-78.0618,0.8082],[-78.0663,0.8141],[-78.0636,0.8259],[-78.0683,0.8341],[-78.0791,0.8372],[-78.0877,0.8323],[-78.1,0.8297],[-78.1049,0.8304],[-78.109,0.8394],[-78.1075,0.8431],[-78.1105,0.8512],[-78.1191,0.8604],[-78.1334,0.8592],[-78.1391,0.8504],[-78.1467,0.847],[-78.1558,0.8391],[-78.1654,0.8354],[-78.1786,0.8334],[-78.1852,0.83],[-78.1957,0.8136],[-78.2003,0.8138],[-78.215,0.8083],[-78.2185,0.8022],[-78.2183,0.7974],[-78.2148,0.7945],[-78.2193,0.7837],[-78.2196,0.774],[-78.2238,0.7732],[-78.2165,0.7665],[-78.2039,0.7498],[-78.1722,0.7089],[-78.1678,0.7081],[-78.1617,0.7034],[-78.1557,0.702],[-78.1505,0.7042],[-78.1396,0.7005],[-78.1364,0.701],[-78.1273,0.6948],[-78.1243,0.6899],[-78.116,0.6858],[-78.1042,0.683],[-78.0977,0.687],[-78.0902,0.6892],[-78.0839,0.6887],[-78.0819,0.6851],[-78.0758,0.6836],[-78.0681,0.6862],[-78.0604,0.6926],[-78.0613,0.6997],[-78.0698,0.7091],[-78.0658,0.7178],[-78.0599,0.7254],[-78.0581,0.7354],[-78.0559,0.7379],[-78.0488,0.7249],[-78.0461,0.715],[-78.0472,0.7094],[-78.0444,0.7049],[-78.0403,0.6897],[-78.0414,0.6825],[-78.0379,0.6764],[-78.0381,0.671],[-78.0447,0.6593],[-78.0484,0.6557],[-78.0524,0.6474],[-78.0509,0.6423],[-78.0544,0.6326],[-78.0487,0.6349],[-78.0442,0.6407],[-78.0365,0.6436],[-78.0241,0.6364],[-78.0145,0.6337],[-78.0119,0.6276],[-78.0058,0.6245],[-78.0067,0.6191],[-78.0175,0.6103],[-78.019,0.6041],[-78.0222,0.6015],[-78.0238,0.5932],[-78.0226,0.5882],[-78.0245,0.5818],[-78.031,0.5718],[-78.0317,0.5565],[-78.0229,0.5584],[-78.0174,0.5656],[-77.9864,0.5658],[-77.9832,0.5681],[-77.9813,0.5781],[-77.9755,0.5718],[-77.968,0.5718],[-77.9634,0.5745],[-77.9536,0.5707],[-77.9446,0.5751],[-77.9266,0.5778],[-77.918,0.583],[-77.9183,0.5885]]]},"properties":{"poblacion":13364,"dpa_descan":"ESPEJO","dpa_provin":"04","dpa_despro":"CARCHI","dpa_canton":"0403"}},
{"type":"Feature","geometry":{"type":"Polygon","coordinates":[[[-77.9864,0.5658],[-78.0174,0.5656],[-78.0229,0.5584],[-78.0317,0.5565],[-78.031,0.5718],[-78.0245,0.5818],[-78.0226,0.5882],[-78.0238,0.5932],[-78.0222,0.6015],[-78.019,0.6041],[-78.0175,0.6103],[-78.0067,0.6191],[-78.0058,0.6245],[-78.0119,0.6276],[-78.0145,0.6337],[-78.0241,0.6364],[-78.0365,0.6436],[-78.0442,0.6407],[-78.0487,0.6349],[-78.0544,0.6326],[-78.0509,0.6423],[-78.0524,0.6474],[-78.0484,0.6557],[-78.0447,0.6593],[-78.0381,0.671],[-78.0379,0.6764],[-78.0414,0.6825],[-78.0403,0.6897],[-78.0444,0.7049],[-78.0472,0.7094],[-78.0461,0.715],[-78.0488,0.7249],[-78.0559,0.7379],[-78.0581,0.7354],[-78.0599,0.7254],[-78.0658,0.7178],[-78.0698,0.7091],[-78.0613,0.6997],[-78.0604,0.6926],[-78.0681,0.6862],[-78.0758,0.6836],[-78.0819,0.6851],[-78.0839,0.6887],[-78.0902,0.6892],[-78.0977,0.687],[-78.1042,0.683],[-78.116,0.6858],[-78.1243,0.6899],[-78.1273,0.6948],[-78.1364,0.701],[-78.1396,0.7005],[-78.1505,0.7042],[-78.1557,0.702],[-78.1617,0.7034],[-78.1678,0.7081],[-78.1722,0.7089],[-78.2039,0.7498],[-78.2165,0.7665],[-78.2238,0.7732],[-78.2196,0.774],[-78.2193,0.7837],[-78.2148,0.7945],[-78.2183,0.7974],[-78.2185,0.8022],[-78.215,0.8083],[-78.2003,0.8138],[-78.1957,0.8136],[-78.1852,0.83],[-78.1786,0.8334],[-78.1868,0.8425],[-78.2018,0.838],[-78.2076,0.8444],[-78.2175,0.8438],[-78.2264,0.8362],[-78.233,0.8409],[-78.2391,0.8526],[-78.2482,0.865],[-78.2668,0.8661],[-78.276,0.8614],[-78.285,0.8629],[-78.2947,0.8679],[-78.2946,0.8735],[-78.2977,0.8813],[-78.3128,0.8865],[-78.3143,0.8884],[-78.3253,0.8911],[-78.3315,0.8881],[-78.3286,0.8985],[-78.3333,0.9025],[-78.3415,0.9029],[-78.3503,0.9013],[-78.3529,0.9105],[-78.3524,0.9157],[-78.357,0.9269],[-78.3571,0.9339],[-78.3621,0.9487],[-78.3704,0.9558],[-78.385,0.958],[-78.3931,0.9481],[-78.4043,0.9415],[-78.4089,0.9354],[-78.409,0.9311],[-78.413,0.9322],[-78.4148,0.9265],[-78.424,0.9255],[-78.4349,0.9197],[-78.4282,0.9145],[-78.4312,0.9063],[-78.4353,0.9004],[-78.4343,0.8939],[-78.4493,0.8912],[-78.45,0.8859],[-78.46,0.8836],[-78.4536,0.8759],[-78.4379,0.874],[-78.4367,0.8698],[-78.4318,0.8686],[-78.4317,0.8647],[-78.4185,0.8528],[-78.4188,0.8485],[-78.4088,0.8447],[-78.411,0.843],[-78.4044,0.8376],[-78.4015,0.8387],[-78.387,0.8253],[-78.3819,0.8292],[-78.3738,0.8255],[-78.3719,0.8274],[-78.3642,0.8255],[-78.3626,0.8205],[-78.3549,0.8182],[-78.3529,0.8153],[-78.3483,0.8182],[-78.3459,0.8164],[-78.3429,0.8233],[-78.3307,0.8219],[-78.3208,0.8156],[-78.3133,0.8043],[-78.311,0.805],[-78.3085,0.7982],[-78.3043,0.7971],[-78.3029,0.7925],[-78.2953,0.7947],[-78.2874,0.7928],[-78.2825,0.7861],[-78.2762,0.7833],[-78.2713,0.7843],[-78.2667,0.7795],[-78.2652,0.7719],[-78.2678,0.7702],[-78.2604,0.7617],[-78.2567,0.7622],[-78.2509,0.7509],[-78.2407,0.7443],[-78.2334,0.7442],[-78.2304,0.7382],[-78.2254,0.7336],[-78.2191,0.7309],[-78.2106,0.7195],[-78.2043,0.718],[-78.2053,0.7125],[-78.2041,0.7034],[-78.201,0.7019],[-78.2001,0.6914],[-78.1976,0.6861],[-78.1909,0.6817],[-78.1875,0.6694],[-78.1829,0.6654],[-78.1736,0.6637],[-78.1668,0.6579],[-78.1631,0.6504],[-78.1601,0.6402],[-78.1543,0.6318],[-78.1521,0.6257],[-78.1447,0.6275],[-78.1404,0.625],[-78.1331,0.615],[-78.1329,0.6105],[-78.1386,0.6035],[-78.137,0.5953],[-78.1418,0.5905],[-78.1394,0.5828],[-78.1282,0.5756],[-78.1253,0.5708],[-78.1257,0.56],[-78.13,0.5529],[-78.1298,0.5423],[-78.1278,0.5393],[-78.1293,0.5302],[-78.1274,0.5266],[-78.1198,0.5214],[-78.112,0.5208],[-78.1112,0.5105],[-78.1054,0.5014],[-78.1053,0.4999],[-78.1045,0.4956],[-78.0964,0.4848],[-78.0866,0.4789],[-78.0764,0.4777],[-78.0736,0.4753],[-78.0662,0.4814],[-78.0599,0.4909],[-78.0516,0.4976],[-78.052,0.5058],[-78.0467,0.5151],[-78.0395,0.5175],[-78.0378,0.5228],[-78.0334,0.5261],[-78.0262,0.525],[-78.0213,0.5311],[-78.0146,0.5386],[-78.0103,0.5504],[-77.9904,0.5609],[-77.9864,0.5658]]]},"properties":{"poblacion":12180,"dpa_descan":"MIRA","dpa_provin":"04","dpa_despro":"CARCHI","dpa_canton":"0404"}},
{"type":"Feature","geometry":{"type":"Polygon","coordinates":[[[-77.8783,0.6772],[-77.8806,0.6734],[-77.8807,0.666],[-77.8818,0.6554],[-77.8855,0.6423],[-77.8931,0.6348],[-77.889,0.6303],[-77.8937,0.62],[-77.9031,0.6154],[-77.9144,0.6056],[-77.9183,0.5885],[-77.9095,0.5796],[-77.8997,0.5747],[-77.893,0.5678],[-77.8854,0.5632],[-77.8856,0.5499],[-77.8839,0.5434],[-77.8787,0.5339],[-77.8804,0.5242],[-77.8734,0.5125],[-77.8719,0.5012],[-77.8731,0.4955],[-77.8699,0.4825],[-77.8605,0.4867],[-77.8575,0.4925],[-77.8579,0.4819],[-77.8615,0.477],[-77.8605,0.4706],[-77.8546,0.4725],[-77.8501,0.4689],[-77.8482,0.463],[-77.8424,0.4592],[-77.841,0.4553],[-77.8286,0.4496],[-77.8221,0.4417],[-77.8187,0.4331],[-77.807,0.4269],[-77.7945,0.4347],[-77.7947,0.4411],[-77.7924,0.4457],[-77.7871,0.4475],[-77.7815,0.454],[-77.7823,0.4582],[-77.7718,0.4649],[-77.7742,0.467],[-77.7711,0.4735],[-77.7604,0.4803],[-77.7538,0.4918],[-77.7559,0.4953],[-77.7508,0.5061],[-77.741,0.5131],[-77.7358,0.5214],[-77.7295,0.5265],[-77.7279,0.5341],[-77.7198,0.5327],[-77.7163,0.5365],[-77.7101,0.5479],[-77.7,0.5529],[-77.6893,0.5556],[-77.6835,0.5604],[-77.6792,0.5611],[-77.6735,0.5711],[-77.6723,0.5781],[-77.6684,0.5832],[-77.6635,0.5945],[-77.6729,0.5896],[-77.6882,0.5763],[-77.6915,0.5714],[-77.7021,0.5665],[-77.7143,0.5695],[-77.726,0.5675],[-77.7312,0.5696],[-77.7312,0.5733],[-77.7366,0.5816],[-77.7455,0.5881],[-77.7455,0.5914],[-77.7371,0.594],[-77.74,0.6045],[-77.7462,0.6072],[-77.757,0.6045],[-77.7652,0.5985],[-77.766,0.604],[-77.7679,0.6043],[-77.7703,0.6106],[-77.7749,0.6184],[-77.7819,0.6202],[-77.7925,0.6303],[-77.7915,0.6396],[-77.788,0.6469],[-77.794,0.6507],[-77.7959,0.6574],[-77.8004,0.662],[-77.8012,0.6677],[-77.7993,0.6773],[-77.7995,0.6802],[-77.807,0.6862],[-77.8073,0.6933],[-77.8113,0.7012],[-77.8204,0.7068],[-77.8235,0.7098],[-77.8322,0.7038],[-77.8318,0.7004],[-77.8419,0.7018],[-77.8461,0.6942],[-77.849,0.6948],[-77.8512,0.6852],[-77.854,0.6877],[-77.8635,0.6877],[-77.8715,0.6777],[-77.8783,0.6772]]]},"properties":{"poblacion":30511,"dpa_descan":"MONTUFAR","dpa_provin":"04","dpa_despro":"CARCHI","dpa_canton":"0405"}},
{"type":"Feature","geometry":{"type":"Polygon","coordinates":[[[-77.547,-0.4526],[-77.543,-0.4597],[-77.5368,-0.4613],[-77.5348,-0.4674],[-77.5284,-0.4761],[-77.5181,-0.4773],[-77.5157,-0.4825],[-77.5075,-0.4883],[-77.4938,-0.4918],[-77.4872,-0.4971],[-77.4809,-0.4966],[-77.472,-0.5025],[-77.4615,-0.5056],[-77.4613,-0.5079],[-77.4483,-0.5141],[-77.4403,-0.5122],[-77.4318,-0.5212],[-77.4214,-0.5139],[-77.4177,-0.5045],[-77.4132,-0.5033],[-77.4005,-0.4962],[-77.3906,-0.4943],[-77.3905,-0.4907],[-77.3856,-0.483],[-77.3839,-0.4719],[-77.3849,-0.4687],[-77.382,-0.4622],[-77.3757,-0.4615],[-77.37,-0.456],[-77.3704,-0.4448],[-77.3626,-0.4423],[-77.3679,-0.4347],[-77.3655,-0.4292],[-77.3579,-0.426],[-77.3573,-0.4217],[-77.3518,-0.419],[-77.3442,-0.42],[-77.3294,-0.4251],[-77.3251,-0.422],[-77.3288,-0.421],[-77.3262,-0.4089],[-77.3227,-0.405],[-77.3279,-0.3983],[-77.3255,-0.3928],[-77.3266,-0.3787],[-77.3344,-0.3692],[-77.3232,-0.3699],[-77.3177,-0.3575],[-77.3105,-0.3509],[-77.3073,-0.3535],[-77.3015,-0.346],[-77.2931,-0.3391],[-77.2876,-0.3434],[-77.2823,-0.3404],[-77.2773,-0.3407],[-77.2749,-0.3377],[-77.2768,-0.3309],[-77.2677,-0.3233],[-77.2697,-0.3145],[-77.2673,-0.3097],[-77.2638,-0.3111],[-77.257,-0.3061],[-77.2577,-0.2946],[-77.2622,-0.2859],[-77.2594,-0.2811],[-77.2603,-0.2771],[-77.2578,-0.2703],[-77.2637,-0.2678],[-77.2666,-0.2626],[-77.2738,-0.2621],[-77.2753,-0.259],[-77.2716,-0.2534],[-77.2654,-0.2552],[-77.266,-0.2455],[-77.2614,-0.2378],[-77.2687,-0.2393],[-77.2776,-0.2186],[-77.2762,-0.2154],[-77.2809,-0.2127],[-77.28,-0.2092],[-77.2936,-0.203],[-77.2991,-0.2022],[-77.2971,-0.1884],[-77.2999,-0.183],[-77.2961,-0.1788],[-77.2957,-0.1706],[-77.2971,-0.1586],[-77.2932,-0.1576],[-77.2974,-0.1509],[-77.2937,-0.1402],[-77.2782,-0.1363],[-77.2801,-0.1305],[-77.2858,-0.1235],[-77.286,-0.1029],[-77.2931,-0.0925],[-77.2944,-0.0796],[-77.3017,-0.0712],[-77.2971,-0.0655],[-77.2992,-0.0601],[-77.3055,-0.0599],[-77.3051,-0.0652],[-77.3077,-0.0722],[-77.3203,-0.0865],[-77.337,-0.1034],[-77.3394,-0.1098],[-77.339,-0.1184],[-77.3438,-0.1268],[-77.3573,-0.1389],[-77.364,-0.1415],[-77.3725,-0.1472],[-77.3777,-0.1526],[-77.3861,-0.1492],[-77.3896,-0.1415],[-77.3937,-0.1375],[-77.4138,-0.1357],[-77.4269,-0.1313],[-77.4397,-0.1297],[-77.447,-0.1367],[-77.4532,-0.1372],[-77.4543,-0.1289],[-77.4516,-0.1227],[-77.4547,-0.1153],[-77.4499,-0.1118],[-77.4475,-0.102],[-77.4444,-0.0974],[-77.4501,-0.0938],[-77.4506,-0.0875],[-77.457,-0.0845],[-77.4496,-0.0775],[-77.4495,-0.0711],[-77.4425,-0.0683],[-77.4383,-0.0628],[-77.4411,-0.0592],[-77.4463,-0.0617],[-77.4504,-0.06],[-77.451,-0.0528],[-77.4557,-0.0496],[-77.4538,-0.0433],[-77.453,-0.0385],[-77.4563,-0.0311],[-77.4562,-0.0245],[-77.4612,-0.0192],[-77.4714,-0.0192],[-77.4738,-0.0236],[-77.4842,-0.0259],[-77.486,-0.0278],[-77.4872,-0.0403],[-77.5031,-0.0401],[-77.5077,-0.0422],[-77.5053,-0.0467],[-77.5053,-0.0571],[-77.5104,-0.0629],[-77.5256,-0.0606],[-77.5272,-0.0558],[-77.5342,-0.0547],[-77.5395,-0.0598],[-77.5387,-0.0647],[-77.5449,-0.066],[-77.5502,-0.0703],[-77.5526,-0.0761],[-77.5601,-0.0797],[-77.5598,-0.0849],[-77.5644,-0.0889],[-77.5682,-0.0885],[-77.5709,-0.0956],[-77.5812,-0.1021],[-77.5833,-0.1083],[-77.5912,-0.1092],[-77.5899,-0.1043],[-77.5947,-0.1011],[-77.5966,-0.0959],[-77.6012,-0.0935],[-77.6038,-0.0881],[-77.6142,-0.0814],[-77.6197,-0.0813],[-77.6259,-0.0771],[-77.629,-0.078],[-77.6392,-0.0756],[-77.6517,-0.0795],[-77.6622,-0.081],[-77.6751,-0.0771],[-77.683,-0.0813],[-77.6946,-0.0779],[-77.701,-0.0796],[-77.7088,-0.0756],[-77.7095,-0.0666],[-77.7174,-0.0577],[-77.729,-0.0543],[-77.7374,-0.0569],[-77.7374,-0.0634],[-77.7333,-0.072],[-77.7414,-0.0781],[-77.7527,-0.0821],[-77.7628,-0.0816],[-77.768,-0.085],[-77.7732,-0.083],[-77.7823,-0.083],[-77.78,-0.0715],[-77.7852,-0.0527],[-77.7833,-0.0473],[-77.7856,-0.0387],[-77.7865,-0.0271],[-77.7913,-0.0234],[-77.7949,-0.0162],[-77.794,-0.0132],[-77.7867,-0.0065],[-77.7882,0.0022],[-77.7795,0.0108],[-77.7856,0.02],[-77.7937,0.0215],[-77.7987,0.0267],[-77.8018,0.0235],[-77.812,0.0241],[-77.8138,0.03],[-77.8184,0.033],[-77.8253,0.0338],[-77.832,0.0297],[-77.8396,0.0274],[-77.8444,0.0215],[-77.8402,0.0171],[-77.8432,0.0156],[-77.8449,0.0038],[-77.8529,-0.004],[-77.8683,-0.0071],[-77.8734,-0.0128],[-77.8837,-0.0156],[-77.8903,-0.0205],[-77.9003,-0.0227],[-77.9101,-0.0279],[-77.92,-0.0289],[-77.9283,-0.0352],[-77.936,-0.0432],[-77.9373,-0.0478],[-77.9437,-0.0528],[-77.9389,-0.0576],[-77.9354,-0.0673],[-77.9354,-0.0721],[-77.9397,-0.0814],[-77.9332,-0.0859],[-77.9315,-0.0905],[-77.9327,-0.1003],[-77.9406,-0.0981],[-77.9431,-0.0955],[-77.9546,-0.0943],[-77.9581,-0.0987],[-77.9635,-0.1104],[-77.9679,-0.1137],[-77.9697,-0.1227],[-77.9863,-0.1166],[-77.9911,-0.1105],[-77.9954,-0.1106],[-78.0041,-0.1246],[-78.009,-0.1317],[-78.0136,-0.1331],[-78.0189,-0.1403],[-78.0288,-0.1385],[-78.0331,-0.1404],[-78.0422,-0.1381],[-78.0509,-0.1417],[-78.0594,-0.1494],[-78.0566,-0.152],[-78.0548,-0.1635],[-78.0612,-0.1685],[-78.0623,-0.1751],[-78.0701,-0.1764],[-78.073,-0.185],[-78.0793,-0.1829],[-78.0844,-0.1897],[-78.091,-0.1855],[-78.0957,-0.1856],[-78.1023,-0.1954],[-78.1052,-0.1904],[-78.1077,-0.1794],[-78.1152,-0.1787],[-78.1237,-0.1811],[-78.1305,-0.1758],[-78.1322,-0.1674],[-78.1401,-0.1671],[-78.1444,-0.1712],[-78.1551,-0.173],[-78.1591,-0.1835],[-78.1668,-0.1867],[-78.1793,-0.1859],[-78.1817,-0.1902],[-78.1902,-0.1976],[-78.1917,-0.2045],[-78.1852,-0.2137],[-78.1894,-0.2263],[-78.1858,-0.2333],[-78.19,-0.2392],[-78.188,-0.2525],[-78.1907,-0.2562],[-78.186,-0.2625],[-78.1764,-0.2581],[-78.1595,-0.2551],[-78.1511,-0.2572],[-78.141,-0.2575],[-78.1351,-0.2556],[-78.1205,-0.2552],[-78.1132,-0.2528],[-78.0964,-0.2408],[-78.0893,-0.2443],[-78.0865,-0.2563],[-78.0844,-0.2586],[-78.0829,-0.2696],[-78.078,-0.2811],[-78.0706,-0.2771],[-78.0598,-0.2847],[-78.0569,-0.2917],[-78.0453,-0.3033],[-78.0426,-0.3076],[-78.0337,-0.3108],[-78.0345,-0.3175],[-78.0319,-0.3218],[-78.0269,-0.338],[-78.011,-0.3364],[-78.0024,-0.3412],[-78.0017,-0.3465],[-77.9971,-0.3563],[-77.9909,-0.3632],[-77.9848,-0.3633],[-77.9856,-0.3664],[-77.9805,-0.3742],[-77.9812,-0.378],[-77.9734,-0.3837],[-77.9645,-0.3839],[-77.9559,-0.3842],[-77.9507,-0.3884],[-77.936,-0.3861],[-77.9367,-0.3934],[-77.9297,-0.411],[-77.9199,-0.415],[-77.9165,-0.4096],[-77.9081,-0.4022],[-77.8989,-0.4003],[-77.8951,-0.4014],[-77.8837,-0.3994],[-77.8769,-0.3921],[-77.8681,-0.3921],[-77.8645,-0.3879],[-77.8508,-0.3944],[-77.84,-0.3965],[-77.8371,-0.4021],[-77.8285,-0.4068],[-77.8248,-0.4052],[-77.8263,-0.4081],[-77.8209,-0.4166],[-77.8125,-0.4214],[-77.805,-0.4176],[-77.7877,-0.4211],[-77.783,-0.4259],[-77.7732,-0.4413],[-77.7676,-0.4402],[-77.7542,-0.4336],[-77.746,-0.4366],[-77.7336,-0.436],[-77.7246,-0.4326],[-77.7146,-0.4315],[-77.7051,-0.432],[-77.7005,-0.4353],[-77.694,-0.4322],[-77.6848,-0.4352],[-77.6739,-0.437],[-77.6691,-0.4345],[-77.6599,-0.4346],[-77.6557,-0.446],[-77.6517,-0.4525],[-77.6408,-0.4509],[-77.6279,-0.4513],[-77.6185,-0.4616],[-77.6075,-0.4614],[-77.5871,-0.4661],[-77.5774,-0.4603],[-77.5711,-0.4626],[-77.5705,-0.4598],[-77.5598,-0.4544],[-77.547,-0.4526]]]},"properties":{"poblacion":7960,"dpa_descan":"EL CHACO","dpa_provin":"15","dpa_despro":"NAPO","dpa_canton":"1504"}},
{"type":"Feature","geometry":{"type":"Polygon","coordinates":[[[-77.7637,0.677],[-77.7592,0.6666],[-77.7484,0.6626],[-77.7505,0.6585],[-77.7461,0.6378],[-77.7475,0.6293],[-77.7614,0.6096],[-77.7678,0.6066],[-77.766,0.604],[-77.7652,0.5985],[-77.757,0.6045],[-77.7462,0.6072],[-77.74,0.6045],[-77.7371,0.594],[-77.7455,0.5914],[-77.7455,0.5881],[-77.7366,0.5816],[-77.7312,0.5733],[-77.7312,0.5696],[-77.726,0.5675],[-77.7143,0.5695],[-77.7021,0.5665],[-77.6915,0.5714],[-77.6882,0.5763],[-77.6729,0.5896],[-77.6635,0.5945],[-77.6565,0.6037],[-77.6763,0.6154],[-77.6857,0.616],[-77.6897,0.6211],[-77.6876,0.6282],[-77.6863,0.6407],[-77.6807,0.6435],[-77.6858,0.6459],[-77.6976,0.648],[-77.7015,0.647],[-77.7091,0.652],[-77.7118,0.6495],[-77.7313,0.6494],[-77.7371,0.6575],[-77.7352,0.6631],[-77.7424,0.6682],[-77.747,0.6655],[-77.7539,0.6727],[-77.7637,0.677]]]},"properties":{"poblacion":7624,"dpa_descan":"SAN PEDRO DE HUACA","dpa_provin":"04","dpa_despro":"CARCHI","dpa_canton":"0406"}},
{"type":"Feature","geometry":{"type":"Polygon","coordinates":[[[-78.425,-0.8828],[-78.4196,-0.8779],[-78.4124,-0.8755],[-78.4024,-0.8699],[-78.3948,-0.8686],[-78.3829,-0.8602],[-78.3988,-0.8421],[-78.3957,-0.8386],[-78.3832,-0.8379],[-78.383,-0.8329],[-78.3892,-0.8257],[-78.386,-0.8194],[-78.3809,-0.8166],[-78.3886,-0.81],[-78.3886,-0.804],[-78.3929,-0.7992],[-78.395,-0.7853],[-78.3889,-0.7795],[-78.3939,-0.7784],[-78.3975,-0.7726],[-78.3975,-0.7656],[-78.3918,-0.7584],[-78.3914,-0.7489],[-78.4017,-0.731],[-78.4132,-0.7225],[-78.4195,-0.7206],[-78.4219,-0.7169],[-78.4291,-0.7013],[-78.4352,-0.6842],[-78.4501,-0.6698],[-78.4532,-0.6685],[-78.4643,-0.6582],[-78.4714,-0.6577],[-78.4841,-0.6535],[-78.4873,-0.6492],[-78.4949,-0.6443],[-78.4994,-0.6393],[-78.4963,-0.6322],[-78.4976,-0.6284],[-78.511,-0.6081],[-78.5206,-0.6036],[-78.527,-0.6023],[-78.5359,-0.6043],[-78.544,-0.6017],[-78.5556,-0.6047],[-78.5639,-0.6088],[-78.5709,-0.6081],[-78.5801,-0.615],[-78.5876,-0.6093],[-78.6005,-0.6069],[-78.6102,-0.5999],[-78.6111,-0.5972],[-78.6177,-0.6018],[-78.6181,-0.606],[-78.6227,-0.6091],[-78.6379,-0.6185],[-78.643,-0.6265],[-78.6404,-0.6327],[-78.644,-0.6376],[-78.6525,-0.6388],[-78.6567,-0.6419],[-78.6593,-0.6482],[-78.6697,-0.6561],[-78.6906,-0.6614],[-78.6979,-0.6581],[-78.7158,-0.6629],[-78.7205,-0.6492],[-78.7383,-0.642],[-78.7463,-0.6447],[-78.7508,-0.6411],[-78.7594,-0.6395],[-78.7676,-0.6355],[-78.774,-0.6419],[-78.7783,-0.6535],[-78.7826,-0.6566],[-78.7883,-0.6683],[-78.8044,-0.6759],[-78.8055,-0.6786],[-78.8133,-0.6808],[-78.8182,-0.6795],[-78.8227,-0.6906],[-78.8189,-0.6961],[-78.8224,-0.703],[-78.8295,-0.7025],[-78.8327,-0.7136],[-78.8301,-0.7171],[-78.8341,-0.7341],[-78.8356,-0.7363],[-78.829,-0.7462],[-78.8329,-0.758],[-78.8309,-0.7626],[-78.8252,-0.7657],[-78.8225,-0.7708],[-78.8141,-0.7762],[-78.811,-0.7786],[-78.8028,-0.7753],[-78.7959,-0.7805],[-78.7901,-0.7727],[-78.7781,-0.7809],[-78.7756,-0.7774],[-78.775,-0.7646],[-78.7705,-0.7566],[-78.7563,-0.7542],[-78.7257,-0.7523],[-78.7207,-0.7479],[-78.7113,-0.748],[-78.6998,-0.7536],[-78.6939,-0.7606],[-78.6898,-0.7698],[-78.6911,-0.7769],[-78.6816,-0.7904],[-78.6765,-0.7971],[-78.6747,-0.8032],[-78.6702,-0.81],[-78.6614,-0.8124],[-78.6587,-0.815],[-78.6641,-0.8215],[-78.6645,-0.8272],[-78.6609,-0.834],[-78.6536,-0.8383],[-78.6406,-0.8436],[-78.6435,-0.8534],[-78.6402,-0.8558],[-78.6355,-0.8684],[-78.6353,-0.8729],[-78.6403,-0.8673],[-78.6518,-0.8566],[-78.6569,-0.8614],[-78.6626,-0.8526],[-78.6689,-0.8541],[-78.6842,-0.8543],[-78.6929,-0.8627],[-78.6964,-0.861],[-78.7023,-0.8663],[-78.7143,-0.8592],[-78.7215,-0.8598],[-78.7274,-0.8688],[-78.732,-0.8683],[-78.7372,-0.8815],[-78.7442,-0.8814],[-78.7509,-0.8874],[-78.756,-0.8786],[-78.7653,-0.874],[-78.7729,-0.8752],[-78.7763,-0.8794],[-78.7757,-0.8854],[-78.7815,-0.8982],[-78.7864,-0.9034],[-78.7848,-0.9106],[-78.7869,-0.9208],[-78.7953,-0.9244],[-78.7777,-0.9242],[-78.7774,-0.9192],[-78.7547,-0.9073],[-78.7472,-0.9092],[-78.7398,-0.9027],[-78.7263,-0.8987],[-78.7137,-0.8923],[-78.7091,-0.8937],[-78.7,-0.8918],[-78.6986,-0.8895],[-78.689,-0.8948],[-78.678,-0.9039],[-78.6772,-0.9243],[-78.6806,-0.9246],[-78.6785,-0.9352],[-78.6669,-0.9358],[-78.6667,-0.9438],[-78.659,-0.9572],[-78.6598,-0.9632],[-78.6582,-0.9709],[-78.6526,-0.9793],[-78.6454,-0.9776],[-78.6322,-0.9884],[-78.622,-0.9926],[-78.6128,-1.0052],[-78.6065,-1.0084],[-78.5976,-1.0073],[-78.5864,-1.0056],[-78.5838,-1.0111],[-78.5777,-1.0097],[-78.5733,-1.0128],[-78.5703,-1.0077],[-78.5649,-1.0039],[-78.5626,-0.9972],[-78.5555,-0.9984],[-78.5476,-0.9907],[-78.5397,-0.9871],[-78.531,-0.9862],[-78.5271,-0.988],[-78.5222,-0.9821],[-78.5063,-0.9774],[-78.4969,-0.9773],[-78.4918,-0.9726],[-78.4759,-0.969],[-78.4757,-0.9595],[-78.4015,-0.9594],[-78.4107,-0.9442],[-78.4102,-0.9353],[-78.414,-0.9269],[-78.4115,-0.9237],[-78.417,-0.9094],[-78.4271,-0.8897],[-78.425,-0.8828]]]},"properties":{"poblacion":170489,"dpa_descan":"LATACUNGA","dpa_provin":"05","dpa_despro":"COTOPAXI","dpa_canton":"0501"}},
{"type":"Feature","geometry":{"type":"Polygon","coordinates":[[[-79.1804,-0.9257],[-79.1775,-0.9219],[-79.1668,-0.9135],[-79.1636,-0.9085],[-79.165,-0.9041],[-79.1628,-0.8854],[-79.1629,-0.8767],[-79.1558,-0.8663],[-79.1538,-0.8598],[-79.1371,-0.8608],[-79.1268,-0.8598],[-79.1173,-0.8622],[-79.1099,-0.8615],[-79.1041,-0.855],[-79.1021,-0.8448],[-79.0954,-0.8347],[-79.0884,-0.8332],[-79.0882,-0.8268],[-79.0837,-0.823],[-79.0776,-0.8132],[-79.0715,-0.8071],[-79.0647,-0.809],[-79.062,-0.8072],[-79.0516,-0.8117],[-79.0456,-0.8187],[-79.0293,-0.8216],[-79.0203,-0.8192],[-79.0223,-0.8127],[-79.022,-0.8045],[-79.0181,-0.7969],[-79.0211,-0.7866],[-79.0217,-0.7612],[-79.0224,-0.7576],[-79.0083,-0.7594],[-79.0012,-0.7516],[-78.9934,-0.7461],[-78.9937,-0.7411],[-79.0027,-0.7413],[-79.0125,-0.7319],[-79.0108,-0.7279],[-79.0131,-0.7194],[-79.0169,-0.7181],[-79.0138,-0.7007],[-79.0171,-0.6911],[-79.0147,-0.678],[-79.0162,-0.6698],[-79.0124,-0.6518],[-79.0159,-0.6422],[-79.0202,-0.6371],[-79.015,-0.6311],[-79.0162,-0.6271],[-79.0253,-0.6207],[-79.0252,-0.6142],[-79.0325,-0.6059],[-79.0352,-0.5989],[-79.0407,-0.596],[-79.0434,-0.5886],[-79.0679,-0.5799],[-79.0728,-0.5763],[-79.0721,-0.5712],[-79.0789,-0.5653],[-79.0833,-0.5667],[-79.091,-0.5798],[-79.0913,-0.5874],[-79.0949,-0.593],[-79.0971,-0.6036],[-79.112,-0.6242],[-79.1177,-0.6296],[-79.1206,-0.6381],[-79.1286,-0.649],[-79.1404,-0.7105],[-79.1432,-0.715],[-79.1512,-0.7205],[-79.1578,-0.7345],[-79.1602,-0.7429],[-79.1719,-0.7506],[-79.1736,-0.7582],[-79.1868,-0.7639],[-79.1875,-0.7661],[-79.1829,-0.7762],[-79.183,-0.7841],[-79.1867,-0.7991],[-79.1953,-0.8063],[-79.2053,-0.8053],[-79.2087,-0.8082],[-79.2185,-0.8094],[-79.2228,-0.8164],[-79.2229,-0.8224],[-79.2263,-0.8297],[-79.2261,-0.8361],[-79.2342,-0.8335],[-79.2392,-0.8506],[-79.2412,-0.8747],[-79.2435,-0.8786],[-79.249,-0.8784],[-79.2494,-0.8813],[-79.2649,-0.8805],[-79.2717,-0.8851],[-79.2795,-0.8869],[-79.2874,-0.8917],[-79.2872,-0.9118],[-79.2958,-0.9172],[-79.2991,-0.9286],[-79.3061,-0.9303],[-79.3068,-0.9489],[-79.3098,-0.9491],[-79.315,-0.9579],[-79.3179,-0.9815],[-79.3194,-0.9835],[-79.3203,-0.9979],[-79.3066,-0.9927],[-79.3007,-0.9922],[-79.2992,-0.9884],[-79.2916,-0.9885],[-79.2918,-1.0045],[-79.2784,-1.0026],[-79.272,-0.9983],[-79.2618,-0.9938],[-79.2576,-0.9963],[-79.2445,-0.9954],[-79.2249,-0.9927],[-79.2153,-0.9856],[-79.2053,-0.9853],[-79.1971,-0.9821],[-79.1744,-0.9852],[-79.154,-0.9954],[-79.1493,-0.9954],[-79.1461,-0.99],[-79.1393,-0.9859],[-79.1273,-0.9886],[-79.1227,-0.9765],[-79.1239,-0.9702],[-79.1291,-0.9648],[-79.137,-0.9656],[-79.1371,-0.9595],[-79.1454,-0.957],[-79.1445,-0.952],[-79.1486,-0.9479],[-79.1642,-0.9576],[-79.1761,-0.9495],[-79.1787,-0.9453],[-79.1862,-0.9445],[-79.1892,-0.9474],[-79.1974,-0.9433],[-79.2134,-0.9422],[-79.1951,-0.9381],[-79.1804,-0.9257]]]},"properties":{"poblacion":42216,"dpa_descan":"LA MANA","dpa_provin":"05","dpa_despro":"COTOPAXI","dpa_canton":"0502"}},
{"type":"Feature","geometry":{"type":"Polygon","coordinates":[[[-79.0586,-1.1859],[-79.0479,-1.1885],[-79.0454,-1.1968],[-79.0348,-1.1973],[-79.0301,-1.2045],[-79.0133,-1.2135],[-79.0041,-1.2157],[-78.9891,-1.2174],[-78.9853,-1.2198],[-78.9832,-1.2156],[-78.9798,-1.2166],[-78.9738,-1.2117],[-78.9625,-1.2113],[-78.9587,-1.2161],[-78.9523,-1.2114],[-78.9467,-1.2107],[-78.9481,-1.2054],[-78.9436,-1.2022],[-78.9421,-1.1977],[-78.9367,-1.1944],[-78.9346,-1.1882],[-78.9353,-1.1829],[-78.9481,-1.1723],[-78.95,-1.1687],[-78.9577,-1.1679],[-78.9653,-1.164],[-78.9679,-1.1582],[-78.9684,-1.1493],[-78.9642,-1.1405],[-78.9698,-1.1316],[-78.9696,-1.1276],[-78.9769,-1.1296],[-78.9805,-1.1274],[-78.9879,-1.1294],[-79.0001,-1.1297],[-79.0079,-1.1326],[-79.012,-1.1291],[-79.0242,-1.1299],[-79.0263,-1.1275],[-79.0238,-1.1208],[-79.0171,-1.1206],[-79.0159,-1.1144],[-79.0098,-1.1082],[-79.0042,-1.1054],[-79.0001,-1.0918],[-78.992,-1.0869],[-78.9865,-1.0802],[-78.9825,-1.0705],[-78.9678,-1.0607],[-78.962,-1.0599],[-78.9657,-1.0504],[-78.9684,-1.0483],[-78.9751,-1.05],[-78.9814,-1.0539],[-78.9926,-1.056],[-78.9977,-1.0597],[-79.0053,-1.0597],[-79.0121,-1.0637],[-79.0234,-1.0642],[-79.0334,-1.0691],[-79.0449,-1.0543],[-79.0537,-1.0483],[-79.0493,-1.0357],[-79.0497,-1.0254],[-79.0468,-1.0191],[-79.0519,-1.0151],[-79.0521,-1.0111],[-79.0665,-1.0105],[-79.0668,-1.0154],[-79.0705,-1.0175],[-79.0835,-1.0148],[-79.0841,-1.0109],[-79.098,-1.006],[-79.1067,-1.0025],[-79.1148,-1.0119],[-79.1186,-1.0132],[-79.1225,-1.0101],[-79.1369,-1.0071],[-79.1448,-1.0035],[-79.154,-0.9954],[-79.1744,-0.9852],[-79.1971,-0.9821],[-79.2053,-0.9853],[-79.2153,-0.9856],[-79.2249,-0.9927],[-79.2445,-0.9954],[-79.2576,-0.9963],[-79.2618,-0.9938],[-79.272,-0.9983],[-79.2784,-1.0026],[-79.2918,-1.0045],[-79.2948,-1.0106],[-79.3023,-1.0159],[-79.3066,-1.0237],[-79.3079,-1.0324],[-79.3119,-1.0347],[-79.3117,-1.0456],[-79.3083,-1.0545],[-79.31,-1.0643],[-79.3149,-1.0676],[-79.3143,-1.0774],[-79.3203,-1.0797],[-79.3215,-1.0972],[-79.325,-1.1013],[-79.3277,-1.1155],[-79.3332,-1.1143],[-79.3314,-1.1203],[-79.3392,-1.1232],[-79.3358,-1.1264],[-79.3384,-1.1295],[-79.3362,-1.1385],[-79.3323,-1.1399],[-79.3335,-1.1494],[-79.3256,-1.162],[-79.3011,-1.1758],[-79.2953,-1.1864],[-79.2899,-1.2053],[-79.2802,-1.2063],[-79.2736,-1.2048],[-79.2672,-1.2093],[-79.2601,-1.2075],[-79.2532,-1.2009],[-79.2483,-1.2008],[-79.2383,-1.195],[-79.232,-1.187],[-79.2269,-1.1843],[-79.2205,-1.1746],[-79.2109,-1.1742],[-79.2081,-1.1712],[-79.1918,-1.1687],[-79.1793,-1.1687],[-79.1743,-1.1623],[-79.1664,-1.1602],[-79.1563,-1.162],[-79.1537,-1.1604],[-79.1446,-1.1552],[-79.1325,-1.1624],[-79.1233,-1.1529],[-79.1153,-1.1554],[-79.1101,-1.1539],[-79.1066,-1.1498],[-79.0995,-1.1509],[-79.0945,-1.1549],[-79.0885,-1.1557],[-79.0824,-1.1616],[-79.079,-1.1688],[-79.0748,-1.1707],[-79.0656,-1.1808],[-79.0604,-1.1815],[-79.0586,-1.1859]]]},"properties":{"poblacion":21965,"dpa_descan":"PANGUA","dpa_provin":"05","dpa_despro":"COTOPAXI","dpa_canton":"0503"}},
{"type":"Feature","geometry":{"type":"Polygon","coordinates":[[[-78.6669,-0.9358],[-78.6785,-0.9352],[-78.6806,-0.9246],[-78.6772,-0.9243],[-78.678,-0.9039],[-78.689,-0.8948],[-78.6986,-0.8895],[-78.7,-0.8918],[-78.7091,-0.8937],[-78.7137,-0.8923],[-78.7263,-0.8987],[-78.7398,-0.9027],[-78.7472,-0.9092],[-78.7547,-0.9073],[-78.7774,-0.9192],[-78.7777,-0.9242],[-78.7953,-0.9244],[-78.8042,-0.92],[-78.8085,-0.9197],[-78.8094,-0.9073],[-78.8138,-0.9015],[-78.8162,-0.8925],[-78.813,-0.8876],[-78.8135,-0.882],[-78.8083,-0.8776],[-78.8054,-0.8721],[-78.8103,-0.8632],[-78.8079,-0.8579],[-78.8076,-0.8492],[-78.8047,-0.8387],[-78.8039,-0.8302],[-78.8078,-0.8254],[-78.8088,-0.8179],[-78.8235,-0.8189],[-78.8347,-0.8225],[-78.8438,-0.8343],[-78.8493,-0.8359],[-78.8556,-0.8423],[-78.8717,-0.832],[-78.8819,-0.8399],[-78.8896,-0.8473],[-78.8945,-0.8491],[-78.9042,-0.8593],[-78.9216,-0.8721],[-78.9377,-0.8729],[-78.9479,-0.8647],[-78.9549,-0.865],[-78.9747,-0.8786],[-78.9934,-0.8876],[-79.0081,-0.8862],[-79.0195,-0.8914],[-79.025,-0.8958],[-79.0347,-0.8884],[-79.0366,-0.8908],[-79.0504,-0.893],[-79.0574,-0.8899],[-79.0583,-0.8828],[-79.0637,-0.8826],[-79.0668,-0.8871],[-79.0735,-0.888],[-79.0812,-0.8823],[-79.0838,-0.877],[-79.0877,-0.8759],[-79.0931,-0.8702],[-79.1,-0.8706],[-79.1144,-0.8668],[-79.1173,-0.8622],[-79.1268,-0.8598],[-79.1371,-0.8608],[-79.1538,-0.8598],[-79.1558,-0.8663],[-79.1629,-0.8767],[-79.1628,-0.8854],[-79.165,-0.9041],[-79.1636,-0.9085],[-79.1668,-0.9135],[-79.1775,-0.9219],[-79.1804,-0.9257],[-79.1951,-0.9381],[-79.2134,-0.9422],[-79.1974,-0.9433],[-79.1892,-0.9474],[-79.1862,-0.9445],[-79.1787,-0.9453],[-79.1761,-0.9495],[-79.1642,-0.9576],[-79.1486,-0.9479],[-79.1445,-0.952],[-79.1454,-0.957],[-79.1371,-0.9595],[-79.137,-0.9656],[-79.1291,-0.9648],[-79.1239,-0.9702],[-79.1227,-0.9765],[-79.1273,-0.9886],[-79.1393,-0.9859],[-79.1461,-0.99],[-79.1493,-0.9954],[-79.154,-0.9954],[-79.1448,-1.0035],[-79.1369,-1.0071],[-79.1225,-1.0101],[-79.1186,-1.0132],[-79.1148,-1.0119],[-79.1067,-1.0025],[-79.098,-1.006],[-79.0841,-1.0109],[-79.0835,-1.0148],[-79.0705,-1.0175],[-79.0668,-1.0154],[-79.0665,-1.0105],[-79.0521,-1.0111],[-79.0519,-1.0151],[-79.0468,-1.0191],[-79.0497,-1.0254],[-79.0493,-1.0357],[-79.0537,-1.0483],[-79.0449,-1.0543],[-79.0334,-1.0691],[-79.0234,-1.0642],[-79.0121,-1.0637],[-79.0053,-1.0597],[-78.9977,-1.0597],[-78.9926,-1.056],[-78.9814,-1.0539],[-78.9751,-1.05],[-78.9684,-1.0483],[-78.9657,-1.0504],[-78.962,-1.0599],[-78.9678,-1.0607],[-78.9825,-1.0705],[-78.9865,-1.0802],[-78.992,-1.0869],[-79.0001,-1.0918],[-79.0042,-1.1054],[-79.0098,-1.1082],[-79.0159,-1.1144],[-79.0171,-1.1206],[-79.0238,-1.1208],[-79.0263,-1.1275],[-79.0242,-1.1299],[-79.012,-1.1291],[-79.0079,-1.1326],[-79.0001,-1.1297],[-78.9879,-1.1294],[-78.9805,-1.1274],[-78.9769,-1.1296],[-78.9696,-1.1276],[-78.9698,-1.1316],[-78.9642,-1.1405],[-78.9684,-1.1493],[-78.9679,-1.1582],[-78.9653,-1.164],[-78.9577,-1.1679],[-78.95,-1.1687],[-78.9481,-1.1723],[-78.9353,-1.1829],[-78.9346,-1.1882],[-78.9243,-1.1827],[-78.9145,-1.1851],[-78.9087,-1.1899],[-78.8956,-1.192],[-78.8824,-1.1963],[-78.8764,-1.1968],[-78.8692,-1.192],[-78.8694,-1.1867],[-78.8659,-1.1864],[-78.8621,-1.1914],[-78.854,-1.1825],[-78.8393,-1.1783],[-78.8313,-1.1713],[-78.8277,-1.162],[-78.8236,-1.1556],[-78.8237,-1.1488],[-78.8202,-1.1452],[-78.7981,-1.1451],[-78.7895,-1.1433],[-78.7918,-1.1299],[-78.7992,-1.1238],[-78.8054,-1.1162],[-78.8221,-1.1114],[-78.827,-1.1056],[-78.833,-1.1073],[-78.8395,-1.1052],[-78.8387,-1.0949],[-78.8449,-1.0866],[-78.8412,-1.0842],[-78.8403,-1.0786],[-78.8426,-1.0709],[-78.8392,-1.0682],[-78.8367,-1.0614],[-78.8373,-1.0505],[-78.8361,-1.0434],[-78.8285,-1.0321],[-78.8249,-1.0304],[-78.8139,-1.0298],[-78.8013,-1.0359],[-78.7926,-1.0464],[-78.7829,-1.0484],[-78.7666,-1.0476],[-78.7575,-1.0495],[-78.747,-1.0465],[-78.7377,-1.051],[-78.7341,-1.0478],[-78.7219,-1.052],[-78.7215,-1.0548],[-78.7124,-1.062],[-78.7102,-1.0657],[-78.7027,-1.0673],[-78.6974,-1.0645],[-78.6858,-1.0624],[-78.681,-1.0649],[-78.6727,-1.0633],[-78.671,-1.0588],[-78.6571,-1.0601],[-78.6483,-1.0569],[-78.6417,-1.0592],[-78.6367,-1.0648],[-78.6353,-1.0596],[-78.637,-1.0483],[-78.6357,-1.0356],[-78.6261,-1.0178],[-78.6179,-1.0116],[-78.6128,-1.0052],[-78.622,-0.9926],[-78.6322,-0.9884],[-78.6454,-0.9776],[-78.6526,-0.9793],[-78.6582,-0.9709],[-78.6598,-0.9632],[-78.659,-0.9572],[-78.6667,-0.9438],[-78.6669,-0.9358]]]},"properties":{"poblacion":69055,"dpa_descan":"PUJILI","dpa_provin":"05","dpa_despro":"COTOPAXI","dpa_canton":"0504"}},
{"type":"Feature","geometry":{"type":"Polygon","coordinates":[[[-77.7986,-0.5507],[-77.7956,-0.546],[-77.7903,-0.5456],[-77.7859,-0.5391],[-77.7808,-0.5388],[-77.7702,-0.5193],[-77.7624,-0.5196],[-77.7436,-0.5125],[-77.7422,-0.506],[-77.7388,-0.5037],[-77.74,-0.4952],[-77.7328,-0.4889],[-77.7257,-0.492],[-77.7215,-0.4987],[-77.7118,-0.5026],[-77.7,-0.5017],[-77.6949,-0.5062],[-77.6834,-0.5115],[-77.6776,-0.5188],[-77.663,-0.5261],[-77.6508,-0.5267],[-77.6378,-0.5322],[-77.6275,-0.5414],[-77.6194,-0.5336],[-77.6138,-0.524],[-77.6086,-0.52],[-77.6019,-0.519],[-77.5943,-0.5145],[-77.5804,-0.5028],[-77.5706,-0.5001],[-77.5595,-0.4945],[-77.5671,-0.4854],[-77.5662,-0.4767],[-77.5711,-0.4626],[-77.5774,-0.4603],[-77.5871,-0.4661],[-77.6075,-0.4614],[-77.6185,-0.4616],[-77.6279,-0.4513],[-77.6408,-0.4509],[-77.6517,-0.4525],[-77.6557,-0.446],[-77.6599,-0.4346],[-77.6691,-0.4345],[-77.6739,-0.437],[-77.6848,-0.4352],[-77.694,-0.4322],[-77.7005,-0.4353],[-77.7051,-0.432],[-77.7146,-0.4315],[-77.7246,-0.4326],[-77.7336,-0.436],[-77.746,-0.4366],[-77.7542,-0.4336],[-77.7676,-0.4402],[-77.7732,-0.4413],[-77.783,-0.4259],[-77.7877,-0.4211],[-77.805,-0.4176],[-77.8125,-0.4214],[-77.8209,-0.4166],[-77.8263,-0.4081],[-77.8248,-0.4052],[-77.8285,-0.4068],[-77.8371,-0.4021],[-77.84,-0.3965],[-77.8508,-0.3944],[-77.8645,-0.3879],[-77.8681,-0.3921],[-77.8769,-0.3921],[-77.8837,-0.3994],[-77.8951,-0.4014],[-77.8989,-0.4003],[-77.9081,-0.4022],[-77.9165,-0.4096],[-77.9199,-0.415],[-77.9297,-0.411],[-77.9367,-0.3934],[-77.936,-0.3861],[-77.9507,-0.3884],[-77.9559,-0.3842],[-77.9645,-0.3839],[-77.9734,-0.3837],[-77.9812,-0.378],[-77.9805,-0.3742],[-77.9856,-0.3664],[-77.9848,-0.3633],[-77.9909,-0.3632],[-77.9971,-0.3563],[-78.0017,-0.3465],[-78.0024,-0.3412],[-78.011,-0.3364],[-78.0269,-0.338],[-78.0319,-0.3218],[-78.0345,-0.3175],[-78.0337,-0.3108],[-78.0426,-0.3076],[-78.0453,-0.3033],[-78.0569,-0.2917],[-78.0598,-0.2847],[-78.0706,-0.2771],[-78.078,-0.2811],[-78.0829,-0.2696],[-78.0844,-0.2586],[-78.0865,-0.2563],[-78.0893,-0.2443],[-78.0964,-0.2408],[-78.1132,-0.2528],[-78.1205,-0.2552],[-78.1351,-0.2556],[-78.141,-0.2575],[-78.1511,-0.2572],[-78.1595,-0.2551],[-78.1764,-0.2581],[-78.186,-0.2625],[-78.186,-0.2663],[-78.1913,-0.2748],[-78.1913,-0.2807],[-78.1867,-0.2894],[-78.1933,-0.298],[-78.1937,-0.3092],[-78.1915,-0.3191],[-78.1957,-0.3335],[-78.2027,-0.3322],[-78.2089,-0.3455],[-78.2147,-0.3551],[-78.2157,-0.3611],[-78.2236,-0.3632],[-78.2329,-0.3791],[-78.2434,-0.3843],[-78.2433,-0.3919],[-78.2488,-0.4012],[-78.2551,-0.4064],[-78.2475,-0.4266],[-78.2427,-0.4291],[-78.236,-0.4363],[-78.2363,-0.4551],[-78.2203,-0.462],[-78.2048,-0.4662],[-78.1996,-0.4605],[-78.1931,-0.4585],[-78.1834,-0.4605],[-78.142,-0.4849],[-78.1456,-0.4971],[-78.1494,-0.5013],[-78.1617,-0.5087],[-78.1637,-0.5236],[-78.169,-0.5404],[-78.1729,-0.5442],[-78.1739,-0.5534],[-78.1831,-0.5587],[-78.1855,-0.563],[-78.183,-0.5673],[-78.1763,-0.5722],[-78.1676,-0.5748],[-78.1646,-0.5812],[-78.1567,-0.5894],[-78.1524,-0.5899],[-78.1496,-0.5942],[-78.1396,-0.5997],[-78.129,-0.5925],[-78.1192,-0.5913],[-78.1141,-0.5845],[-78.104,-0.5881],[-78.1026,-0.5919],[-78.0942,-0.6026],[-78.086,-0.607],[-78.0656,-0.6033],[-78.0489,-0.5995],[-78.0335,-0.5994],[-78.029,-0.6023],[-78.0161,-0.6061],[-78.002,-0.6139],[-77.9927,-0.6237],[-77.9863,-0.6282],[-77.9781,-0.6387],[-77.9666,-0.6395],[-77.9557,-0.6438],[-77.9504,-0.6445],[-77.9451,-0.649],[-77.9393,-0.6579],[-77.9304,-0.6635],[-77.9202,-0.6623],[-77.9134,-0.6592],[-77.9083,-0.6443],[-77.9029,-0.6411],[-77.8918,-0.6424],[-77.8854,-0.645],[-77.8843,-0.6567],[-77.8774,-0.6632],[-77.8726,-0.6627],[-77.8643,-0.6554],[-77.8607,-0.6496],[-77.8591,-0.6405],[-77.8559,-0.6351],[-77.8446,-0.6284],[-77.8433,-0.6246],[-77.8352,-0.6192],[-77.8221,-0.6127],[-77.8166,-0.6035],[-77.8078,-0.5959],[-77.8095,-0.579],[-77.8039,-0.5699],[-77.8046,-0.5657],[-77.8011,-0.5618],[-77.7986,-0.5507]]]},"properties":{"poblacion":6224,"dpa_descan":"QUIJOS","dpa_provin":"15","dpa_despro":"NAPO","dpa_canton":"1507"}},
{"type":"Feature","geometry":{"type":"Polygon","coordinates":[[[-77.8538,-1.0916],[-77.8808,-1.0883],[-77.886,-1.0887],[-77.8996,-1.0957],[-77.8949,-1.1064],[-77.8929,-1.1172],[-77.9152,-1.1176],[-77.9185,-1.1112],[-77.9223,-1.113],[-77.9308,-1.1129],[-77.9476,-1.1038],[-77.9408,-1.0988],[-77.9388,-1.101],[-77.9278,-1.0888],[-77.9375,-1.0843],[-77.9442,-1.0928],[-77.9489,-1.0922],[-77.9541,-1.0843],[-77.9637,-1.0874],[-77.9629,-1.0933],[-77.9681,-1.0972],[-77.977,-1.0976],[-77.9781,-1.1013],[-77.9881,-1.1019],[-77.9888,-1.0982],[-77.9994,-1.0987],[-78.0078,-1.1045],[-78.0117,-1.1037],[-78.0203,-1.1061],[-78.0249,-1.1097],[-78.0344,-1.1099],[-78.0517,-1.1265],[-78.0598,-1.128],[-78.0746,-1.1201],[-78.084,-1.1246],[-78.0876,-1.1346],[-78.0983,-1.1406],[-78.1124,-1.1564],[-78.1163,-1.1656],[-78.115,-1.178],[-78.1171,-1.1827],[-78.1253,-1.1932],[-78.1178,-1.2006],[-78.1186,-1.2113],[-78.123,-1.2224],[-78.1113,-1.233],[-78.104,-1.2304],[-78.0971,-1.2255],[-78.0916,-1.2325],[-78.0881,-1.2293],[-78.0857,-1.2323],[-78.0826,-1.2296],[-78.0752,-1.2373],[-78.0713,-1.2355],[-78.0694,-1.239],[-78.0505,-1.2481],[-78.0447,-1.2465],[-78.044,-1.2432],[-78.0265,-1.2377],[-78.0193,-1.2333],[-78.0149,-1.2245],[-78.004,-1.221],[-77.9903,-1.2254],[-77.9829,-1.2233],[-77.9762,-1.2261],[-77.9665,-1.2242],[-77.9634,-1.2115],[-77.9586,-1.2106],[-77.9514,-1.2056],[-77.9453,-1.2061],[-77.9435,-1.2124],[-77.9446,-1.223],[-77.9364,-1.2285],[-77.931,-1.2246],[-77.9187,-1.2268],[-77.9123,-1.2367],[-77.9086,-1.2363],[-77.8982,-1.2444],[-77.8949,-1.2429],[-77.8886,-1.2451],[-77.8815,-1.2441],[-77.8827,-1.2357],[-77.8885,-1.2304],[-77.8895,-1.2222],[-77.8826,-1.2102],[-77.8788,-1.1991],[-77.8742,-1.2064],[-77.8521,-1.2066],[-77.8492,-1.2105],[-77.8451,-1.2107],[-77.8414,-1.2165],[-77.831,-1.2165],[-77.8258,-1.2036],[-77.8135,-1.2047],[-77.8053,-1.2024],[-77.803,-1.1991],[-77.7927,-1.1935],[-77.7842,-1.191],[-77.7808,-1.1841],[-77.7661,-1.1782],[-77.7541,-1.1782],[-77.7528,-1.1729],[-77.74,-1.1613],[-77.7322,-1.1599],[-77.7306,-1.1629],[-77.7234,-1.1533],[-77.7338,-1.1477],[-77.7424,-1.1467],[-77.7497,-1.1416],[-77.7552,-1.1345],[-77.763,-1.1342],[-77.7663,-1.1416],[-77.7733,-1.1315],[-77.7739,-1.1229],[-77.7793,-1.1212],[-77.7811,-1.1175],[-77.7864,-1.122],[-77.7931,-1.12],[-77.7919,-1.1088],[-77.7934,-1.0922],[-77.854,-1.092],[-77.8538,-1.0916]]]},"properties":{"poblacion":3664,"dpa_descan":"CARLOS JULIO AROSEMENA TOLA","dpa_provin":"15","dpa_despro":"NAPO","dpa_canton":"1509"}},
{"type":"Feature","geometry":{"type":"Polygon","coordinates":[[[-78.0216,-1.5043],[-78.0185,-1.5269],[-78.0128,-1.5653],[-78.0064,-1.5723],[-78.0004,-1.5717],[-77.9901,-1.5809],[-77.9761,-1.5828],[-77.9729,-1.5789],[-77.9683,-1.5851],[-77.967,-1.5944],[-77.963,-1.6034],[-77.9646,-1.6074],[-77.9597,-1.615],[-77.9563,-1.6139],[-77.9535,-1.6213],[-77.947,-1.622],[-77.9481,-1.6308],[-77.9399,-1.6364],[-77.9219,-1.6411],[-77.9192,-1.6487],[-77.9239,-1.6518],[-77.9235,-1.6567],[-77.9168,-1.6611],[-77.9114,-1.678],[-77.9067,-1.6817],[-77.9059,-1.6858],[-77.8971,-1.6898],[-77.8907,-1.6893],[-77.8824,-1.7094],[-77.8827,-1.7121],[-77.8828,-1.7121],[-77.8827,-1.7328],[-77.8818,-1.7455],[-77.8868,-1.7502],[-77.8849,-1.7631],[-77.8807,-1.7649],[-77.8722,-1.7555],[-77.8692,-1.7561],[-77.8722,-1.767],[-77.8715,-1.7703],[-77.8651,-1.7731],[-77.8698,-1.7855],[-77.8655,-1.7904],[-77.8644,-1.7979],[-77.8591,-1.7974],[-77.8565,-1.8024],[-77.8572,-1.8093],[-77.8615,-1.814],[-77.857,-1.8173],[-77.8467,-1.8372],[-77.8479,-1.8397],[-77.8548,-1.8407],[-77.8543,-1.8479],[-77.8484,-1.847],[-77.8423,-1.8492],[-77.8348,-1.8558],[-77.8328,-1.8621],[-77.8265,-1.8711],[-77.8285,-1.881],[-77.8272,-1.8857],[-77.8284,-1.8953],[-77.8248,-1.9032],[-77.8277,-1.9087],[-77.8255,-1.9158],[-77.823,-1.9223],[-77.8112,-1.9312],[-77.8042,-1.9331],[-77.7971,-1.9325],[-77.7938,-1.9384],[-77.7946,-1.9525],[-77.7807,-1.9688],[-77.7752,-1.9732],[-77.7621,-1.9769],[-77.7591,-1.9793],[-77.7378,-1.9817],[-77.7342,-1.9847],[-77.7333,-1.994],[-77.7298,-2.0051],[-77.7232,-2.0166],[-77.7127,-2.0268],[-77.6971,-2.0252],[-77.6844,-2.0364],[-77.6802,-2.0428],[-77.6745,-2.0447],[-77.6667,-2.0509],[-77.6612,-2.0522],[-77.6491,-2.05],[-77.6475,-2.0454],[-77.6419,-2.0426],[-77.6249,-2.043],[-77.6169,-2.0413],[-77.6108,-2.0492],[-77.6014,-2.054],[-77.5941,-2.0523],[-77.5827,-2.0701],[-77.5775,-2.0756],[-77.5682,-2.0756],[-77.5614,-2.0722],[-77.5424,-2.0745],[-77.5334,-2.0774],[-77.5235,-2.0839],[-77.5163,-2.0819],[-77.506,-2.0841],[-77.5022,-2.0949],[-77.4966,-2.0975],[-77.4911,-2.1029],[-77.4837,-2.1065],[-77.4725,-2.1062],[-77.4681,-2.1081],[-77.461,-2.1162],[-77.4536,-2.115],[-77.4476,-2.1185],[-77.4384,-2.1197],[-77.4276,-2.1263],[-77.4186,-2.1329],[-77.3856,-2.1507],[-77.3659,-2.1553],[-77.3497,-2.1606],[-77.3301,-2.1708],[-77.3214,-2.1779],[-77.3145,-2.181],[-77.3098,-2.1857],[-77.3054,-2.1863],[-77.2908,-2.1957],[-77.2778,-2.1962],[-77.2741,-2.2009],[-77.27,-2.2115],[-77.2683,-2.2201],[-77.2521,-2.2376],[-77.2443,-2.2422],[-77.2378,-2.2497],[-77.2302,-2.261],[-77.2298,-2.2613],[-77.2112,-2.2688],[-77.1946,-2.2706],[-77.187,-2.277],[-77.1786,-2.289],[-77.1716,-2.2967],[-77.1627,-2.3027],[-77.1443,-2.3081],[-77.1296,-2.3136],[-77.1197,-2.3194],[-77.1058,-2.3293],[-77.0888,-2.3454],[-77.0867,-2.3505],[-77.0869,-2.363],[-77.0843,-2.3724],[-77.0644,-2.3877],[-77.0543,-2.3989],[-77.0468,-2.4117],[-77.0319,-2.4494],[-77.0264,-2.4541],[-77.0065,-2.4571],[-77.0005,-2.462],[-77.0008,-2.4706],[-76.9963,-2.4824],[-76.9964,-2.4966],[-76.9988,-2.5112],[-76.9952,-2.5157],[-76.9894,-2.5163],[-76.9753,-2.5104],[-76.969,-2.5092],[-76.9644,-2.5144],[-76.9594,-2.5293],[-76.9544,-2.5352],[-76.9499,-2.5474],[-76.9449,-2.5545],[-76.9389,-2.5538],[-76.9298,-2.5443],[-76.9253,-2.5464],[-76.9241,-2.5581],[-76.9144,-2.5653],[-76.9027,-2.5609],[-76.8984,-2.554],[-76.8911,-2.5568],[-76.8855,-2.5664],[-76.8798,-2.5659],[-76.8773,-2.5622],[-76.8618,-2.5584],[-76.8546,-2.5598],[-76.8491,-2.5567],[-76.8415,-2.5568],[-76.8374,-2.5487],[-76.8339,-2.5461],[-76.8217,-2.5423],[-76.8142,-2.5502],[-76.8133,-2.5604],[-76.8056,-2.5675],[-76.7966,-2.5701],[-76.7893,-2.5661],[-76.7779,-2.5525],[-76.7681,-2.5543],[-76.7633,-2.5582],[-76.7512,-2.5633],[-76.7477,-2.5624],[-76.7424,-2.5555],[-76.737,-2.5562],[-76.7336,-2.5622],[-76.7276,-2.5797],[-76.7219,-2.588],[-76.717,-2.5919],[-76.7069,-2.596],[-76.7027,-2.602],[-76.693,-2.6103],[-76.6336,-2.5902],[-76.6231,-2.582],[-76.5102,-2.4929],[-76.4436,-2.4404],[-76.3121,-2.3366],[-76.0433,-2.1246],[-75.9973,-2.0669],[-75.8904,-1.9327],[-75.7716,-1.7834],[-75.6166,-1.5889],[-75.6212,-1.5896],[-75.6284,-1.5857],[-75.6317,-1.587],[-75.6303,-1.5979],[-75.6368,-1.5983],[-75.6381,-1.5887],[-75.6408,-1.5872],[-75.6512,-1.5902],[-75.6633,-1.5866],[-75.6612,-1.5956],[-75.6673,-1.5968],[-75.6756,-1.5839],[-75.6815,-1.5854],[-75.6866,-1.5839],[-75.6938,-1.585],[-75.6882,-1.5951],[-75.6948,-1.5991],[-75.6916,-1.6064],[-75.693,-1.6096],[-75.6986,-1.6106],[-75.706,-1.6152],[-75.7147,-1.6162],[-75.7126,-1.623],[-75.7174,-1.6258],[-75.7248,-1.6201],[-75.735,-1.6291],[-75.7334,-1.6376],[-75.7377,-1.6397],[-75.7464,-1.632],[-75.7544,-1.6336],[-75.7468,-1.6372],[-75.7411,-1.6423],[-75.7464,-1.6464],[-75.752,-1.6426],[-75.7574,-1.6452],[-75.7644,-1.6556],[-75.7692,-1.6545],[-75.7674,-1.6427],[-75.7737,-1.6378],[-75.7793,-1.6418],[-75.7729,-1.6472],[-75.7715,-1.6514],[-75.7765,-1.6564],[-75.7925,-1.6577],[-75.7996,-1.6558],[-75.8093,-1.6485],[-75.8143,-1.6395],[-75.8136,-1.6358],[-75.8038,-1.638],[-75.8034,-1.6341],[-75.8098,-1.6279],[-75.8089,-1.6196],[-75.7972,-1.624],[-75.7967,-1.6204],[-75.8046,-1.6177],[-75.8055,-1.6109],[-75.8085,-1.6097],[-75.8123,-1.6216],[-75.8172,-1.6278],[-75.8214,-1.6285],[-75.8233,-1.6248],[-75.8191,-1.6165],[-75.8219,-1.6148],[-75.8259,-1.6222],[-75.8337,-1.6218],[-75.8367,-1.6285],[-75.8301,-1.6356],[-75.8316,-1.643],[-75.8373,-1.6463],[-75.8436,-1.6457],[-75.8384,-1.6367],[-75.8426,-1.6328],[-75.8459,-1.6391],[-75.8549,-1.6357],[-75.8583,-1.6462],[-75.8653,-1.6474],[-75.8655,-1.6531],[-75.873,-1.6665],[-75.8846,-1.668],[-75.8898,-1.6735],[-75.8932,-1.6667],[-75.8967,-1.6728],[-75.91,-1.6722],[-75.9149,-1.6635],[-75.9209,-1.6642],[-75.9156,-1.6774],[-75.9165,-1.6817],[-75.9234,-1.6797],[-75.9247,-1.6635],[-75.9261,-1.6591],[-75.93,-1.6664],[-75.9339,-1.6655],[-75.934,-1.6609],[-75.9515,-1.6503],[-75.9575,-1.6541],[-75.9647,-1.6509],[-75.9631,-1.6429],[-75.9682,-1.64],[-75.9685,-1.6367],[-75.9613,-1.6341],[-75.9607,-1.6313],[-75.9661,-1.6255],[-75.9684,-1.6191],[-75.9794,-1.6182],[-75.9831,-1.6143],[-75.9795,-1.61],[-75.9811,-1.6068],[-75.9874,-1.6048],[-76.0005,-1.607],[-76.0084,-1.6067],[-76.0109,-1.6157],[-76.0214,-1.6173],[-76.0234,-1.6212],[-76.0309,-1.62],[-76.0366,-1.6218],[-76.0436,-1.6297],[-76.0497,-1.6447],[-76.0586,-1.6443],[-76.059,-1.6495],[-76.0635,-1.6481],[-76.0643,-1.6438],[-76.0686,-1.6428],[-76.0757,-1.6455],[-76.0871,-1.6431],[-76.0882,-1.6492],[-76.1004,-1.6507],[-76.1,-1.6434],[-76.1061,-1.6383],[-76.1107,-1.6458],[-76.118,-1.6457],[-76.139,-1.6524],[-76.1453,-1.6568],[-76.134,-1.6625],[-76.1201,-1.6788],[-76.117,-1.6888],[-76.1126,-1.6936],[-76.1181,-1.7022],[-76.1238,-1.7035],[-76.1335,-1.6976],[-76.1289,-1.6902],[-76.1315,-1.6856],[-76.1458,-1.6827],[-76.1567,-1.6829],[-76.1604,-1.6769],[-76.1537,-1.668],[-76.1507,-1.6562],[-76.1516,-1.6516],[-76.1564,-1.6477],[-76.1633,-1.6473],[-76.1613,-1.6573],[-76.163,-1.6595],[-76.1702,-1.6565],[-76.1748,-1.6524],[-76.1809,-1.6536],[-76.1836,-1.6498],[-76.1917,-1.6483],[-76.1944,-1.6406],[-76.1841,-1.6366],[-76.1763,-1.6375],[-76.1744,-1.6342],[-76.1825,-1.6309],[-76.1792,-1.6255],[-76.1856,-1.6146],[-76.19,-1.613],[-76.1897,-1.6194],[-76.1929,-1.6206],[-76.1973,-1.6174],[-76.2042,-1.616],[-76.2085,-1.6195],[-76.2101,-1.6246],[-76.202,-1.6306],[-76.201,-1.6382],[-76.2098,-1.6412],[-76.2195,-1.6396],[-76.2209,-1.6336],[-76.2253,-1.6316],[-76.2307,-1.6357],[-76.2369,-1.6343],[-76.2307,-1.6242],[-76.2345,-1.6173],[-76.2413,-1.6197],[-76.2437,-1.6287],[-76.2482,-1.6301],[-76.2478,-1.6265],[-76.2521,-1.622],[-76.2638,-1.625],[-76.2675,-1.6283],[-76.274,-1.6259],[-76.2762,-1.6301],[-76.2819,-1.6284],[-76.2849,-1.6222],[-76.2947,-1.6238],[-76.293,-1.6152],[-76.2844,-1.6089],[-76.285,-1.6053],[-76.2931,-1.6052],[-76.2941,-1.5971],[-76.2906,-1.5919],[-76.2931,-1.5888],[-76.2995,-1.5922],[-76.3057,-1.5898],[-76.3075,-1.5966],[-76.31,-1.597],[-76.3122,-1.5904],[-76.3166,-1.5885],[-76.3179,-1.5838],[-76.3131,-1.5801],[-76.3125,-1.5711],[-76.3182,-1.5808],[-76.3249,-1.5809],[-76.3312,-1.5848],[-76.3416,-1.5823],[-76.344,-1.5793],[-76.3436,-1.5704],[-76.346,-1.5654],[-76.3491,-1.5658],[-76.3519,-1.5731],[-76.3555,-1.5757],[-76.361,-1.571],[-76.3647,-1.571],[-76.3676,-1.576],[-76.376,-1.5746],[-76.3861,-1.5779],[-76.391,-1.5831],[-76.3946,-1.5824],[-76.3911,-1.5763],[-76.3934,-1.5696],[-76.4001,-1.5692],[-76.402,-1.5584],[-76.4046,-1.5553],[-76.4079,-1.5638],[-76.4124,-1.5641],[-76.4179,-1.57],[-76.4242,-1.5695],[-76.4251,-1.5616],[-76.4315,-1.5578],[-76.4463,-1.5703],[-76.4505,-1.5681],[-76.4501,-1.5646],[-76.4437,-1.5602],[-76.4487,-1.5559],[-76.4571,-1.5587],[-76.4706,-1.5558],[-76.4728,-1.5508],[-76.4823,-1.5493],[-76.4817,-1.5419],[-76.4888,-1.5379],[-76.4915,-1.5403],[-76.4951,-1.5512],[-76.4993,-1.5476],[-76.496,-1.5412],[-76.4989,-1.5371],[-76.5023,-1.5376],[-76.5054,-1.5452],[-76.5091,-1.5469],[-76.5107,-1.542],[-76.5229,-1.5336],[-76.5298,-1.5323],[-76.5334,-1.5273],[-76.5382,-1.5263],[-76.5393,-1.5219],[-76.5433,-1.5199],[-76.5428,-1.51],[-76.5549,-1.5061],[-76.5646,-1.5118],[-76.5678,-1.5078],[-76.5653,-1.5027],[-76.5685,-1.499],[-76.5716,-1.5028],[-76.5761,-1.502],[-76.578,-1.4953],[-76.5861,-1.4969],[-76.5957,-1.4943],[-76.598,-1.4998],[-76.5938,-1.5068],[-76.5925,-1.515],[-76.5963,-1.5163],[-76.5999,-1.5099],[-76.6009,-1.5041],[-76.6055,-1.501],[-76.6102,-1.5013],[-76.6145,-1.4951],[-76.6211,-1.5002],[-76.626,-1.4986],[-76.6258,-1.4854],[-76.6295,-1.4846],[-76.634,-1.4899],[-76.6537,-1.482],[-76.6488,-1.4743],[-76.6526,-1.4686],[-76.6561,-1.4742],[-76.6641,-1.474],[-76.6712,-1.471],[-76.6763,-1.4737],[-76.6801,-1.4725],[-76.6821,-1.4673],[-76.6785,-1.459],[-76.6792,-1.4552],[-76.684,-1.456],[-76.6898,-1.4626],[-76.6943,-1.462],[-76.6903,-1.4556],[-76.6989,-1.4517],[-76.702,-1.4482],[-76.7026,-1.4378],[-76.7091,-1.4406],[-76.708,-1.4498],[-76.7106,-1.4566],[-76.7153,-1.4551],[-76.7136,-1.4424],[-76.7177,-1.4408],[-76.7183,-1.4466],[-76.7251,-1.4451],[-76.7258,-1.4372],[-76.7295,-1.4326],[-76.7343,-1.435],[-76.7315,-1.4424],[-76.7358,-1.4486],[-76.7426,-1.4463],[-76.745,-1.4387],[-76.7441,-1.4301],[-76.7474,-1.4304],[-76.7499,-1.4414],[-76.7576,-1.441],[-76.7571,-1.4321],[-76.7627,-1.4298],[-76.7648,-1.4408],[-76.7687,-1.4429],[-76.7745,-1.4356],[-76.7859,-1.437],[-76.7961,-1.4328],[-76.7981,-1.4289],[-76.795,-1.4212],[-76.7998,-1.4188],[-76.8019,-1.4363],[-76.8091,-1.44],[-76.8125,-1.4371],[-76.8064,-1.4332],[-76.8058,-1.426],[-76.8158,-1.4267],[-76.822,-1.4248],[-76.8261,-1.4206],[-76.8288,-1.426],[-76.85,-1.4268],[-76.8548,-1.4237],[-76.8588,-1.4134],[-76.8638,-1.4209],[-76.8709,-1.4178],[-76.8686,-1.4071],[-76.8737,-1.4054],[-76.8787,-1.4095],[-76.8893,-1.4113],[-76.894,-1.4084],[-76.8975,-1.3996],[-76.9033,-1.3927],[-76.9075,-1.3904],[-76.9235,-1.3899],[-76.9268,-1.3875],[-76.9361,-1.3737],[-76.9441,-1.3725],[-76.9398,-1.3796],[-76.9426,-1.3851],[-76.9471,-1.3815],[-76.9517,-1.3829],[-76.9501,-1.3879],[-76.9554,-1.3884],[-76.9491,-1.3937],[-76.9555,-1.3966],[-76.9592,-1.395],[-76.9654,-1.3972],[-76.9686,-1.4012],[-76.9757,-1.4016],[-76.9807,-1.3992],[-76.9901,-1.4041],[-76.9958,-1.4011],[-77.0067,-1.4063],[-77.0096,-1.4115],[-77.0124,-1.4078],[-77.0219,-1.4141],[-77.0246,-1.4177],[-77.0327,-1.4173],[-77.0391,-1.4239],[-77.0373,-1.4182],[-77.0403,-1.4147],[-77.0411,-1.4203],[-77.0465,-1.4219],[-77.054,-1.4132],[-77.0575,-1.4203],[-77.0638,-1.4174],[-77.0757,-1.4323],[-77.0753,-1.4384],[-77.0822,-1.4412],[-77.0866,-1.4406],[-77.0857,-1.4372],[-77.0966,-1.4383],[-77.1015,-1.4361],[-77.1091,-1.4412],[-77.1167,-1.4399],[-77.1163,-1.4443],[-77.1196,-1.4487],[-77.1245,-1.4418],[-77.1325,-1.4486],[-77.1387,-1.4473],[-77.1406,-1.4505],[-77.1459,-1.4512],[-77.1431,-1.4549],[-77.1509,-1.4548],[-77.1542,-1.4583],[-77.1578,-1.4701],[-77.1608,-1.4712],[-77.1653,-1.479],[-77.1701,-1.4722],[-77.1771,-1.4738],[-77.1848,-1.4788],[-77.1948,-1.474],[-77.1936,-1.4798],[-77.198,-1.4841],[-77.2063,-1.4817],[-77.2106,-1.4832],[-77.2183,-1.4815],[-77.2203,-1.4768],[-77.2257,-1.4782],[-77.2275,-1.4751],[-77.2327,-1.4779],[-77.2353,-1.4739],[-77.2418,-1.4771],[-77.2383,-1.4809],[-77.2435,-1.4821],[-77.2443,-1.4733],[-77.2515,-1.4848],[-77.2564,-1.4867],[-77.2569,-1.4922],[-77.265,-1.4939],[-77.2664,-1.4977],[-77.2726,-1.4956],[-77.2689,-1.5016],[-77.2757,-1.5043],[-77.2795,-1.5026],[-77.2878,-1.5089],[-77.2909,-1.5148],[-77.2959,-1.5101],[-77.3012,-1.5167],[-77.3047,-1.5127],[-77.3097,-1.513],[-77.3168,-1.5081],[-77.3223,-1.5064],[-77.3254,-1.4979],[-77.3332,-1.4956],[-77.3305,-1.5007],[-77.3384,-1.5013],[-77.3412,-1.5081],[-77.3454,-1.5087],[-77.343,-1.5126],[-77.357,-1.5141],[-77.3602,-1.5104],[-77.3643,-1.5131],[-77.3719,-1.5093],[-77.3741,-1.5049],[-77.3795,-1.5112],[-77.3843,-1.5076],[-77.3831,-1.5009],[-77.3899,-1.5029],[-77.3928,-1.4961],[-77.396,-1.503],[-77.4003,-1.5015],[-77.406,-1.5036],[-77.4122,-1.5001],[-77.41,-1.4959],[-77.4156,-1.492],[-77.4194,-1.4961],[-77.4251,-1.4909],[-77.4282,-1.4938],[-77.4394,-1.4884],[-77.4403,-1.4921],[-77.4454,-1.4919],[-77.4488,-1.4966],[-77.4514,-1.4912],[-77.4576,-1.4954],[-77.462,-1.4867],[-77.4617,-1.483],[-77.4666,-1.4832],[-77.4802,-1.4957],[-77.4847,-1.5059],[-77.4927,-1.5075],[-77.5021,-1.5048],[-77.5082,-1.508],[-77.5095,-1.5033],[-77.5146,-1.5023],[-77.5197,-1.4955],[-77.523,-1.4961],[-77.529,-1.4915],[-77.5341,-1.4955],[-77.5397,-1.496],[-77.5455,-1.4877],[-77.5519,-1.4919],[-77.5536,-1.4875],[-77.5613,-1.4895],[-77.5649,-1.4938],[-77.5746,-1.4937],[-77.5753,-1.4886],[-77.5821,-1.4871],[-77.5867,-1.4886],[-77.5901,-1.4845],[-77.5936,-1.4852],[-77.598,-1.4811],[-77.6085,-1.4782],[-77.6079,-1.4811],[-77.6165,-1.4786],[-77.6238,-1.4785],[-77.6264,-1.4749],[-77.6364,-1.4776],[-77.6486,-1.4696],[-77.6489,-1.4759],[-77.6542,-1.4765],[-77.6565,-1.4716],[-77.6602,-1.4751],[-77.6612,-1.4719],[-77.6678,-1.4675],[-77.6764,-1.4699],[-77.6803,-1.4644],[-77.6854,-1.4631],[-77.6935,-1.471],[-77.7025,-1.4735],[-77.7029,-1.4783],[-77.7162,-1.4704],[-77.7185,-1.4668],[-77.7156,-1.4557],[-77.7183,-1.4554],[-77.72,-1.4488],[-77.7159,-1.4453],[-77.7141,-1.4393],[-77.7073,-1.4329],[-77.7057,-1.4237],[-77.707,-1.4147],[-77.7103,-1.4127],[-77.7171,-1.4019],[-77.7209,-1.4031],[-77.7238,-1.3972],[-77.7214,-1.3962],[-77.7261,-1.3908],[-77.7228,-1.3829],[-77.7336,-1.3696],[-77.7336,-1.3629],[-77.7307,-1.3512],[-77.7341,-1.3406],[-77.7549,-1.3435],[-77.7547,-1.3469],[-77.7618,-1.3535],[-77.7657,-1.3629],[-77.7763,-1.3636],[-77.7802,-1.3609],[-77.7807,-1.3535],[-77.7838,-1.3522],[-77.7874,-1.3442],[-77.7959,-1.3406],[-77.795,-1.334],[-77.7993,-1.3246],[-77.8054,-1.3223],[-77.8084,-1.3284],[-77.8143,-1.3487],[-77.82,-1.353],[-77.8298,-1.3566],[-77.8409,-1.3524],[-77.8574,-1.3547],[-77.8602,-1.359],[-77.8669,-1.3589],[-77.8708,-1.3626],[-77.8783,-1.3622],[-77.8803,-1.3642],[-77.8929,-1.3639],[-77.8972,-1.3594],[-77.9063,-1.3628],[-77.9144,-1.3603],[-77.917,-1.3565],[-77.9226,-1.357],[-77.9371,-1.3486],[-77.9388,-1.3348],[-77.9463,-1.3287],[-77.9555,-1.3295],[-77.9619,-1.3248],[-77.9575,-1.3182],[-77.9522,-1.3165],[-77.9542,-1.3109],[-77.9595,-1.3068],[-77.97,-1.2931],[-77.9745,-1.3003],[-77.9708,-1.2997],[-77.9701,-1.304],[-77.9738,-1.3096],[-77.9794,-1.3099],[-77.9863,-1.3177],[-77.9952,-1.3197],[-77.9992,-1.3267],[-77.9973,-1.3291],[-77.9998,-1.3406],[-78.0034,-1.3398],[-78.0055,-1.3442],[-78.0017,-1.349],[-78.0038,-1.3536],[-78.0015,-1.3648],[-78.0044,-1.3656],[-78.0056,-1.3716],[-78.0093,-1.3754],[-78.0181,-1.3765],[-78.019,-1.392],[-78.0224,-1.3947],[-78.0295,-1.3902],[-78.0331,-1.3959],[-78.0416,-1.4011],[-78.0505,-1.4084],[-78.0517,-1.418],[-78.0514,-1.4329],[-78.0549,-1.4365],[-78.056,-1.4422],[-78.0524,-1.4525],[-78.0455,-1.4575],[-78.0437,-1.4608],[-78.0424,-1.472],[-78.0381,-1.4788],[-78.03,-1.4854],[-78.03,-1.4965],[-78.0346,-1.5019],[-78.0278,-1.5097],[-78.0216,-1.5043]]]},"properties":{"poblacion":62016,"dpa_descan":"PASTAZA","dpa_provin":"16","dpa_despro":"PASTAZA","dpa_canton":"1601"}},
{"type":"Feature","geometry":{"type":"Polygon","coordinates":[[[-78.4759,-0.969],[-78.4918,-0.9726],[-78.4969,-0.9773],[-78.5063,-0.9774],[-78.5222,-0.9821],[-78.5271,-0.988],[-78.531,-0.9862],[-78.5397,-0.9871],[-78.5476,-0.9907],[-78.5555,-0.9984],[-78.5626,-0.9972],[-78.5649,-1.0039],[-78.5703,-1.0077],[-78.5733,-1.0128],[-78.5777,-1.0097],[-78.5838,-1.0111],[-78.5864,-1.0056],[-78.5976,-1.0073],[-78.6065,-1.0084],[-78.6128,-1.0052],[-78.6179,-1.0116],[-78.6261,-1.0178],[-78.6357,-1.0356],[-78.637,-1.0483],[-78.6353,-1.0596],[-78.6367,-1.0648],[-78.6417,-1.0592],[-78.6483,-1.0569],[-78.6571,-1.0601],[-78.671,-1.0588],[-78.6727,-1.0633],[-78.681,-1.0649],[-78.6858,-1.0624],[-78.6974,-1.0645],[-78.7027,-1.0673],[-78.7102,-1.0657],[-78.7124,-1.062],[-78.7215,-1.0548],[-78.7219,-1.052],[-78.7341,-1.0478],[-78.7377,-1.051],[-78.747,-1.0465],[-78.7575,-1.0495],[-78.7666,-1.0476],[-78.7829,-1.0484],[-78.7926,-1.0464],[-78.8013,-1.0359],[-78.8139,-1.0298],[-78.8249,-1.0304],[-78.8285,-1.0321],[-78.8361,-1.0434],[-78.8373,-1.0505],[-78.8367,-1.0614],[-78.8392,-1.0682],[-78.8426,-1.0709],[-78.8403,-1.0786],[-78.8412,-1.0842],[-78.8449,-1.0866],[-78.8387,-1.0949],[-78.8395,-1.1052],[-78.833,-1.1073],[-78.827,-1.1056],[-78.8221,-1.1114],[-78.8054,-1.1162],[-78.7992,-1.1238],[-78.7918,-1.1299],[-78.7895,-1.1433],[-78.7806,-1.1467],[-78.7718,-1.1401],[-78.7588,-1.1362],[-78.7545,-1.1373],[-78.748,-1.1329],[-78.7439,-1.1328],[-78.7322,-1.14],[-78.7259,-1.1472],[-78.719,-1.1493],[-78.7102,-1.1482],[-78.7049,-1.1505],[-78.6892,-1.151],[-78.6859,-1.1475],[-78.6741,-1.1454],[-78.6731,-1.15],[-78.6683,-1.1548],[-78.6653,-1.1541],[-78.6604,-1.1457],[-78.6521,-1.1384],[-78.6406,-1.1308],[-78.6327,-1.1308],[-78.6204,-1.1218],[-78.6162,-1.117],[-78.6153,-1.1121],[-78.6114,-1.1104],[-78.6073,-1.1152],[-78.5909,-1.1142],[-78.5899,-1.1195],[-78.5823,-1.1201],[-78.5799,-1.1252],[-78.5747,-1.1246],[-78.5694,-1.1271],[-78.5713,-1.1165],[-78.5658,-1.123],[-78.5683,-1.118],[-78.5665,-1.104],[-78.5704,-1.0972],[-78.5627,-1.084],[-78.5649,-1.0765],[-78.5681,-1.0743],[-78.5776,-1.075],[-78.572,-1.0655],[-78.5595,-1.059],[-78.5467,-1.0605],[-78.5236,-1.059],[-78.5207,-1.0705],[-78.5156,-1.0737],[-78.5163,-1.0787],[-78.5117,-1.0784],[-78.5098,-1.0844],[-78.5056,-1.0865],[-78.5024,-1.0938],[-78.4962,-1.0935],[-78.483,-1.0926],[-78.4753,-1.0878],[-78.4657,-1.0879],[-78.4589,-1.084],[-78.4564,-1.0793],[-78.4594,-1.0729],[-78.4558,-1.0718],[-78.4532,-1.065],[-78.4462,-1.061],[-78.4471,-1.0551],[-78.4451,-1.0473],[-78.4396,-1.0485],[-78.4349,-1.0465],[-78.4319,-1.0386],[-78.4225,-1.0294],[-78.4194,-1.0233],[-78.4153,-1.0242],[-78.4083,-1.0159],[-78.4075,-1.0016],[-78.4134,-0.9934],[-78.412,-0.9891],[-78.4047,-0.9896],[-78.4055,-0.9764],[-78.4015,-0.9594],[-78.4757,-0.9595],[-78.4759,-0.969]]]},"properties":{"poblacion":58216,"dpa_descan":"SALCEDO","dpa_provin":"05","dpa_despro":"COTOPAXI","dpa_canton":"0505"}},
{"type":"Feature","geometry":{"type":"Polygon","coordinates":[[[-78.123,-1.2224],[-78.1246,-1.2261],[-78.1209,-1.2314],[-78.1189,-1.241],[-78.1199,-1.2447],[-78.1166,-1.2516],[-78.1198,-1.2585],[-78.119,-1.2635],[-78.1188,-1.3007],[-78.1152,-1.3215],[-78.121,-1.3339],[-78.1213,-1.3374],[-78.1173,-1.3507],[-78.12,-1.363],[-78.1275,-1.3677],[-78.128,-1.3735],[-78.1253,-1.3786],[-78.1286,-1.3846],[-78.1343,-1.3883],[-78.1397,-1.396],[-78.1464,-1.396],[-78.1493,-1.4069],[-78.1432,-1.4136],[-78.1493,-1.4198],[-78.1516,-1.4304],[-78.1568,-1.4336],[-78.1694,-1.4359],[-78.178,-1.448],[-78.1736,-1.4523],[-78.167,-1.4478],[-78.1629,-1.4478],[-78.1594,-1.4517],[-78.1529,-1.4524],[-78.1426,-1.4513],[-78.1288,-1.4527],[-78.1238,-1.4549],[-78.1193,-1.4606],[-78.1049,-1.4751],[-78.0945,-1.4874],[-78.0866,-1.4943],[-78.082,-1.4964],[-78.0745,-1.5088],[-78.0725,-1.5154],[-78.0687,-1.524],[-78.0634,-1.5275],[-78.0615,-1.5399],[-78.0607,-1.5575],[-78.0563,-1.5715],[-78.0505,-1.5802],[-78.0411,-1.6078],[-78.0371,-1.6304],[-78.0303,-1.6478],[-78.0238,-1.6665],[-78.0247,-1.6693],[-78.0194,-1.6771],[-78.0097,-1.6776],[-78.0008,-1.6743],[-77.9913,-1.6742],[-77.979,-1.6686],[-77.9687,-1.6667],[-77.957,-1.6561],[-77.9498,-1.653],[-77.9424,-1.6526],[-77.9343,-1.6569],[-77.9235,-1.6567],[-77.9239,-1.6518],[-77.9192,-1.6487],[-77.9219,-1.6411],[-77.9399,-1.6364],[-77.9481,-1.6308],[-77.947,-1.622],[-77.9535,-1.6213],[-77.9563,-1.6139],[-77.9597,-1.615],[-77.9646,-1.6074],[-77.963,-1.6034],[-77.967,-1.5944],[-77.9683,-1.5851],[-77.9729,-1.5789],[-77.9761,-1.5828],[-77.9901,-1.5809],[-78.0004,-1.5717],[-78.0064,-1.5723],[-78.0128,-1.5653],[-78.0185,-1.5269],[-78.0216,-1.5043],[-78.0278,-1.5097],[-78.0346,-1.5019],[-78.03,-1.4965],[-78.03,-1.4854],[-78.0381,-1.4788],[-78.0424,-1.472],[-78.0437,-1.4608],[-78.0455,-1.4575],[-78.0524,-1.4525],[-78.056,-1.4422],[-78.0549,-1.4365],[-78.0514,-1.4329],[-78.0517,-1.418],[-78.0505,-1.4084],[-78.0416,-1.4011],[-78.0331,-1.3959],[-78.0295,-1.3902],[-78.0224,-1.3947],[-78.019,-1.392],[-78.0181,-1.3765],[-78.0093,-1.3754],[-78.0056,-1.3716],[-78.0044,-1.3656],[-78.0015,-1.3648],[-78.0038,-1.3536],[-78.0017,-1.349],[-78.0055,-1.3442],[-78.0034,-1.3398],[-77.9998,-1.3406],[-77.9973,-1.3291],[-77.9992,-1.3267],[-77.9952,-1.3197],[-77.9863,-1.3177],[-77.9794,-1.3099],[-77.9738,-1.3096],[-77.9701,-1.304],[-77.9708,-1.2997],[-77.9745,-1.3003],[-77.97,-1.2931],[-77.9703,-1.2845],[-77.9646,-1.2808],[-77.9602,-1.2742],[-77.9665,-1.2242],[-77.9762,-1.2261],[-77.9829,-1.2233],[-77.9903,-1.2254],[-78.004,-1.221],[-78.0149,-1.2245],[-78.0193,-1.2333],[-78.0265,-1.2377],[-78.044,-1.2432],[-78.0447,-1.2465],[-78.0505,-1.2481],[-78.0694,-1.239],[-78.0713,-1.2355],[-78.0752,-1.2373],[-78.0826,-1.2296],[-78.0857,-1.2323],[-78.0881,-1.2293],[-78.0916,-1.2325],[-78.0971,-1.2255],[-78.104,-1.2304],[-78.1113,-1.233],[-78.123,-1.2224]]]},"properties":{"poblacion":11861,"dpa_descan":"MERA","dpa_provin":"16","dpa_despro":"PASTAZA","dpa_canton":"1602"}},
{"type":"Feature","geometry":{"type":"Polygon","coordinates":[[[-79.8799,-0.15],[-79.8661,-0.1473],[-79.8658,-0.1444],[-79.8579,-0.1483],[-79.8531,-0.1477],[-79.8516,-0.1424],[-79.8535,-0.138],[-79.8513,-0.1313],[-79.8451,-0.1267],[-79.8353,-0.1316],[-79.83,-0.1311],[-79.8271,-0.1276],[-79.8276,-0.1229],[-79.8245,-0.1204],[-79.8276,-0.1115],[-79.8195,-0.1067],[-79.8169,-0.0999],[-79.8012,-0.1039],[-79.798,-0.1089],[-79.7934,-0.1064],[-79.7776,-0.1125],[-79.7614,-0.1083],[-79.7511,-0.1097],[-79.7436,-0.1063],[-79.736,-0.1101],[-79.7269,-0.109],[-79.7189,-0.1155],[-79.7094,-0.1166],[-79.7027,-0.1237],[-79.6973,-0.1242],[-79.69,-0.1391],[-79.6871,-0.1343],[-79.6764,-0.1427],[-79.6686,-0.143],[-79.6658,-0.153],[-79.6619,-0.154],[-79.6626,-0.1596],[-79.6584,-0.1635],[-79.6492,-0.1574],[-79.638,-0.161],[-79.627,-0.1531],[-79.6252,-0.1474],[-79.6287,-0.146],[-79.6303,-0.1405],[-79.6251,-0.1334],[-79.6181,-0.1275],[-79.6219,-0.1221],[-79.6226,-0.1108],[-79.617,-0.1087],[-79.6151,-0.105],[-79.6085,-0.1029],[-79.6052,-0.0912],[-79.6078,-0.0847],[-79.6049,-0.0743],[-79.6082,-0.0736],[-79.6108,-0.0646],[-79.6026,-0.0592],[-79.6034,-0.0555],[-79.6092,-0.053],[-79.6084,-0.0458],[-79.6106,-0.0409],[-79.6149,-0.0405],[-79.6158,-0.0355],[-79.609,-0.0274],[-79.6058,-0.0212],[-79.603,-0.0197],[-79.6071,-0.0063],[-79.6125,-0.0073],[-79.6131,0.0121],[-79.6224,0.0137],[-79.6251,0.0197],[-79.6238,0.0242],[-79.615,0.0297],[-79.6151,0.0339],[-79.6253,0.0347],[-79.6237,0.0443],[-79.6171,0.0516],[-79.6193,0.0582],[-79.6111,0.0572],[-79.6068,0.0607],[-79.6026,0.0602],[-79.5975,0.066],[-79.6039,0.074],[-79.6029,0.0824],[-79.6082,0.084],[-79.6105,0.0879],[-79.6209,0.0865],[-79.6241,0.0879],[-79.6248,0.0833],[-79.6298,0.0807],[-79.6286,0.0729],[-79.6316,0.0673],[-79.6417,0.0652],[-79.6442,0.0679],[-79.6488,0.0612],[-79.6554,0.0587],[-79.6627,0.0609],[-79.6775,0.0582],[-79.6823,0.0597],[-79.691,0.057],[-79.6942,0.0592],[-79.7042,0.0569],[-79.7031,0.0452],[-79.7054,0.0407],[-79.7044,0.0344],[-79.7096,0.0332],[-79.7164,0.0348],[-79.7262,0.0339],[-79.7296,0.0291],[-79.7402,0.027],[-79.7411,0.0234],[-79.7382,0.018],[-79.7442,0.0193],[-79.7521,0.0175],[-79.7567,0.0199],[-79.7682,0.0174],[-79.7717,0.0138],[-79.7853,0.0105],[-79.8055,0.004],[-79.8251,-0.0003],[-79.8336,0.0035],[-79.8438,-0.0016],[-79.8392,-0.0081],[-79.8421,-0.022],[-79.848,-0.0283],[-79.8589,-0.0311],[-79.8663,-0.0384],[-79.87,-0.0454],[-79.8842,-0.0553],[-79.8939,-0.0584],[-79.9093,-0.0573],[-79.9168,-0.0643],[-79.9276,-0.0717],[-79.932,-0.077],[-79.9277,-0.0841],[-79.9337,-0.0915],[-79.946,-0.0932],[-79.9542,-0.0972],[-79.963,-0.1082],[-79.9672,-0.1135],[-79.9691,-0.1221],[-79.969,-0.132],[-79.9667,-0.1347],[-79.9651,-0.1436],[-79.9655,-0.1451],[-79.9939,-0.1701],[-79.9987,-0.1702],[-80.0092,-0.1777],[-80.0155,-0.1851],[-80.0201,-0.1853],[-80.0272,-0.1917],[-80.0344,-0.2008],[-80.047,-0.2031],[-80.0528,-0.215],[-80.0637,-0.2157],[-80.0661,-0.2175],[-80.0689,-0.2275],[-80.0782,-0.2314],[-80.0829,-0.2364],[-80.0804,-0.2478],[-80.082,-0.2521],[-80.0899,-0.2617],[-80.0986,-0.2778],[-80.0978,-0.287],[-80.0999,-0.3014],[-80.1078,-0.3067],[-80.1116,-0.3149],[-80.1274,-0.3289],[-80.1283,-0.3316],[-80.1253,-0.3406],[-80.1286,-0.3505],[-80.1381,-0.3536],[-80.147,-0.3532],[-80.1546,-0.3588],[-80.171,-0.3667],[-80.1701,-0.3708],[-80.171,-0.3896],[-80.174,-0.4131],[-80.1738,-0.4279],[-80.1786,-0.4264],[-80.1882,-0.4331],[-80.186,-0.4397],[-80.1897,-0.4558],[-80.1882,-0.4642],[-80.19,-0.4689],[-80.1896,-0.4824],[-80.1932,-0.4844],[-80.1964,-0.4816],[-80.205,-0.4863],[-80.2216,-0.4918],[-80.223,-0.4941],[-80.2378,-0.4998],[-80.242,-0.5044],[-80.2414,-0.5086],[-80.2467,-0.5139],[-80.2453,-0.5258],[-80.2473,-0.5346],[-80.2454,-0.5437],[-80.2564,-0.5566],[-80.2584,-0.5688],[-80.2653,-0.5739],[-80.2675,-0.5729],[-80.2711,-0.5781],[-80.2667,-0.5948],[-80.2521,-0.603],[-80.2422,-0.6074],[-80.2758,-0.6095],[-80.2734,-0.6184],[-80.274,-0.6257],[-80.2801,-0.6344],[-80.2817,-0.6458],[-80.2806,-0.6525],[-80.2791,-0.658],[-80.2735,-0.6657],[-80.2761,-0.6691],[-80.2747,-0.6821],[-80.2706,-0.6871],[-80.2695,-0.6801],[-80.2614,-0.6847],[-80.2614,-0.6913],[-80.2582,-0.6874],[-80.253,-0.6923],[-80.245,-0.6886],[-80.2382,-0.69],[-80.2341,-0.6971],[-80.2293,-0.6956],[-80.2268,-0.7015],[-80.2282,-0.7075],[-80.226,-0.7118],[-80.2158,-0.7122],[-80.2134,-0.7192],[-80.2093,-0.7224],[-80.2062,-0.7339],[-80.2026,-0.73],[-80.1967,-0.7332],[-80.1903,-0.7333],[-80.1909,-0.74],[-80.1887,-0.7419],[-80.1768,-0.7312],[-80.1661,-0.7321],[-80.1592,-0.7377],[-80.1632,-0.7504],[-80.1618,-0.7585],[-80.1503,-0.7648],[-80.1452,-0.7658],[-80.1451,-0.7707],[-80.1552,-0.7741],[-80.1562,-0.7832],[-80.1603,-0.7903],[-80.1582,-0.7957],[-80.165,-0.7942],[-80.1748,-0.8054],[-80.1559,-0.8145],[-80.1527,-0.8219],[-80.1487,-0.8248],[-80.1429,-0.8167],[-80.1313,-0.8167],[-80.1268,-0.8225],[-80.1192,-0.8286],[-80.1119,-0.832],[-80.1077,-0.8304],[-80.0988,-0.8365],[-80.0945,-0.8329],[-80.0922,-0.8377],[-80.0807,-0.8476],[-80.068,-0.85],[-80.0554,-0.854],[-80.0388,-0.849],[-80.0206,-0.8402],[-80.0146,-0.8412],[-80.0037,-0.8344],[-79.9978,-0.833],[-79.9926,-0.8286],[-79.9743,-0.8325],[-79.9693,-0.8322],[-79.9591,-0.8218],[-79.9506,-0.82],[-79.9456,-0.8159],[-79.9407,-0.8179],[-79.935,-0.8106],[-79.9384,-0.7946],[-79.9332,-0.7938],[-79.9281,-0.7973],[-79.9177,-0.7964],[-79.9116,-0.7915],[-79.9069,-0.7931],[-79.9021,-0.7895],[-79.8975,-0.7768],[-79.894,-0.7748],[-79.8872,-0.7758],[-79.8796,-0.7627],[-79.8788,-0.7561],[-79.8791,-0.7306],[-79.8772,-0.7233],[-79.8775,-0.7148],[-79.884,-0.7082],[-79.8837,-0.7013],[-79.8887,-0.6944],[-79.8961,-0.6928],[-79.9033,-0.687],[-79.9043,-0.6841],[-79.9019,-0.6746],[-79.8977,-0.6692],[-79.8979,-0.6583],[-79.8997,-0.6446],[-79.8946,-0.6391],[-79.8895,-0.6423],[-79.889,-0.6459],[-79.8842,-0.6486],[-79.8741,-0.6459],[-79.871,-0.6411],[-79.865,-0.6415],[-79.8589,-0.6376],[-79.8496,-0.6422],[-79.848,-0.6402],[-79.8359,-0.638],[-79.833,-0.6362],[-79.8223,-0.6394],[-79.8148,-0.6453],[-79.8054,-0.6419],[-79.8026,-0.6522],[-79.7934,-0.6535],[-79.7899,-0.66],[-79.7796,-0.6609],[-79.7701,-0.6587],[-79.7592,-0.663],[-79.7608,-0.669],[-79.7528,-0.6706],[-79.7552,-0.6759],[-79.7519,-0.6886],[-79.7458,-0.69],[-79.7454,-0.6951],[-79.735,-0.6982],[-79.7323,-0.6967],[-79.7265,-0.7011],[-79.7204,-0.6985],[-79.7175,-0.7015],[-79.7009,-0.7094],[-79.7043,-0.7114],[-79.7007,-0.7164],[-79.6929,-0.7159],[-79.6911,-0.7193],[-79.6846,-0.7221],[-79.6819,-0.7287],[-79.6754,-0.7291],[-79.6742,-0.7369],[-79.6785,-0.7431],[-79.6746,-0.7495],[-79.6761,-0.757],[-79.6721,-0.7602],[-79.6677,-0.7551],[-79.6676,-0.7484],[-79.6611,-0.744],[-79.669,-0.7376],[-79.6619,-0.7283],[-79.6596,-0.7144],[-79.6537,-0.7159],[-79.6499,-0.7125],[-79.6536,-0.7009],[-79.6593,-0.6988],[-79.6576,-0.6934],[-79.652,-0.6905],[-79.6513,-0.6855],[-79.6453,-0.6789],[-79.6455,-0.673],[-79.6335,-0.6706],[-79.6327,-0.6604],[-79.6345,-0.6569],[-79.6322,-0.6523],[-79.6334,-0.644],[-79.6281,-0.6399],[-79.6256,-0.6291],[-79.6301,-0.6122],[-79.631,-0.604],[-79.6263,-0.594],[-79.6296,-0.5909],[-79.6415,-0.5872],[-79.6487,-0.5829],[-79.6621,-0.5841],[-79.6632,-0.58],[-79.6702,-0.5861],[-79.6725,-0.5832],[-79.6811,-0.5792],[-79.6923,-0.5719],[-79.6943,-0.5651],[-79.6887,-0.5624],[-79.6871,-0.5574],[-79.6758,-0.5481],[-79.674,-0.5398],[-79.6762,-0.5358],[-79.6836,-0.5318],[-79.6902,-0.5121],[-79.6896,-0.5062],[-79.686,-0.4988],[-79.6861,-0.4947],[-79.6999,-0.4869],[-79.6995,-0.4825],[-79.7011,-0.479],[-79.7048,-0.4831],[-79.7144,-0.4871],[-79.717,-0.4932],[-79.7153,-0.4963],[-79.7199,-0.5004],[-79.7203,-0.5048],[-79.7103,-0.5103],[-79.7077,-0.5154],[-79.7016,-0.5143],[-79.7033,-0.5193],[-79.7072,-0.52],[-79.7095,-0.5255],[-79.7058,-0.5273],[-79.7075,-0.5368],[-79.7142,-0.5431],[-79.7172,-0.5403],[-79.7195,-0.549],[-79.7235,-0.5453],[-79.7262,-0.5488],[-79.7324,-0.5438],[-79.7388,-0.546],[-79.7468,-0.5422],[-79.7479,-0.5374],[-79.7515,-0.5402],[-79.7572,-0.5372],[-79.761,-0.5394],[-79.7608,-0.5315],[-79.7664,-0.5364],[-79.7734,-0.529],[-79.7758,-0.5301],[-79.7874,-0.5379],[-79.7917,-0.537],[-79.7963,-0.5323],[-79.8052,-0.5321],[-79.8141,-0.5245],[-79.8276,-0.5243],[-79.8402,-0.5306],[-79.844,-0.539],[-79.8523,-0.5284],[-79.8598,-0.5078],[-79.8594,-0.5013],[-79.865,-0.5004],[-79.8715,-0.5029],[-79.8832,-0.5117],[-79.8912,-0.5055],[-79.8899,-0.5017],[-79.8977,-0.4953],[-79.9013,-0.4901],[-79.9052,-0.4893],[-79.9122,-0.4974],[-79.9253,-0.4985],[-79.9298,-0.4971],[-79.933,-0.5013],[-79.9404,-0.5005],[-79.9429,-0.4947],[-79.9477,-0.4926],[-79.965,-0.5031],[-79.9749,-0.4993],[-79.9756,-0.4927],[-79.992,-0.4897],[-80.004,-0.4837],[-80.0143,-0.4832],[-80.0271,-0.4857],[-80.0339,-0.4853],[-80.0327,-0.4793],[-80.0409,-0.4723],[-80.0402,-0.4656],[-80.0423,-0.4604],[-80.0397,-0.4566],[-80.0447,-0.4415],[-80.0479,-0.4419],[-80.0455,-0.4351],[-80.0518,-0.4319],[-80.0536,-0.4278],[-80.0475,-0.4292],[-80.036,-0.4289],[-80.0311,-0.4336],[-80.0215,-0.4302],[-80.0159,-0.4321],[-80.0121,-0.4306],[-80.009,-0.4234],[-80.0077,-0.4137],[-79.9966,-0.4027],[-79.9861,-0.4026],[-79.9771,-0.3929],[-79.9691,-0.3871],[-79.9714,-0.3859],[-79.9615,-0.3776],[-79.9605,-0.3729],[-79.9625,-0.3666],[-79.9614,-0.3581],[-79.9549,-0.354],[-79.9531,-0.3466],[-79.9532,-0.3298],[-79.9613,-0.3269],[-79.9722,-0.3103],[-79.9724,-0.3058],[-79.9685,-0.2998],[-79.959,-0.3004],[-79.9522,-0.2959],[-79.947,-0.29],[-79.9481,-0.2837],[-79.9463,-0.2767],[-79.9513,-0.2717],[-79.9521,-0.2654],[-79.9487,-0.2601],[-79.9652,-0.249],[-79.9575,-0.2319],[-79.9406,-0.2148],[-79.9333,-0.219],[-79.9277,-0.2178],[-79.9199,-0.2241],[-79.9142,-0.2231],[-79.9058,-0.2263],[-79.8996,-0.2321],[-79.8949,-0.2332],[-79.8885,-0.2278],[-79.8786,-0.2272],[-79.8857,-0.2217],[-79.8894,-0.2218],[-79.8922,-0.2173],[-79.9037,-0.2129],[-79.9047,-0.1993],[-79.9023,-0.1888],[-79.8988,-0.1881],[-79.8971,-0.1759],[-79.8891,-0.1671],[-79.8847,-0.1668],[-79.884,-0.1611],[-79.8874,-0.1529],[-79.8805,-0.1524],[-79.8799,-0.15]]]},"properties":{"poblacion":126491,"dpa_descan":"CHONE","dpa_provin":"13","dpa_despro":"MANABI","dpa_canton":"1303"}},
{"type":"Feature","geometry":{"type":"Polygon","coordinates":[[[-79.429,-0.1757],[-79.4493,-0.1794],[-79.4505,-0.1761],[-79.4554,-0.1783],[-79.4618,-0.1716],[-79.4703,-0.1713],[-79.4696,-0.1755],[-79.4789,-0.1699],[-79.4859,-0.1712],[-79.4924,-0.1675],[-79.4938,-0.1696],[-79.5086,-0.1688],[-79.5114,-0.1651],[-79.5193,-0.1638],[-79.5246,-0.1575],[-79.5235,-0.1487],[-79.5294,-0.1429],[-79.5297,-0.1366],[-79.541,-0.1336],[-79.5403,-0.1265],[-79.5445,-0.1232],[-79.5435,-0.1103],[-79.5466,-0.1072],[-79.5482,-0.1003],[-79.5543,-0.0969],[-79.5579,-0.0905],[-79.5643,-0.0907],[-79.5723,-0.0828],[-79.5788,-0.0792],[-79.5824,-0.0738],[-79.5812,-0.0706],[-79.5951,-0.0665],[-79.5962,-0.0629],[-79.6026,-0.0592],[-79.6108,-0.0646],[-79.6082,-0.0736],[-79.6049,-0.0743],[-79.6078,-0.0847],[-79.6052,-0.0912],[-79.6085,-0.1029],[-79.6151,-0.105],[-79.617,-0.1087],[-79.6226,-0.1108],[-79.6219,-0.1221],[-79.6181,-0.1275],[-79.6251,-0.1334],[-79.6303,-0.1405],[-79.6287,-0.146],[-79.6252,-0.1474],[-79.627,-0.1531],[-79.6202,-0.1521],[-79.6167,-0.1599],[-79.6121,-0.1645],[-79.6136,-0.1702],[-79.6181,-0.1765],[-79.6127,-0.1785],[-79.6156,-0.1831],[-79.6105,-0.1865],[-79.6161,-0.1972],[-79.6137,-0.2072],[-79.6102,-0.208],[-79.6116,-0.2151],[-79.6164,-0.2195],[-79.616,-0.2233],[-79.6238,-0.2236],[-79.6313,-0.2336],[-79.6288,-0.2353],[-79.6284,-0.2459],[-79.6346,-0.254],[-79.6334,-0.2616],[-79.637,-0.264],[-79.636,-0.2758],[-79.6395,-0.2731],[-79.645,-0.2743],[-79.6475,-0.2782],[-79.6516,-0.2756],[-79.6609,-0.2776],[-79.6634,-0.2826],[-79.667,-0.2817],[-79.6689,-0.2887],[-79.6735,-0.2819],[-79.6798,-0.2917],[-79.682,-0.2908],[-79.6914,-0.2992],[-79.6945,-0.299],[-79.6945,-0.3057],[-79.6975,-0.3053],[-79.7127,-0.3142],[-79.7177,-0.3135],[-79.723,-0.3158],[-79.7249,-0.3225],[-79.7351,-0.3307],[-79.7367,-0.3399],[-79.7366,-0.3504],[-79.7519,-0.3509],[-79.7565,-0.3667],[-79.756,-0.3735],[-79.7583,-0.3758],[-79.7512,-0.3832],[-79.7451,-0.3824],[-79.7427,-0.3876],[-79.7376,-0.3911],[-79.7396,-0.3988],[-79.7377,-0.4042],[-79.7304,-0.4044],[-79.7276,-0.4184],[-79.7239,-0.4222],[-79.7207,-0.421],[-79.7176,-0.4253],[-79.7125,-0.4257],[-79.7098,-0.432],[-79.7051,-0.4369],[-79.6987,-0.4352],[-79.6912,-0.4357],[-79.6884,-0.4321],[-79.6833,-0.4331],[-79.6786,-0.4384],[-79.6788,-0.4463],[-79.6822,-0.4489],[-79.6831,-0.4551],[-79.6849,-0.4607],[-79.6913,-0.4669],[-79.6943,-0.4785],[-79.6995,-0.4825],[-79.6999,-0.4869],[-79.6861,-0.4947],[-79.686,-0.4988],[-79.6896,-0.5062],[-79.6902,-0.5121],[-79.6836,-0.5318],[-79.6762,-0.5358],[-79.674,-0.5398],[-79.6758,-0.5481],[-79.6871,-0.5574],[-79.6887,-0.5624],[-79.6943,-0.5651],[-79.6923,-0.5719],[-79.6811,-0.5792],[-79.6725,-0.5832],[-79.6702,-0.5861],[-79.6632,-0.58],[-79.6621,-0.5841],[-79.6487,-0.5829],[-79.6415,-0.5872],[-79.6296,-0.5909],[-79.6263,-0.594],[-79.6203,-0.5913],[-79.6135,-0.5828],[-79.6204,-0.5727],[-79.6222,-0.5642],[-79.6131,-0.5525],[-79.6051,-0.5469],[-79.6046,-0.5412],[-79.5901,-0.5431],[-79.5858,-0.5372],[-79.5737,-0.5373],[-79.57,-0.5289],[-79.5717,-0.5252],[-79.5673,-0.5237],[-79.5612,-0.5179],[-79.5602,-0.5135],[-79.5563,-0.512],[-79.5498,-0.505],[-79.5529,-0.5039],[-79.5451,-0.4997],[-79.5404,-0.493],[-79.5411,-0.4898],[-79.5369,-0.4858],[-79.5303,-0.4855],[-79.5214,-0.4884],[-79.516,-0.4922],[-79.5049,-0.4932],[-79.5049,-0.5037],[-79.4599,-0.5037],[-79.459,-0.4956],[-79.4574,-0.4877],[-79.4494,-0.4801],[-79.454,-0.4773],[-79.4587,-0.4785],[-79.4598,-0.4727],[-79.4642,-0.4719],[-79.4629,-0.468],[-79.4561,-0.4663],[-79.4586,-0.4611],[-79.4569,-0.4562],[-79.4491,-0.4558],[-79.4485,-0.4521],[-79.4428,-0.4498],[-79.437,-0.4411],[-79.4289,-0.4385],[-79.4252,-0.4307],[-79.4207,-0.4272],[-79.4224,-0.422],[-79.4166,-0.4146],[-79.4094,-0.41],[-79.4062,-0.4045],[-79.4018,-0.4026],[-79.4022,-0.387],[-79.4057,-0.3822],[-79.4024,-0.3757],[-79.4026,-0.3237],[-79.401,-0.3153],[-79.4072,-0.3056],[-79.4075,-0.3007],[-79.4039,-0.296],[-79.4025,-0.2863],[-79.4072,-0.2836],[-79.4103,-0.2777],[-79.4111,-0.2672],[-79.4097,-0.2437],[-79.4138,-0.2335],[-79.4106,-0.2271],[-79.4102,-0.2175],[-79.4133,-0.2133],[-79.4102,-0.2086],[-79.4145,-0.2074],[-79.4188,-0.1973],[-79.4169,-0.1907],[-79.428,-0.1798],[-79.429,-0.1757]]]},"properties":{"poblacion":89021,"dpa_descan":"EL CARMEN","dpa_provin":"13","dpa_despro":"MANABI","dpa_canton":"1304"}},
{"type":"Feature","geometry":{"type":"Polygon","coordinates":[[[-79.9722,-0.3103],[-79.9613,-0.3269],[-79.9532,-0.3298],[-79.9531,-0.3466],[-79.9549,-0.354],[-79.9614,-0.3581],[-79.9625,-0.3666],[-79.9605,-0.3729],[-79.9615,-0.3776],[-79.9714,-0.3859],[-79.9691,-0.3871],[-79.9771,-0.3929],[-79.9861,-0.4026],[-79.9966,-0.4027],[-80.0077,-0.4137],[-80.009,-0.4234],[-80.0121,-0.4306],[-80.0159,-0.4321],[-80.0215,-0.4302],[-80.0311,-0.4336],[-80.036,-0.4289],[-80.0475,-0.4292],[-80.0536,-0.4278],[-80.0518,-0.4319],[-80.0455,-0.4351],[-80.0479,-0.4419],[-80.0447,-0.4415],[-80.0397,-0.4566],[-80.0423,-0.4604],[-80.0402,-0.4656],[-80.0409,-0.4723],[-80.0327,-0.4793],[-80.0339,-0.4853],[-80.0271,-0.4857],[-80.0143,-0.4832],[-80.004,-0.4837],[-79.992,-0.4897],[-79.9756,-0.4927],[-79.9749,-0.4993],[-79.965,-0.5031],[-79.9477,-0.4926],[-79.9429,-0.4947],[-79.9404,-0.5005],[-79.933,-0.5013],[-79.9298,-0.4971],[-79.9253,-0.4985],[-79.9122,-0.4974],[-79.9052,-0.4893],[-79.9013,-0.4901],[-79.8977,-0.4953],[-79.8899,-0.5017],[-79.8912,-0.5055],[-79.8832,-0.5117],[-79.8715,-0.5029],[-79.865,-0.5004],[-79.8594,-0.5013],[-79.8598,-0.5078],[-79.8523,-0.5284],[-79.844,-0.539],[-79.8402,-0.5306],[-79.8276,-0.5243],[-79.8141,-0.5245],[-79.8052,-0.5321],[-79.7963,-0.5323],[-79.7917,-0.537],[-79.7874,-0.5379],[-79.7758,-0.5301],[-79.7734,-0.529],[-79.7664,-0.5364],[-79.7608,-0.5315],[-79.761,-0.5394],[-79.7572,-0.5372],[-79.7515,-0.5402],[-79.7479,-0.5374],[-79.7468,-0.5422],[-79.7388,-0.546],[-79.7324,-0.5438],[-79.7262,-0.5488],[-79.7235,-0.5453],[-79.7195,-0.549],[-79.7172,-0.5403],[-79.7142,-0.5431],[-79.7075,-0.5368],[-79.7058,-0.5273],[-79.7095,-0.5255],[-79.7072,-0.52],[-79.7033,-0.5193],[-79.7016,-0.5143],[-79.7077,-0.5154],[-79.7103,-0.5103],[-79.7203,-0.5048],[-79.7199,-0.5004],[-79.7153,-0.4963],[-79.717,-0.4932],[-79.7144,-0.4871],[-79.7048,-0.4831],[-79.7011,-0.479],[-79.6995,-0.4825],[-79.6943,-0.4785],[-79.6913,-0.4669],[-79.6849,-0.4607],[-79.6831,-0.4551],[-79.6822,-0.4489],[-79.6788,-0.4463],[-79.6786,-0.4384],[-79.6833,-0.4331],[-79.6884,-0.4321],[-79.6912,-0.4357],[-79.6987,-0.4352],[-79.7051,-0.4369],[-79.7098,-0.432],[-79.7125,-0.4257],[-79.7176,-0.4253],[-79.7207,-0.421],[-79.7239,-0.4222],[-79.7276,-0.4184],[-79.7304,-0.4044],[-79.7377,-0.4042],[-79.7396,-0.3988],[-79.7376,-0.3911],[-79.7427,-0.3876],[-79.7451,-0.3824],[-79.7512,-0.3832],[-79.7583,-0.3758],[-79.756,-0.3735],[-79.7565,-0.3667],[-79.7519,-0.3509],[-79.7366,-0.3504],[-79.7367,-0.3399],[-79.7351,-0.3307],[-79.7249,-0.3225],[-79.723,-0.3158],[-79.7177,-0.3135],[-79.7127,-0.3142],[-79.6975,-0.3053],[-79.6945,-0.3057],[-79.6945,-0.299],[-79.6914,-0.2992],[-79.682,-0.2908],[-79.6798,-0.2917],[-79.6735,-0.2819],[-79.6689,-0.2887],[-79.667,-0.2817],[-79.6634,-0.2826],[-79.6609,-0.2776],[-79.6516,-0.2756],[-79.6475,-0.2782],[-79.645,-0.2743],[-79.6395,-0.2731],[-79.636,-0.2758],[-79.637,-0.264],[-79.6334,-0.2616],[-79.6346,-0.254],[-79.6284,-0.2459],[-79.6288,-0.2353],[-79.6313,-0.2336],[-79.6238,-0.2236],[-79.616,-0.2233],[-79.6164,-0.2195],[-79.6116,-0.2151],[-79.6102,-0.208],[-79.6137,-0.2072],[-79.6161,-0.1972],[-79.6105,-0.1865],[-79.6156,-0.1831],[-79.6127,-0.1785],[-79.6181,-0.1765],[-79.6136,-0.1702],[-79.6121,-0.1645],[-79.6167,-0.1599],[-79.6202,-0.1521],[-79.627,-0.1531],[-79.638,-0.161],[-79.6492,-0.1574],[-79.6584,-0.1635],[-79.6626,-0.1596],[-79.6619,-0.154],[-79.6658,-0.153],[-79.6686,-0.143],[-79.6764,-0.1427],[-79.6871,-0.1343],[-79.69,-0.1391],[-79.6973,-0.1242],[-79.7027,-0.1237],[-79.7094,-0.1166],[-79.7189,-0.1155],[-79.7269,-0.109],[-79.736,-0.1101],[-79.7436,-0.1063],[-79.7511,-0.1097],[-79.7614,-0.1083],[-79.7776,-0.1125],[-79.7934,-0.1064],[-79.798,-0.1089],[-79.8012,-0.1039],[-79.8169,-0.0999],[-79.8195,-0.1067],[-79.8276,-0.1115],[-79.8245,-0.1204],[-79.8276,-0.1229],[-79.8271,-0.1276],[-79.83,-0.1311],[-79.8353,-0.1316],[-79.8451,-0.1267],[-79.8513,-0.1313],[-79.8535,-0.138],[-79.8516,-0.1424],[-79.8531,-0.1477],[-79.8579,-0.1483],[-79.8658,-0.1444],[-79.8661,-0.1473],[-79.8799,-0.15],[-79.8805,-0.1524],[-79.8874,-0.1529],[-79.884,-0.1611],[-79.8847,-0.1668],[-79.8891,-0.1671],[-79.8971,-0.1759],[-79.8988,-0.1881],[-79.9023,-0.1888],[-79.9047,-0.1993],[-79.9037,-0.2129],[-79.8922,-0.2173],[-79.8894,-0.2218],[-79.8857,-0.2217],[-79.8786,-0.2272],[-79.8885,-0.2278],[-79.8949,-0.2332],[-79.8996,-0.2321],[-79.9058,-0.2263],[-79.9142,-0.2231],[-79.9199,-0.2241],[-79.9277,-0.2178],[-79.9333,-0.219],[-79.9406,-0.2148],[-79.9575,-0.2319],[-79.9652,-0.249],[-79.9487,-0.2601],[-79.9521,-0.2654],[-79.9513,-0.2717],[-79.9463,-0.2767],[-79.9481,-0.2837],[-79.947,-0.29],[-79.9522,-0.2959],[-79.959,-0.3004],[-79.9685,-0.2998],[-79.9724,-0.3058],[-79.9722,-0.3103]]]},"properties":{"poblacion":25004,"dpa_descan":"FLAVIO ALFARO","dpa_provin":"13","dpa_despro":"MANABI","dpa_canton":"1305"}},
{"type":"Feature","geometry":{"type":"Polygon","coordinates":[[[-78.6747,-0.8032],[-78.6765,-0.7971],[-78.6816,-0.7904],[-78.6911,-0.7769],[-78.6898,-0.7698],[-78.6939,-0.7606],[-78.6998,-0.7536],[-78.7113,-0.748],[-78.7207,-0.7479],[-78.7257,-0.7523],[-78.7563,-0.7542],[-78.7705,-0.7566],[-78.775,-0.7646],[-78.7756,-0.7774],[-78.7781,-0.7809],[-78.7901,-0.7727],[-78.7959,-0.7805],[-78.8028,-0.7753],[-78.811,-0.7786],[-78.8141,-0.7762],[-78.8098,-0.7832],[-78.8086,-0.7915],[-78.8126,-0.7983],[-78.8119,-0.8028],[-78.8065,-0.8158],[-78.8088,-0.8179],[-78.8078,-0.8254],[-78.8039,-0.8302],[-78.8047,-0.8387],[-78.8076,-0.8492],[-78.8079,-0.8579],[-78.8103,-0.8632],[-78.8054,-0.8721],[-78.8083,-0.8776],[-78.8135,-0.882],[-78.813,-0.8876],[-78.8162,-0.8925],[-78.8138,-0.9015],[-78.8094,-0.9073],[-78.8085,-0.9197],[-78.8042,-0.92],[-78.7953,-0.9244],[-78.7869,-0.9208],[-78.7848,-0.9106],[-78.7864,-0.9034],[-78.7815,-0.8982],[-78.7757,-0.8854],[-78.7763,-0.8794],[-78.7729,-0.8752],[-78.7653,-0.874],[-78.756,-0.8786],[-78.7509,-0.8874],[-78.7442,-0.8814],[-78.7372,-0.8815],[-78.732,-0.8683],[-78.7274,-0.8688],[-78.7215,-0.8598],[-78.7143,-0.8592],[-78.7023,-0.8663],[-78.6964,-0.861],[-78.6929,-0.8627],[-78.6842,-0.8543],[-78.6689,-0.8541],[-78.6626,-0.8526],[-78.6569,-0.8614],[-78.6518,-0.8566],[-78.6403,-0.8673],[-78.6353,-0.8729],[-78.6355,-0.8684],[-78.6402,-0.8558],[-78.6435,-0.8534],[-78.6406,-0.8436],[-78.6536,-0.8383],[-78.6609,-0.834],[-78.6645,-0.8272],[-78.6641,-0.8215],[-78.6587,-0.815],[-78.6614,-0.8124],[-78.6702,-0.81],[-78.6747,-0.8032]]]},"properties":{"poblacion":25320,"dpa_descan":"SAQUISILI","dpa_provin":"05","dpa_despro":"COTOPAXI","dpa_canton":"0506"}},
{"type":"Feature","geometry":{"type":"Polygon","coordinates":[[[-78.1817,-0.1902],[-78.1793,-0.1859],[-78.1668,-0.1867],[-78.1649,-0.1766],[-78.1705,-0.1683],[-78.1835,-0.1539],[-78.1928,-0.151],[-78.2071,-0.1417],[-78.2194,-0.1379],[-78.2298,-0.1334],[-78.2334,-0.1346],[-78.2496,-0.1271],[-78.2541,-0.1223],[-78.2593,-0.1244],[-78.2711,-0.1246],[-78.2765,-0.1223],[-78.2738,-0.1202],[-78.2649,-0.1213],[-78.256,-0.1178],[-78.2369,-0.115],[-78.2331,-0.1091],[-78.2193,-0.1026],[-78.2117,-0.0887],[-78.2252,-0.091],[-78.2424,-0.0882],[-78.2499,-0.0945],[-78.2578,-0.0986],[-78.2759,-0.098],[-78.2794,-0.0953],[-78.2879,-0.0933],[-78.2922,-0.0899],[-78.3018,-0.0892],[-78.3041,-0.0862],[-78.3082,-0.0733],[-78.3103,-0.0681],[-78.3029,-0.062],[-78.2976,-0.0605],[-78.2965,-0.0529],[-78.2923,-0.0524],[-78.279,-0.0589],[-78.2733,-0.0575],[-78.2857,-0.0494],[-78.2971,-0.0356],[-78.2979,-0.0291],[-78.3046,-0.0255],[-78.3075,-0.0296],[-78.3129,-0.0255],[-78.3186,-0.0251],[-78.3188,-0.0199],[-78.3257,-0.0187],[-78.3338,-0.0245],[-78.3347,-0.033],[-78.3372,-0.0364],[-78.347,-0.0343],[-78.3538,-0.0308],[-78.3575,-0.0227],[-78.3665,-0.0282],[-78.377,-0.032],[-78.3818,-0.0314],[-78.3845,-0.0374],[-78.3886,-0.0387],[-78.3947,-0.036],[-78.3977,-0.0293],[-78.3994,-0.0252],[-78.3974,-0.0198],[-78.3993,-0.0119],[-78.404,-0.0075],[-78.4029,-0.003],[-78.4087,0.0013],[-78.4073,0.0074],[-78.4039,0.0105],[-78.4037,0.0202],[-78.4011,0.0193],[-78.3962,0.0274],[-78.3885,0.0342],[-78.3804,0.0393],[-78.3756,0.0483],[-78.3733,0.0575],[-78.3576,0.0633],[-78.351,0.0706],[-78.3454,0.0731],[-78.3388,0.0807],[-78.3277,0.0879],[-78.3223,0.0961],[-78.33,0.1037],[-78.3217,0.1085],[-78.3203,0.1117],[-78.3136,0.1123],[-78.309,0.1171],[-78.3009,0.1144],[-78.3053,0.1254],[-78.3089,0.1294],[-78.3077,0.1391],[-78.3018,0.1478],[-78.2958,0.1482],[-78.301,0.1548],[-78.2985,0.1579],[-78.2977,0.164],[-78.3012,0.1653],[-78.3011,0.1736],[-78.3078,0.1786],[-78.3107,0.185],[-78.3235,0.1904],[-78.3321,0.1914],[-78.3325,0.202],[-78.3392,0.2027],[-78.3435,0.1911],[-78.3491,0.1847],[-78.355,0.1747],[-78.3621,0.1673],[-78.3669,0.1658],[-78.3733,0.1593],[-78.3761,0.1681],[-78.3665,0.1788],[-78.3652,0.1862],[-78.3607,0.1927],[-78.3582,0.2028],[-78.3638,0.2086],[-78.3595,0.2144],[-78.3567,0.2172],[-78.3656,0.2214],[-78.3722,0.2226],[-78.3745,0.229],[-78.3802,0.2355],[-78.3815,0.2501],[-78.3908,0.2446],[-78.3987,0.2499],[-78.3983,0.243],[-78.4025,0.2412],[-78.4053,0.2468],[-78.418,0.2516],[-78.4197,0.2516],[-78.4317,0.2421],[-78.4435,0.2379],[-78.4562,0.2405],[-78.4581,0.2459],[-78.4623,0.2483],[-78.4666,0.2554],[-78.4724,0.2485],[-78.4768,0.2471],[-78.4888,0.2538],[-78.4961,0.2481],[-78.497,0.2437],[-78.5067,0.2356],[-78.5082,0.2288],[-78.5135,0.2261],[-78.5207,0.2292],[-78.5247,0.2281],[-78.5416,0.2379],[-78.5455,0.2312],[-78.5528,0.2256],[-78.5671,0.2227],[-78.5752,0.2251],[-78.5843,0.2249],[-78.5892,0.223],[-78.5967,0.2237],[-78.609,0.2177],[-78.6151,0.2208],[-78.6214,0.2163],[-78.6251,0.2181],[-78.6379,0.2068],[-78.6476,0.2101],[-78.6496,0.2147],[-78.6572,0.2166],[-78.6707,0.2122],[-78.6748,0.2107],[-78.6823,0.2157],[-78.681,0.2228],[-78.6975,0.2218],[-78.6993,0.2171],[-78.7056,0.2183],[-78.7095,0.2157],[-78.7114,0.2193],[-78.7184,0.2197],[-78.7265,0.2246],[-78.7356,0.2273],[-78.744,0.2348],[-78.7497,0.2349],[-78.7551,0.2406],[-78.7651,0.2386],[-78.7692,0.2422],[-78.7782,0.2431],[-78.7809,0.2405],[-78.7898,0.2389],[-78.8018,0.232],[-78.8111,0.2304],[-78.8227,0.2334],[-78.8249,0.2368],[-78.8337,0.2412],[-78.8405,0.2388],[-78.8558,0.2373],[-78.863,0.2326],[-78.8705,0.233],[-78.8775,0.2275],[-78.8802,0.2221],[-78.8939,0.2199],[-78.8949,0.2174],[-78.9098,0.213],[-78.9187,0.2145],[-78.9239,0.2212],[-78.9295,0.2178],[-78.9312,0.2136],[-78.937,0.2111],[-78.9397,0.2063],[-78.948,0.2034],[-78.9382,0.1917],[-78.9406,0.1859],[-78.9361,0.1742],[-78.9379,0.1674],[-78.9377,0.1586],[-78.9324,0.1451],[-78.9333,0.1397],[-78.9373,0.137],[-78.9357,0.1235],[-78.9392,0.118],[-78.9369,0.1043],[-78.9326,0.0957],[-78.9217,0.083],[-78.9094,0.075],[-78.9016,0.0766],[-78.8982,0.0681],[-78.8912,0.068],[-78.8861,0.0612],[-78.8738,0.0608],[-78.8662,0.0552],[-78.8644,0.0577],[-78.8545,0.0545],[-78.8503,0.0511],[-78.8438,0.0498],[-78.8402,0.0429],[-78.82,0.035],[-78.811,0.0357],[-78.8084,0.0328],[-78.7999,0.0335],[-78.798,0.0259],[-78.7932,0.0241],[-78.7835,0.034],[-78.7775,0.0346],[-78.7594,0.0257],[-78.7554,0.02],[-78.7503,0.0207],[-78.7446,0.0178],[-78.7434,0.0135],[-78.7352,0.0116],[-78.7304,0.0061],[-78.73,0.0021],[-78.7253,-0.0023],[-78.7226,-0.0124],[-78.7245,-0.021],[-78.7208,-0.0251],[-78.7031,-0.0322],[-78.6975,-0.0324],[-78.6878,-0.0266],[-78.6858,-0.022],[-78.681,-0.0202],[-78.6765,-0.0106],[-78.6716,-0.0075],[-78.6608,-0.0251],[-78.6592,-0.0361],[-78.6542,-0.0427],[-78.6445,-0.0494],[-78.638,-0.0624],[-78.6424,-0.06],[-78.6559,-0.0636],[-78.6516,-0.0675],[-78.6475,-0.0758],[-78.6504,-0.081],[-78.6508,-0.0885],[-78.6487,-0.0945],[-78.6476,-0.1012],[-78.6511,-0.1031],[-78.6593,-0.1195],[-78.6613,-0.1357],[-78.665,-0.1355],[-78.6776,-0.1284],[-78.6831,-0.1346],[-78.6905,-0.135],[-78.6932,-0.1283],[-78.7005,-0.1317],[-78.7153,-0.1278],[-78.7328,-0.1331],[-78.7404,-0.1285],[-78.7587,-0.1264],[-78.7668,-0.1238],[-78.7731,-0.1186],[-78.7881,-0.1119],[-78.7985,-0.101],[-78.8165,-0.1133],[-78.8192,-0.1051],[-78.8244,-0.1043],[-78.8322,-0.098],[-78.8334,-0.0927],[-78.8378,-0.098],[-78.8344,-0.1118],[-78.8282,-0.1173],[-78.8378,-0.1268],[-78.8396,-0.1338],[-78.8345,-0.1381],[-78.8334,-0.142],[-78.8357,-0.151],[-78.8336,-0.1604],[-78.8406,-0.1619],[-78.8423,-0.1661],[-78.8386,-0.168],[-78.8379,-0.1707],[-78.8292,-0.1787],[-78.834,-0.1845],[-78.8321,-0.1882],[-78.8104,-0.2038],[-78.8051,-0.2046],[-78.7948,-0.2135],[-78.7901,-0.215],[-78.787,-0.2111],[-78.783,-0.2131],[-78.7776,-0.2247],[-78.7713,-0.2283],[-78.7681,-0.2349],[-78.7597,-0.2397],[-78.7597,-0.2503],[-78.7532,-0.257],[-78.7532,-0.2609],[-78.7492,-0.2674],[-78.7465,-0.2772],[-78.744,-0.2958],[-78.7372,-0.2986],[-78.7339,-0.3094],[-78.7315,-0.3122],[-78.7316,-0.3198],[-78.7204,-0.3255],[-78.7141,-0.3179],[-78.6989,-0.3219],[-78.6953,-0.3205],[-78.6841,-0.3224],[-78.6815,-0.3214],[-78.6762,-0.3279],[-78.6733,-0.3364],[-78.6689,-0.3399],[-78.6668,-0.351],[-78.6615,-0.3601],[-78.6493,-0.3585],[-78.6431,-0.3598],[-78.6359,-0.3614],[-78.6223,-0.3601],[-78.6216,-0.3597],[-78.6191,-0.3562],[-78.6055,-0.3577],[-78.5931,-0.3528],[-78.5853,-0.3546],[-78.5743,-0.3539],[-78.562,-0.3591],[-78.5577,-0.3558],[-78.5448,-0.3621],[-78.5369,-0.3588],[-78.5319,-0.3595],[-78.5246,-0.3654],[-78.5204,-0.3657],[-78.5108,-0.3641],[-78.5041,-0.3717],[-78.5116,-0.3742],[-78.5153,-0.3802],[-78.5173,-0.388],[-78.5209,-0.3982],[-78.5095,-0.4088],[-78.5046,-0.4213],[-78.4935,-0.4376],[-78.4939,-0.4425],[-78.4799,-0.4572],[-78.471,-0.4406],[-78.4771,-0.4321],[-78.4744,-0.4188],[-78.4715,-0.4161],[-78.4742,-0.4054],[-78.4711,-0.3938],[-78.467,-0.3889],[-78.4646,-0.3796],[-78.4692,-0.3791],[-78.4725,-0.3723],[-78.4698,-0.3681],[-78.474,-0.3678],[-78.4746,-0.3619],[-78.4703,-0.3512],[-78.4635,-0.3451],[-78.4736,-0.3395],[-78.4727,-0.3359],[-78.4799,-0.3348],[-78.4762,-0.3263],[-78.4686,-0.3292],[-78.4659,-0.3222],[-78.4721,-0.3155],[-78.4691,-0.3148],[-78.4616,-0.3049],[-78.4629,-0.2906],[-78.4591,-0.2976],[-78.4539,-0.3026],[-78.4335,-0.3152],[-78.43,-0.3214],[-78.4257,-0.3226],[-78.4242,-0.327],[-78.4189,-0.3304],[-78.4159,-0.3473],[-78.4077,-0.3529],[-78.4096,-0.3561],[-78.4074,-0.3626],[-78.4049,-0.3622],[-78.402,-0.3685],[-78.3959,-0.3731],[-78.3939,-0.3828],[-78.3968,-0.391],[-78.4024,-0.3995],[-78.4057,-0.4017],[-78.408,-0.4216],[-78.4111,-0.4285],[-78.4122,-0.4422],[-78.4148,-0.4443],[-78.4249,-0.4603],[-78.4243,-0.4666],[-78.4294,-0.4838],[-78.4326,-0.4859],[-78.4361,-0.4954],[-78.4331,-0.4988],[-78.4298,-0.514],[-78.4258,-0.5233],[-78.4265,-0.5308],[-78.4318,-0.5472],[-78.4317,-0.5571],[-78.4267,-0.5712],[-78.4175,-0.568],[-78.4064,-0.5599],[-78.3964,-0.5561],[-78.3881,-0.5555],[-78.3828,-0.5504],[-78.3749,-0.5471],[-78.3723,-0.538],[-78.3684,-0.5405],[-78.3667,-0.548],[-78.3583,-0.5504],[-78.3593,-0.5559],[-78.3498,-0.5698],[-78.3421,-0.5711],[-78.3358,-0.5801],[-78.3353,-0.5841],[-78.3297,-0.589],[-78.3122,-0.5884],[-78.3031,-0.5784],[-78.2995,-0.5766],[-78.2885,-0.5769],[-78.2781,-0.5694],[-78.2768,-0.5548],[-78.271,-0.5447],[-78.2697,-0.5372],[-78.2663,-0.5325],[-78.2694,-0.5178],[-78.2656,-0.5083],[-78.2561,-0.5034],[-78.2542,-0.4993],[-78.249,-0.4759],[-78.2456,-0.4673],[-78.2363,-0.4551],[-78.236,-0.4363],[-78.2427,-0.4291],[-78.2475,-0.4266],[-78.2551,-0.4064],[-78.2488,-0.4012],[-78.2433,-0.3919],[-78.2434,-0.3843],[-78.2329,-0.3791],[-78.2236,-0.3632],[-78.2157,-0.3611],[-78.2147,-0.3551],[-78.2089,-0.3455],[-78.2027,-0.3322],[-78.1957,-0.3335],[-78.1915,-0.3191],[-78.1937,-0.3092],[-78.1933,-0.298],[-78.1867,-0.2894],[-78.1913,-0.2807],[-78.1913,-0.2748],[-78.186,-0.2663],[-78.186,-0.2625],[-78.1907,-0.2562],[-78.188,-0.2525],[-78.19,-0.2392],[-78.1858,-0.2333],[-78.1894,-0.2263],[-78.1852,-0.2137],[-78.1917,-0.2045],[-78.1902,-0.1976],[-78.1817,-0.1902]]]},"properties":{"poblacion":2239191,"dpa_descan":"QUITO","dpa_provin":"17","dpa_despro":"PICHINCHA","dpa_canton":"1701"}},
{"type":"Feature","geometry":{"type":"Polygon","coordinates":[[[-78.7205,-0.6492],[-78.7272,-0.6442],[-78.7347,-0.6347],[-78.7341,-0.6295],[-78.739,-0.6215],[-78.735,-0.6075],[-78.736,-0.6036],[-78.7309,-0.5968],[-78.7281,-0.5873],[-78.73,-0.5814],[-78.7301,-0.568],[-78.7334,-0.5591],[-78.7442,-0.5568],[-78.7511,-0.5499],[-78.7652,-0.544],[-78.7692,-0.5452],[-78.7749,-0.5427],[-78.778,-0.5383],[-78.7859,-0.5397],[-78.7906,-0.5425],[-78.804,-0.5398],[-78.8082,-0.5359],[-78.8119,-0.5366],[-78.8224,-0.5285],[-78.8319,-0.5243],[-78.8342,-0.5209],[-78.8344,-0.5065],[-78.8332,-0.5003],[-78.8374,-0.4902],[-78.8391,-0.4769],[-78.8434,-0.4721],[-78.8533,-0.4677],[-78.8566,-0.4649],[-78.8594,-0.4525],[-78.8624,-0.4483],[-78.8639,-0.4407],[-78.8623,-0.4335],[-78.8681,-0.4295],[-78.8719,-0.4237],[-78.8711,-0.4172],[-78.8749,-0.4141],[-78.8906,-0.4144],[-78.8935,-0.4108],[-78.889,-0.4104],[-78.8902,-0.4046],[-78.8969,-0.3936],[-78.8992,-0.3864],[-78.9161,-0.3715],[-78.9155,-0.3667],[-78.9065,-0.3608],[-78.9142,-0.3532],[-78.9146,-0.3469],[-78.9192,-0.3399],[-78.9261,-0.337],[-78.933,-0.3366],[-78.9406,-0.3314],[-78.9375,-0.3442],[-78.9341,-0.3476],[-78.9335,-0.3602],[-78.947,-0.3603],[-78.9556,-0.3621],[-78.9621,-0.3696],[-78.9686,-0.382],[-78.9636,-0.3939],[-78.9645,-0.4009],[-78.977,-0.4101],[-78.9863,-0.4107],[-78.9908,-0.4148],[-79.0012,-0.4172],[-79.0081,-0.4155],[-79.015,-0.4226],[-79.0146,-0.4439],[-79.0168,-0.4519],[-79.0247,-0.462],[-79.0311,-0.4721],[-79.031,-0.4778],[-79.0297,-0.4792],[-79.0329,-0.4844],[-79.0386,-0.4877],[-79.0449,-0.4879],[-79.0483,-0.4956],[-79.0559,-0.5048],[-79.0604,-0.5142],[-79.0714,-0.5235],[-79.0807,-0.5278],[-79.0929,-0.5242],[-79.1011,-0.5247],[-79.1127,-0.542],[-79.102,-0.5507],[-79.0964,-0.5519],[-79.0882,-0.5569],[-79.0873,-0.563],[-79.0833,-0.5667],[-79.0789,-0.5653],[-79.0721,-0.5712],[-79.0728,-0.5763],[-79.0679,-0.5799],[-79.0434,-0.5886],[-79.0407,-0.596],[-79.0352,-0.5989],[-79.0325,-0.6059],[-79.0252,-0.6142],[-79.0253,-0.6207],[-79.0162,-0.6271],[-79.015,-0.6311],[-79.0202,-0.6371],[-79.0159,-0.6422],[-79.0124,-0.6518],[-79.0162,-0.6698],[-79.0147,-0.678],[-79.0171,-0.6911],[-79.0138,-0.7007],[-79.0169,-0.7181],[-79.0131,-0.7194],[-79.0108,-0.7279],[-79.0125,-0.7319],[-79.0027,-0.7413],[-78.9937,-0.7411],[-78.9934,-0.7461],[-79.0012,-0.7516],[-79.0083,-0.7594],[-79.0224,-0.7576],[-79.0217,-0.7612],[-79.0211,-0.7866],[-79.0181,-0.7969],[-79.022,-0.8045],[-79.0223,-0.8127],[-79.0203,-0.8192],[-79.0293,-0.8216],[-79.0456,-0.8187],[-79.0516,-0.8117],[-79.062,-0.8072],[-79.0647,-0.809],[-79.0715,-0.8071],[-79.0776,-0.8132],[-79.0837,-0.823],[-79.0882,-0.8268],[-79.0884,-0.8332],[-79.0954,-0.8347],[-79.1021,-0.8448],[-79.1041,-0.855],[-79.1099,-0.8615],[-79.1173,-0.8622],[-79.1144,-0.8668],[-79.1,-0.8706],[-79.0931,-0.8702],[-79.0877,-0.8759],[-79.0838,-0.877],[-79.0812,-0.8823],[-79.0735,-0.888],[-79.0668,-0.8871],[-79.0637,-0.8826],[-79.0583,-0.8828],[-79.0574,-0.8899],[-79.0504,-0.893],[-79.0366,-0.8908],[-79.0347,-0.8884],[-79.025,-0.8958],[-79.0195,-0.8914],[-79.0081,-0.8862],[-78.9934,-0.8876],[-78.9747,-0.8786],[-78.9549,-0.865],[-78.9479,-0.8647],[-78.9377,-0.8729],[-78.9216,-0.8721],[-78.9042,-0.8593],[-78.8945,-0.8491],[-78.8896,-0.8473],[-78.8819,-0.8399],[-78.8717,-0.832],[-78.8556,-0.8423],[-78.8493,-0.8359],[-78.8438,-0.8343],[-78.8347,-0.8225],[-78.8235,-0.8189],[-78.8088,-0.8179],[-78.8065,-0.8158],[-78.8119,-0.8028],[-78.8126,-0.7983],[-78.8086,-0.7915],[-78.8098,-0.7832],[-78.8141,-0.7762],[-78.8225,-0.7708],[-78.8252,-0.7657],[-78.8309,-0.7626],[-78.8329,-0.758],[-78.829,-0.7462],[-78.8356,-0.7363],[-78.8341,-0.7341],[-78.8301,-0.7171],[-78.8327,-0.7136],[-78.8295,-0.7025],[-78.8224,-0.703],[-78.8189,-0.6961],[-78.8227,-0.6906],[-78.8182,-0.6795],[-78.8133,-0.6808],[-78.8055,-0.6786],[-78.8044,-0.6759],[-78.7883,-0.6683],[-78.7826,-0.6566],[-78.7783,-0.6535],[-78.774,-0.6419],[-78.7676,-0.6355],[-78.7594,-0.6395],[-78.7508,-0.6411],[-78.7463,-0.6447],[-78.7383,-0.642],[-78.7205,-0.6492]]]},"properties":{"poblacion":21944,"dpa_descan":"SIGCHOS","dpa_provin":"05","dpa_despro":"COTOPAXI","dpa_canton":"0507"}},
{"type":"Feature","geometry":{"type":"Polygon","coordinates":[[[-78.6378,-1.6387],[-78.6451,-1.6417],[-78.6465,-1.6457],[-78.653,-1.6483],[-78.6642,-1.6429],[-78.667,-1.6385],[-78.6749,-1.6374],[-78.6772,-1.6328],[-78.6838,-1.6228],[-78.6892,-1.6256],[-78.7116,-1.6258],[-78.7205,-1.6194],[-78.7154,-1.6099],[-78.715,-1.605],[-78.7256,-1.5996],[-78.7308,-1.586],[-78.7391,-1.5834],[-78.7494,-1.5694],[-78.7548,-1.5676],[-78.7641,-1.5595],[-78.7722,-1.5564],[-78.7816,-1.5507],[-78.7806,-1.5343],[-78.7874,-1.5266],[-78.7882,-1.5189],[-78.7947,-1.5033],[-78.8,-1.4941],[-78.845,-1.4729],[-78.8514,-1.4705],[-78.8564,-1.4714],[-78.8715,-1.4682],[-78.8789,-1.4625],[-78.8836,-1.4643],[-78.8833,-1.4702],[-78.8765,-1.4947],[-78.8683,-1.5075],[-78.8779,-1.5176],[-78.8854,-1.5301],[-78.8834,-1.5406],[-78.8862,-1.5634],[-78.8921,-1.5811],[-78.8977,-1.5851],[-78.897,-1.5997],[-78.8912,-1.5995],[-78.8787,-1.6103],[-78.8739,-1.61],[-78.8632,-1.6143],[-78.8524,-1.6169],[-78.8511,-1.6242],[-78.8513,-1.6438],[-78.8441,-1.6563],[-78.8453,-1.6649],[-78.8297,-1.6569],[-78.8243,-1.6524],[-78.8208,-1.6459],[-78.8162,-1.6516],[-78.8123,-1.6618],[-78.8063,-1.6586],[-78.8019,-1.662],[-78.7973,-1.6614],[-78.7934,-1.6558],[-78.7892,-1.6655],[-78.782,-1.67],[-78.7733,-1.6708],[-78.7623,-1.6597],[-78.7513,-1.6578],[-78.7517,-1.6522],[-78.7439,-1.6506],[-78.7402,-1.6558],[-78.7306,-1.6563],[-78.7273,-1.6548],[-78.7186,-1.6572],[-78.7204,-1.6585],[-78.7168,-1.6719],[-78.7236,-1.6751],[-78.7209,-1.6826],[-78.7322,-1.6787],[-78.7316,-1.706],[-78.7288,-1.7099],[-78.7359,-1.7134],[-78.7346,-1.7223],[-78.732,-1.7259],[-78.7313,-1.7359],[-78.7288,-1.7342],[-78.7216,-1.7407],[-78.7122,-1.7411],[-78.7082,-1.7442],[-78.7088,-1.7491],[-78.7059,-1.7538],[-78.7048,-1.7683],[-78.6971,-1.7718],[-78.6928,-1.7835],[-78.6889,-1.7915],[-78.6896,-1.8023],[-78.6877,-1.817],[-78.6927,-1.8268],[-78.6904,-1.8327],[-78.6746,-1.8346],[-78.6699,-1.8339],[-78.6668,-1.8479],[-78.6595,-1.8543],[-78.6561,-1.8552],[-78.6418,-1.8495],[-78.6379,-1.8554],[-78.6306,-1.8718],[-78.63,-1.8778],[-78.6248,-1.8773],[-78.6206,-1.8724],[-78.6169,-1.8707],[-78.6146,-1.8743],[-78.6111,-1.8677],[-78.607,-1.8665],[-78.6062,-1.8725],[-78.5969,-1.8808],[-78.5879,-1.8852],[-78.5734,-1.8808],[-78.5647,-1.8831],[-78.5575,-1.8905],[-78.5516,-1.8921],[-78.5508,-1.895],[-78.5396,-1.9061],[-78.5365,-1.9151],[-78.5383,-1.9284],[-78.5402,-1.9335],[-78.535,-1.9435],[-78.5321,-1.9462],[-78.5259,-1.9461],[-78.5071,-1.9516],[-78.4967,-1.9489],[-78.4921,-1.9456],[-78.4693,-1.9414],[-78.4659,-1.942],[-78.4612,-1.9369],[-78.4575,-1.9287],[-78.4555,-1.9195],[-78.4439,-1.9113],[-78.4333,-1.9082],[-78.4293,-1.8975],[-78.4197,-1.8941],[-78.4198,-1.8841],[-78.4044,-1.878],[-78.4011,-1.8733],[-78.4034,-1.8668],[-78.4022,-1.8619],[-78.3969,-1.8532],[-78.4017,-1.8469],[-78.409,-1.8446],[-78.4135,-1.8369],[-78.4208,-1.8287],[-78.4198,-1.8207],[-78.4226,-1.8117],[-78.4201,-1.8046],[-78.4238,-1.8002],[-78.435,-1.7951],[-78.4382,-1.7906],[-78.4408,-1.7705],[-78.4449,-1.7659],[-78.4619,-1.7839],[-78.4683,-1.7939],[-78.4912,-1.7887],[-78.497,-1.7918],[-78.501,-1.7965],[-78.5012,-1.8006],[-78.5064,-1.8054],[-78.519,-1.8056],[-78.5289,-1.8073],[-78.5352,-1.8051],[-78.5446,-1.8073],[-78.5526,-1.8056],[-78.5543,-1.8028],[-78.5649,-1.7991],[-78.5733,-1.7978],[-78.5762,-1.792],[-78.5862,-1.7915],[-78.5855,-1.7815],[-78.5964,-1.7692],[-78.5985,-1.7617],[-78.6052,-1.7592],[-78.6073,-1.7541],[-78.6154,-1.7468],[-78.6184,-1.7401],[-78.624,-1.7439],[-78.6334,-1.739],[-78.6269,-1.7209],[-78.607,-1.7122],[-78.6087,-1.7073],[-78.6058,-1.7055],[-78.6055,-1.6994],[-78.6077,-1.684],[-78.6076,-1.6819],[-78.5995,-1.6806],[-78.5939,-1.6872],[-78.5903,-1.6884],[-78.589,-1.6969],[-78.5855,-1.7025],[-78.5775,-1.7072],[-78.5728,-1.7127],[-78.5666,-1.7142],[-78.5606,-1.711],[-78.5507,-1.7088],[-78.5397,-1.7116],[-78.5278,-1.7127],[-78.5153,-1.7154],[-78.5144,-1.7109],[-78.503,-1.7041],[-78.4953,-1.6907],[-78.4892,-1.6969],[-78.4901,-1.7035],[-78.4871,-1.7093],[-78.4763,-1.7166],[-78.471,-1.727],[-78.4694,-1.7346],[-78.4706,-1.7398],[-78.4694,-1.7485],[-78.467,-1.7518],[-78.4611,-1.7494],[-78.4592,-1.7397],[-78.4529,-1.7346],[-78.447,-1.7172],[-78.4437,-1.7115],[-78.443,-1.7046],[-78.4364,-1.6973],[-78.4352,-1.69],[-78.4304,-1.6847],[-78.4179,-1.6851],[-78.412,-1.6815],[-78.4089,-1.6747],[-78.4192,-1.6699],[-78.4218,-1.6729],[-78.4318,-1.6745],[-78.4465,-1.6713],[-78.4592,-1.6722],[-78.465,-1.665],[-78.473,-1.661],[-78.4829,-1.6579],[-78.4891,-1.6584],[-78.4952,-1.6554],[-78.5035,-1.6577],[-78.513,-1.6505],[-78.5144,-1.6417],[-78.5131,-1.6357],[-78.5165,-1.634],[-78.5131,-1.6288],[-78.514,-1.6222],[-78.5107,-1.6142],[-78.5152,-1.6082],[-78.5191,-1.605],[-78.5283,-1.6034],[-78.5371,-1.604],[-78.5397,-1.5985],[-78.5484,-1.5917],[-78.5486,-1.5918],[-78.5453,-1.6008],[-78.5467,-1.6038],[-78.5537,-1.6068],[-78.5537,-1.6119],[-78.5575,-1.6152],[-78.5562,-1.624],[-78.5585,-1.6335],[-78.5618,-1.639],[-78.5679,-1.639],[-78.5707,-1.6431],[-78.5786,-1.6487],[-78.5859,-1.6462],[-78.5882,-1.6382],[-78.5955,-1.6331],[-78.6045,-1.6368],[-78.6084,-1.6421],[-78.6135,-1.6438],[-78.6172,-1.6483],[-78.6237,-1.6508],[-78.6279,-1.6479],[-78.6272,-1.6436],[-78.6307,-1.6392],[-78.6378,-1.6387]]]},"properties":{"poblacion":225741,"dpa_descan":"RIOBAMBA","dpa_provin":"06","dpa_despro":"CHIMBORAZO","dpa_canton":"0601"}},
{"type":"Feature","geometry":{"type":"Polygon","coordinates":[[[-77.9431,-0.0955],[-77.9406,-0.0981],[-77.9327,-0.1003],[-77.9315,-0.0905],[-77.9332,-0.0859],[-77.9397,-0.0814],[-77.9354,-0.0721],[-77.9354,-0.0673],[-77.9389,-0.0576],[-77.9437,-0.0528],[-77.9373,-0.0478],[-77.936,-0.0432],[-77.9283,-0.0352],[-77.92,-0.0289],[-77.9101,-0.0279],[-77.9003,-0.0227],[-77.8903,-0.0205],[-77.8837,-0.0156],[-77.8734,-0.0128],[-77.8683,-0.0071],[-77.8529,-0.004],[-77.8449,0.0038],[-77.8432,0.0156],[-77.8402,0.0171],[-77.8444,0.0215],[-77.8396,0.0274],[-77.8465,0.0268],[-77.8521,0.0231],[-77.8573,0.0305],[-77.8586,0.0514],[-77.8571,0.0536],[-77.8594,0.0621],[-77.8635,0.0629],[-77.871,0.0692],[-77.8772,0.0708],[-77.8788,0.0749],[-77.8837,0.0761],[-77.8903,0.0831],[-77.8975,0.0849],[-77.914,0.0806],[-77.9217,0.0845],[-77.9253,0.0912],[-77.9366,0.1038],[-77.946,0.0989],[-77.9538,0.1083],[-77.9622,0.1129],[-77.9725,0.1104],[-77.9767,0.1057],[-77.9793,0.1081],[-77.973,0.1231],[-77.9753,0.1281],[-77.9702,0.1377],[-77.9723,0.1404],[-77.9706,0.1475],[-77.9655,0.1513],[-77.9652,0.158],[-77.9669,0.1686],[-77.9794,0.1699],[-77.9841,0.1727],[-78.0022,0.1725],[-78.0078,0.1747],[-78.0113,0.1789],[-78.0183,0.1818],[-78.0265,0.1882],[-78.0314,0.1883],[-78.0311,0.183],[-78.0347,0.176],[-78.0489,0.1817],[-78.0566,0.1831],[-78.0698,0.1775],[-78.076,0.1799],[-78.0875,0.1797],[-78.0917,0.1811],[-78.0918,0.1868],[-78.095,0.1821],[-78.0985,0.1704],[-78.1067,0.1631],[-78.1249,0.1577],[-78.1455,0.1576],[-78.1483,0.1589],[-78.146,0.1512],[-78.1554,0.1411],[-78.1643,0.1419],[-78.1799,0.135],[-78.1859,0.1365],[-78.1876,0.1397],[-78.1803,0.1251],[-78.1771,0.1142],[-78.1724,0.111],[-78.1701,0.0991],[-78.166,0.093],[-78.1685,0.0903],[-78.1624,0.086],[-78.1663,0.079],[-78.1592,0.0678],[-78.1587,0.0626],[-78.1677,0.05],[-78.1701,0.0432],[-78.1663,0.0272],[-78.1688,0.0205],[-78.173,0.0177],[-78.1728,0.0113],[-78.177,0.0079],[-78.1812,-0.003],[-78.1894,-0.0028],[-78.198,0.0062],[-78.2021,0.0175],[-78.2143,0.0205],[-78.2161,0.0112],[-78.2224,0.0077],[-78.2294,0.0067],[-78.2305,0.0017],[-78.2362,0.0013],[-78.2367,0.0013],[-78.2398,0.0017],[-78.2417,-0.0043],[-78.2471,-0.0039],[-78.2536,-0.0086],[-78.2639,0.0012],[-78.2692,0.0001],[-78.2796,-0.0026],[-78.2801,-0.0075],[-78.2844,-0.0056],[-78.2872,-0.003],[-78.2913,-0.005],[-78.301,-0.0046],[-78.3069,-0.0134],[-78.3155,-0.014],[-78.3188,-0.0199],[-78.3186,-0.0251],[-78.3129,-0.0255],[-78.3075,-0.0296],[-78.3046,-0.0255],[-78.2979,-0.0291],[-78.2971,-0.0356],[-78.2857,-0.0494],[-78.2733,-0.0575],[-78.279,-0.0589],[-78.2923,-0.0524],[-78.2965,-0.0529],[-78.2976,-0.0605],[-78.3029,-0.062],[-78.3103,-0.0681],[-78.3082,-0.0733],[-78.3041,-0.0862],[-78.3018,-0.0892],[-78.2922,-0.0899],[-78.2879,-0.0933],[-78.2794,-0.0953],[-78.2759,-0.098],[-78.2578,-0.0986],[-78.2499,-0.0945],[-78.2424,-0.0882],[-78.2252,-0.091],[-78.2117,-0.0887],[-78.2193,-0.1026],[-78.2331,-0.1091],[-78.2369,-0.115],[-78.256,-0.1178],[-78.2649,-0.1213],[-78.2738,-0.1202],[-78.2765,-0.1223],[-78.2711,-0.1246],[-78.2593,-0.1244],[-78.2541,-0.1223],[-78.2496,-0.1271],[-78.2334,-0.1346],[-78.2298,-0.1334],[-78.2194,-0.1379],[-78.2071,-0.1417],[-78.1928,-0.151],[-78.1835,-0.1539],[-78.1705,-0.1683],[-78.1649,-0.1766],[-78.1668,-0.1867],[-78.1591,-0.1835],[-78.1551,-0.173],[-78.1444,-0.1712],[-78.1401,-0.1671],[-78.1322,-0.1674],[-78.1305,-0.1758],[-78.1237,-0.1811],[-78.1152,-0.1787],[-78.1077,-0.1794],[-78.1052,-0.1904],[-78.1023,-0.1954],[-78.0957,-0.1856],[-78.091,-0.1855],[-78.0844,-0.1897],[-78.0793,-0.1829],[-78.073,-0.185],[-78.0701,-0.1764],[-78.0623,-0.1751],[-78.0612,-0.1685],[-78.0548,-0.1635],[-78.0566,-0.152],[-78.0594,-0.1494],[-78.0509,-0.1417],[-78.0422,-0.1381],[-78.0331,-0.1404],[-78.0288,-0.1385],[-78.0189,-0.1403],[-78.0136,-0.1331],[-78.009,-0.1317],[-78.0041,-0.1246],[-77.9954,-0.1106],[-77.9911,-0.1105],[-77.9863,-0.1166],[-77.9697,-0.1227],[-77.9679,-0.1137],[-77.9635,-0.1104],[-77.9581,-0.0987],[-77.9546,-0.0943],[-77.9431,-0.0955]]]},"properties":{"poblacion":85796,"dpa_descan":"CAYAMBE","dpa_provin":"17","dpa_despro":"PICHINCHA","dpa_canton":"1702"}},
{"type":"Feature","geometry":{"type":"Polygon","coordinates":[[[-78.4219,-0.7169],[-78.4077,-0.7101],[-78.3985,-0.6986],[-78.3973,-0.687],[-78.392,-0.678],[-78.368,-0.6706],[-78.3575,-0.6703],[-78.3429,-0.6637],[-78.343,-0.6599],[-78.3325,-0.6588],[-78.3251,-0.6449],[-78.3258,-0.6367],[-78.3215,-0.6272],[-78.3217,-0.6215],[-78.3267,-0.6126],[-78.3122,-0.5884],[-78.3297,-0.589],[-78.3353,-0.5841],[-78.3358,-0.5801],[-78.3421,-0.5711],[-78.3498,-0.5698],[-78.3593,-0.5559],[-78.3583,-0.5504],[-78.3667,-0.548],[-78.3684,-0.5405],[-78.3723,-0.538],[-78.3749,-0.5471],[-78.3828,-0.5504],[-78.3881,-0.5555],[-78.3964,-0.5561],[-78.4064,-0.5599],[-78.4175,-0.568],[-78.4267,-0.5712],[-78.4317,-0.5571],[-78.4318,-0.5472],[-78.4265,-0.5308],[-78.4258,-0.5233],[-78.4298,-0.514],[-78.4331,-0.4988],[-78.4361,-0.4954],[-78.4326,-0.4859],[-78.436,-0.4859],[-78.4414,-0.4933],[-78.4497,-0.5],[-78.4612,-0.5063],[-78.4675,-0.5056],[-78.4698,-0.4954],[-78.4669,-0.4907],[-78.4657,-0.4826],[-78.4734,-0.4746],[-78.4829,-0.4724],[-78.4846,-0.4691],[-78.4797,-0.4652],[-78.4803,-0.4626],[-78.4799,-0.4572],[-78.4939,-0.4425],[-78.4935,-0.4376],[-78.5046,-0.4213],[-78.5095,-0.4088],[-78.5209,-0.3982],[-78.5173,-0.388],[-78.5153,-0.3802],[-78.5116,-0.3742],[-78.5041,-0.3717],[-78.5108,-0.3641],[-78.5204,-0.3657],[-78.5246,-0.3654],[-78.5319,-0.3595],[-78.5369,-0.3588],[-78.5448,-0.3621],[-78.5577,-0.3558],[-78.562,-0.3591],[-78.5743,-0.3539],[-78.5853,-0.3546],[-78.5931,-0.3528],[-78.6055,-0.3577],[-78.6191,-0.3562],[-78.6216,-0.3597],[-78.6223,-0.3601],[-78.6359,-0.3614],[-78.6431,-0.3598],[-78.6493,-0.3585],[-78.6615,-0.3601],[-78.6668,-0.351],[-78.6689,-0.3399],[-78.6733,-0.3364],[-78.6762,-0.3279],[-78.6815,-0.3214],[-78.6841,-0.3224],[-78.6953,-0.3205],[-78.6989,-0.3219],[-78.7141,-0.3179],[-78.7204,-0.3255],[-78.7316,-0.3198],[-78.7315,-0.3122],[-78.7339,-0.3094],[-78.7372,-0.2986],[-78.744,-0.2958],[-78.7465,-0.2772],[-78.7531,-0.277],[-78.7543,-0.2811],[-78.7594,-0.2824],[-78.7739,-0.2795],[-78.7742,-0.2979],[-78.7874,-0.3056],[-78.7874,-0.314],[-78.7949,-0.3157],[-78.8071,-0.3247],[-78.8082,-0.3318],[-78.8169,-0.3343],[-78.8195,-0.3454],[-78.8253,-0.3439],[-78.8415,-0.3462],[-78.8454,-0.3483],[-78.8515,-0.3461],[-78.8554,-0.349],[-78.8614,-0.3474],[-78.8654,-0.342],[-78.8659,-0.3334],[-78.8754,-0.3303],[-78.8836,-0.3368],[-78.8891,-0.3369],[-78.893,-0.3319],[-78.8983,-0.3354],[-78.9082,-0.3304],[-78.9288,-0.3136],[-78.9427,-0.3133],[-78.9447,-0.3108],[-78.9547,-0.3163],[-78.9481,-0.3274],[-78.9406,-0.3314],[-78.933,-0.3366],[-78.9261,-0.337],[-78.9192,-0.3399],[-78.9146,-0.3469],[-78.9142,-0.3532],[-78.9065,-0.3608],[-78.9155,-0.3667],[-78.9161,-0.3715],[-78.8992,-0.3864],[-78.8969,-0.3936],[-78.8902,-0.4046],[-78.889,-0.4104],[-78.8935,-0.4108],[-78.8906,-0.4144],[-78.8749,-0.4141],[-78.8711,-0.4172],[-78.8719,-0.4237],[-78.8681,-0.4295],[-78.8623,-0.4335],[-78.8639,-0.4407],[-78.8624,-0.4483],[-78.8594,-0.4525],[-78.8566,-0.4649],[-78.8533,-0.4677],[-78.8434,-0.4721],[-78.8391,-0.4769],[-78.8374,-0.4902],[-78.8332,-0.5003],[-78.8344,-0.5065],[-78.8342,-0.5209],[-78.8319,-0.5243],[-78.8224,-0.5285],[-78.8119,-0.5366],[-78.8082,-0.5359],[-78.804,-0.5398],[-78.7906,-0.5425],[-78.7859,-0.5397],[-78.778,-0.5383],[-78.7749,-0.5427],[-78.7692,-0.5452],[-78.7652,-0.544],[-78.7511,-0.5499],[-78.7442,-0.5568],[-78.7334,-0.5591],[-78.7301,-0.568],[-78.73,-0.5814],[-78.7281,-0.5873],[-78.7309,-0.5968],[-78.736,-0.6036],[-78.735,-0.6075],[-78.739,-0.6215],[-78.7341,-0.6295],[-78.7347,-0.6347],[-78.7272,-0.6442],[-78.7205,-0.6492],[-78.7158,-0.6629],[-78.6979,-0.6581],[-78.6906,-0.6614],[-78.6697,-0.6561],[-78.6593,-0.6482],[-78.6567,-0.6419],[-78.6525,-0.6388],[-78.644,-0.6376],[-78.6404,-0.6327],[-78.643,-0.6265],[-78.6379,-0.6185],[-78.6227,-0.6091],[-78.6181,-0.606],[-78.6177,-0.6018],[-78.6111,-0.5972],[-78.6102,-0.5999],[-78.6005,-0.6069],[-78.5876,-0.6093],[-78.5801,-0.615],[-78.5709,-0.6081],[-78.5639,-0.6088],[-78.5556,-0.6047],[-78.544,-0.6017],[-78.5359,-0.6043],[-78.527,-0.6023],[-78.5206,-0.6036],[-78.511,-0.6081],[-78.4976,-0.6284],[-78.4963,-0.6322],[-78.4994,-0.6393],[-78.4949,-0.6443],[-78.4873,-0.6492],[-78.4841,-0.6535],[-78.4714,-0.6577],[-78.4643,-0.6582],[-78.4532,-0.6685],[-78.4501,-0.6698],[-78.4352,-0.6842],[-78.4291,-0.7013],[-78.4219,-0.7169]]]},"properties":{"poblacion":81335,"dpa_descan":"MEJIA","dpa_provin":"17","dpa_despro":"PICHINCHA","dpa_canton":"1703"}},
{"type":"Feature","geometry":{"type":"Polygon","coordinates":[[[-80.5395,-1.1881],[-80.5438,-1.1889],[-80.5516,-1.1854],[-80.5649,-1.1767],[-80.5701,-1.1761],[-80.5728,-1.1796],[-80.5853,-1.1853],[-80.5863,-1.1882],[-80.6072,-1.1853],[-80.6093,-1.1873],[-80.6205,-1.1897],[-80.6231,-1.1885],[-80.626,-1.1936],[-80.6371,-1.2047],[-80.6519,-1.2035],[-80.6593,-1.2059],[-80.6682,-1.2045],[-80.6771,-1.2011],[-80.6855,-1.2041],[-80.6873,-1.2076],[-80.6941,-1.2119],[-80.7022,-1.2118],[-80.7038,-1.2144],[-80.7167,-1.2145],[-80.7224,-1.2083],[-80.7267,-1.2229],[-80.7238,-1.2372],[-80.7205,-1.2403],[-80.7083,-1.2449],[-80.7092,-1.252],[-80.7215,-1.2547],[-80.7208,-1.2617],[-80.7292,-1.2623],[-80.727,-1.2659],[-80.7296,-1.2697],[-80.7416,-1.2699],[-80.7411,-1.2725],[-80.7499,-1.2739],[-80.7641,-1.2834],[-80.7769,-1.2935],[-80.7691,-1.3044],[-80.7604,-1.3145],[-80.7412,-1.3487],[-80.7384,-1.3574],[-80.7391,-1.3669],[-80.7481,-1.3787],[-80.755,-1.3861],[-80.7621,-1.389],[-80.7577,-1.3932],[-80.7563,-1.3899],[-80.7489,-1.3875],[-80.7475,-1.3847],[-80.7343,-1.3837],[-80.7259,-1.3811],[-80.7159,-1.3804],[-80.7111,-1.3842],[-80.7117,-1.398],[-80.7055,-1.4032],[-80.6959,-1.4056],[-80.6862,-1.4162],[-80.6811,-1.4173],[-80.6841,-1.4294],[-80.6829,-1.4332],[-80.689,-1.4468],[-80.6978,-1.4591],[-80.6995,-1.4636],[-80.7053,-1.4666],[-80.7038,-1.4777],[-80.708,-1.4895],[-80.7082,-1.4955],[-80.7047,-1.5005],[-80.7026,-1.5084],[-80.7067,-1.5157],[-80.6969,-1.5224],[-80.7013,-1.5273],[-80.6971,-1.5274],[-80.6913,-1.5355],[-80.684,-1.5368],[-80.6831,-1.5438],[-80.6779,-1.5521],[-80.68,-1.5609],[-80.6778,-1.5628],[-80.6772,-1.5715],[-80.6807,-1.5741],[-80.6819,-1.5836],[-80.6779,-1.59],[-80.6766,-1.6013],[-80.6729,-1.6101],[-80.6751,-1.6184],[-80.6693,-1.6277],[-80.6684,-1.6351],[-80.6697,-1.6553],[-80.6715,-1.66],[-80.6767,-1.6628],[-80.6756,-1.6692],[-80.678,-1.6748],[-80.6714,-1.6788],[-80.6644,-1.6785],[-80.6617,-1.6759],[-80.6604,-1.6766],[-80.6592,-1.676],[-80.6593,-1.6752],[-80.6596,-1.6747],[-80.6535,-1.6732],[-80.65,-1.6687],[-80.6443,-1.6777],[-80.6449,-1.6814],[-80.6361,-1.6897],[-80.6354,-1.695],[-80.6306,-1.7012],[-80.6244,-1.7057],[-80.6194,-1.7054],[-80.617,-1.7094],[-80.6174,-1.7179],[-80.6202,-1.7284],[-80.6115,-1.7336],[-80.613,-1.7384],[-80.6102,-1.7561],[-80.6042,-1.7644],[-80.5983,-1.7692],[-80.5941,-1.7781],[-80.5871,-1.7843],[-80.5762,-1.786],[-80.5646,-1.7822],[-80.5514,-1.7823],[-80.5522,-1.7886],[-80.5557,-1.7925],[-80.5547,-1.7995],[-80.5643,-1.8196],[-80.5705,-1.8231],[-80.5612,-1.8263],[-80.5609,-1.8304],[-80.5669,-1.8291],[-80.5672,-1.8347],[-80.564,-1.8412],[-80.5568,-1.8481],[-80.5553,-1.8535],[-80.549,-1.8601],[-80.5417,-1.8526],[-80.529,-1.8472],[-80.5289,-1.8415],[-80.5337,-1.8383],[-80.5392,-1.8389],[-80.541,-1.8352],[-80.5234,-1.8303],[-80.5153,-1.8313],[-80.5216,-1.8227],[-80.5222,-1.8122],[-80.5342,-1.805],[-80.534,-1.7963],[-80.5314,-1.7908],[-80.5251,-1.7872],[-80.5269,-1.7838],[-80.5257,-1.7745],[-80.5269,-1.7676],[-80.5306,-1.7646],[-80.5297,-1.7597],[-80.5325,-1.7527],[-80.5389,-1.7521],[-80.5309,-1.744],[-80.5267,-1.7367],[-80.5335,-1.7283],[-80.532,-1.7236],[-80.5361,-1.7134],[-80.5333,-1.7051],[-80.5276,-1.6991],[-80.516,-1.6992],[-80.5158,-1.6941],[-80.525,-1.6948],[-80.5258,-1.6866],[-80.5147,-1.6763],[-80.5086,-1.6753],[-80.5063,-1.6686],[-80.5105,-1.6592],[-80.514,-1.6588],[-80.5155,-1.6533],[-80.5127,-1.651],[-80.5162,-1.6429],[-80.5213,-1.6373],[-80.5233,-1.6282],[-80.5169,-1.6267],[-80.521,-1.6156],[-80.5217,-1.6082],[-80.5283,-1.6093],[-80.5241,-1.6011],[-80.5249,-1.5957],[-80.5357,-1.5902],[-80.5437,-1.5893],[-80.5532,-1.5826],[-80.5536,-1.5729],[-80.5617,-1.5792],[-80.5676,-1.578],[-80.5711,-1.5709],[-80.5702,-1.5565],[-80.5615,-1.5575],[-80.5546,-1.5526],[-80.5437,-1.5544],[-80.5309,-1.5677],[-80.5252,-1.5594],[-80.523,-1.5634],[-80.5186,-1.5599],[-80.513,-1.5474],[-80.5067,-1.5388],[-80.5014,-1.5367],[-80.508,-1.5328],[-80.5104,-1.5284],[-80.5174,-1.5245],[-80.5226,-1.5186],[-80.5204,-1.5134],[-80.5101,-1.5109],[-80.4944,-1.5089],[-80.4856,-1.5105],[-80.473,-1.5104],[-80.467,-1.5007],[-80.4581,-1.5019],[-80.453,-1.4994],[-80.4494,-1.4931],[-80.4034,-1.493],[-80.4029,-1.4792],[-80.4147,-1.4723],[-80.4148,-1.4546],[-80.4235,-1.4561],[-80.4313,-1.4476],[-80.4365,-1.4474],[-80.4416,-1.4441],[-80.4414,-1.4345],[-80.4509,-1.4299],[-80.4569,-1.4016],[-80.4466,-1.3944],[-80.4413,-1.3969],[-80.4381,-1.3932],[-80.4209,-1.389],[-80.4203,-1.3854],[-80.4233,-1.3809],[-80.4205,-1.3798],[-80.4251,-1.3739],[-80.4329,-1.369],[-80.4386,-1.3711],[-80.4411,-1.3693],[-80.4494,-1.3704],[-80.4527,-1.3658],[-80.4618,-1.3585],[-80.463,-1.3536],[-80.4673,-1.3517],[-80.4749,-1.3384],[-80.4711,-1.3341],[-80.4744,-1.3288],[-80.464,-1.311],[-80.4614,-1.3008],[-80.4621,-1.2961],[-80.4683,-1.2852],[-80.4765,-1.2811],[-80.4828,-1.2808],[-80.4964,-1.2746],[-80.4963,-1.267],[-80.4935,-1.262],[-80.4805,-1.2594],[-80.4794,-1.2553],[-80.4819,-1.2509],[-80.4905,-1.2468],[-80.4899,-1.2351],[-80.4934,-1.2239],[-80.5007,-1.218],[-80.5057,-1.2179],[-80.5219,-1.2212],[-80.5256,-1.2176],[-80.5376,-1.2186],[-80.5417,-1.2079],[-80.5362,-1.2007],[-80.5411,-1.1924],[-80.5395,-1.1881]]]},"properties":{"poblacion":71083,"dpa_descan":"JIPIJAPA","dpa_provin":"13","dpa_despro":"MANABI","dpa_canton":"1306"}},
{"type":"Feature","geometry":{"type":"Polygon","coordinates":[[[-80.2342,-0.8604],[-80.2384,-0.8613],[-80.2459,-0.859],[-80.2556,-0.8612],[-80.2604,-0.8668],[-80.2645,-0.8676],[-80.2674,-0.8728],[-80.2646,-0.8756],[-80.2656,-0.8871],[-80.277,-0.8948],[-80.2834,-0.8955],[-80.2888,-0.9002],[-80.292,-0.906],[-80.2877,-0.9084],[-80.2895,-0.917],[-80.2858,-0.9219],[-80.2838,-0.9348],[-80.2925,-0.9367],[-80.297,-0.9472],[-80.2837,-0.9612],[-80.2776,-0.9631],[-80.2715,-0.9726],[-80.2643,-0.9759],[-80.2642,-0.9797],[-80.2607,-0.9791],[-80.259,-0.9852],[-80.2537,-0.9893],[-80.2548,-0.9952],[-80.2511,-1.0021],[-80.2402,-1.0025],[-80.2295,-1.0047],[-80.2274,-1.0027],[-80.219,-1.0019],[-80.2149,-1.0054],[-80.2132,-1.0026],[-80.2051,-1.0027],[-80.2003,-0.9987],[-80.1988,-0.9892],[-80.191,-0.9864],[-80.1857,-0.9815],[-80.1722,-0.9821],[-80.1678,-0.9742],[-80.1593,-0.9737],[-80.135,-0.9875],[-80.1396,-0.9972],[-80.1394,-1.0067],[-80.1308,-1.0059],[-80.1268,-1.008],[-80.1214,-1.0169],[-80.1108,-1.0199],[-80.1067,-1.0188],[-80.1005,-1.0213],[-80.0924,-1.0203],[-80.0954,-1.0073],[-80.0844,-0.9921],[-80.0811,-0.9851],[-80.0773,-0.9857],[-80.0655,-0.9751],[-80.0641,-0.9693],[-80.0683,-0.9652],[-80.0824,-0.9666],[-80.086,-0.9622],[-80.0994,-0.9578],[-80.1111,-0.9579],[-80.1184,-0.9522],[-80.1156,-0.9447],[-80.1225,-0.9344],[-80.1239,-0.9269],[-80.1192,-0.9199],[-80.1219,-0.9162],[-80.1411,-0.9108],[-80.1494,-0.901],[-80.1561,-0.9],[-80.1644,-0.8946],[-80.1729,-0.8792],[-80.1791,-0.8755],[-80.1871,-0.874],[-80.1914,-0.8757],[-80.189,-0.8799],[-80.1943,-0.8881],[-80.2042,-0.8849],[-80.202,-0.8796],[-80.2058,-0.8791],[-80.2249,-0.8664],[-80.2268,-0.8595],[-80.2342,-0.8604]]]},"properties":{"poblacion":18942,"dpa_descan":"JUNIN","dpa_provin":"13","dpa_despro":"MANABI","dpa_canton":"1307"}},
{"type":"Feature","geometry":{"type":"Polygon","coordinates":[[[-80.8374,-0.971],[-80.8424,-0.9795],[-80.8542,-0.9927],[-80.8627,-0.998],[-80.8726,-1.0171],[-80.877,-1.0209],[-80.8833,-1.0307],[-80.8905,-1.0363],[-80.8989,-1.0364],[-80.9022,-1.0389],[-80.9021,-1.0457],[-80.9061,-1.0557],[-80.9125,-1.0583],[-80.901,-1.0859],[-80.8983,-1.0963],[-80.8922,-1.1139],[-80.884,-1.1342],[-80.8679,-1.1342],[-80.8593,-1.126],[-80.8433,-1.1262],[-80.8396,-1.124],[-80.832,-1.1265],[-80.8226,-1.1158],[-80.8228,-1.1093],[-80.8205,-1.1075],[-80.8231,-1.0983],[-80.7837,-1.098],[-80.7833,-1.0792],[-80.7655,-1.0681],[-80.7651,-1.0538],[-80.7662,-1.047],[-80.7514,-1.0371],[-80.7464,-1.0367],[-80.7469,-1.0329],[-80.7405,-1.0251],[-80.7448,-1.0197],[-80.7332,-1.0123],[-80.7263,-1.0168],[-80.7196,-1.0116],[-80.7168,-1.0024],[-80.7131,-0.9962],[-80.7157,-0.9924],[-80.711,-0.9923],[-80.7086,-0.9971],[-80.7039,-0.994],[-80.7038,-0.9905],[-80.6919,-0.9851],[-80.6912,-0.9868],[-80.6824,-0.9771],[-80.6758,-0.9722],[-80.6692,-0.9649],[-80.6691,-0.9649],[-80.668,-0.9541],[-80.661,-0.9488],[-80.6581,-0.9354],[-80.6613,-0.9308],[-80.666,-0.9342],[-80.6684,-0.9324],[-80.6728,-0.9365],[-80.6847,-0.944],[-80.7044,-0.9498],[-80.7205,-0.9505],[-80.726,-0.9397],[-80.7244,-0.9376],[-80.7425,-0.9432],[-80.7531,-0.9446],[-80.7639,-0.9435],[-80.7807,-0.9552],[-80.7957,-0.9598],[-80.8083,-0.9591],[-80.8172,-0.9537],[-80.8302,-0.9587],[-80.8374,-0.971]]]},"properties":{"poblacion":226477,"dpa_descan":"MANTA","dpa_provin":"13","dpa_despro":"MANABI","dpa_canton":"1308"}},
{"type":"Feature","geometry":{"type":"Polygon","coordinates":[[[-78.1677,0.05],[-78.1587,0.0626],[-78.1592,0.0678],[-78.1663,0.079],[-78.1624,0.086],[-78.1685,0.0903],[-78.166,0.093],[-78.1701,0.0991],[-78.1724,0.111],[-78.1771,0.1142],[-78.1803,0.1251],[-78.1876,0.1397],[-78.195,0.1402],[-78.1969,0.132],[-78.2011,0.1282],[-78.2143,0.1271],[-78.224,0.1294],[-78.2299,0.1245],[-78.2355,0.123],[-78.2462,0.1233],[-78.248,0.1274],[-78.2524,0.1285],[-78.258,0.1361],[-78.2666,0.1376],[-78.2785,0.1394],[-78.2934,0.1336],[-78.2916,0.1388],[-78.2859,0.1469],[-78.2884,0.1515],[-78.2962,0.1548],[-78.2985,0.1579],[-78.301,0.1548],[-78.2958,0.1482],[-78.3018,0.1478],[-78.3077,0.1391],[-78.3089,0.1294],[-78.3053,0.1254],[-78.3009,0.1144],[-78.309,0.1171],[-78.3136,0.1123],[-78.3203,0.1117],[-78.3217,0.1085],[-78.33,0.1037],[-78.3223,0.0961],[-78.3277,0.0879],[-78.3388,0.0807],[-78.3454,0.0731],[-78.351,0.0706],[-78.3576,0.0633],[-78.3733,0.0575],[-78.3756,0.0483],[-78.3804,0.0393],[-78.3885,0.0342],[-78.3962,0.0274],[-78.4011,0.0193],[-78.4037,0.0202],[-78.4039,0.0105],[-78.4073,0.0074],[-78.4087,0.0013],[-78.4029,-0.003],[-78.404,-0.0075],[-78.3993,-0.0119],[-78.3974,-0.0198],[-78.3994,-0.0252],[-78.3977,-0.0293],[-78.3947,-0.036],[-78.3886,-0.0387],[-78.3845,-0.0374],[-78.3818,-0.0314],[-78.377,-0.032],[-78.3665,-0.0282],[-78.3575,-0.0227],[-78.3538,-0.0308],[-78.347,-0.0343],[-78.3372,-0.0364],[-78.3347,-0.033],[-78.3338,-0.0245],[-78.3257,-0.0187],[-78.3188,-0.0199],[-78.3155,-0.014],[-78.3069,-0.0134],[-78.301,-0.0046],[-78.2913,-0.005],[-78.2872,-0.003],[-78.2844,-0.0056],[-78.2801,-0.0075],[-78.2796,-0.0026],[-78.2692,0.0001],[-78.2639,0.0012],[-78.2536,-0.0086],[-78.2471,-0.0039],[-78.2417,-0.0043],[-78.2398,0.0017],[-78.2367,0.0013],[-78.2362,0.0013],[-78.2305,0.0017],[-78.2294,0.0067],[-78.2224,0.0077],[-78.2161,0.0112],[-78.2143,0.0205],[-78.2021,0.0175],[-78.198,0.0062],[-78.1894,-0.0028],[-78.1812,-0.003],[-78.177,0.0079],[-78.1728,0.0113],[-78.173,0.0177],[-78.1688,0.0205],[-78.1663,0.0272],[-78.1701,0.0432],[-78.1677,0.05]]]},"properties":{"poblacion":33172,"dpa_descan":"PEDRO MONCAYO","dpa_provin":"17","dpa_despro":"PICHINCHA","dpa_canton":"1704"}},
{"type":"Feature","geometry":{"type":"Polygon","coordinates":[[[-78.4797,-0.4652],[-78.4846,-0.4691],[-78.4829,-0.4724],[-78.4734,-0.4746],[-78.4657,-0.4826],[-78.4669,-0.4907],[-78.4698,-0.4954],[-78.4675,-0.5056],[-78.4612,-0.5063],[-78.4497,-0.5],[-78.4414,-0.4933],[-78.436,-0.4859],[-78.4326,-0.4859],[-78.4294,-0.4838],[-78.4243,-0.4666],[-78.4249,-0.4603],[-78.4148,-0.4443],[-78.4122,-0.4422],[-78.4111,-0.4285],[-78.408,-0.4216],[-78.4057,-0.4017],[-78.4024,-0.3995],[-78.3968,-0.391],[-78.3939,-0.3828],[-78.3959,-0.3731],[-78.402,-0.3685],[-78.4049,-0.3622],[-78.4074,-0.3626],[-78.4096,-0.3561],[-78.4077,-0.3529],[-78.4159,-0.3473],[-78.4189,-0.3304],[-78.4242,-0.327],[-78.4257,-0.3226],[-78.43,-0.3214],[-78.4335,-0.3152],[-78.4539,-0.3026],[-78.4591,-0.2976],[-78.4629,-0.2906],[-78.4616,-0.3049],[-78.4691,-0.3148],[-78.4721,-0.3155],[-78.4659,-0.3222],[-78.4686,-0.3292],[-78.4762,-0.3263],[-78.4799,-0.3348],[-78.4727,-0.3359],[-78.4736,-0.3395],[-78.4635,-0.3451],[-78.4703,-0.3512],[-78.4746,-0.3619],[-78.474,-0.3678],[-78.4698,-0.3681],[-78.4725,-0.3723],[-78.4692,-0.3791],[-78.4646,-0.3796],[-78.467,-0.3889],[-78.4711,-0.3938],[-78.4742,-0.4054],[-78.4715,-0.4161],[-78.4744,-0.4188],[-78.4771,-0.4321],[-78.471,-0.4406],[-78.4799,-0.4572],[-78.4803,-0.4626],[-78.4797,-0.4652]]]},"properties":{"poblacion":85852,"dpa_descan":"RUMIÑAHUI","dpa_provin":"17","dpa_despro":"PICHINCHA","dpa_canton":"1705"}},
{"type":"Feature","geometry":{"type":"Polygon","coordinates":[[[-78.8545,0.0545],[-78.8644,0.0577],[-78.8662,0.0552],[-78.8738,0.0608],[-78.8861,0.0612],[-78.8912,0.068],[-78.8982,0.0681],[-78.9016,0.0766],[-78.9094,0.075],[-78.9217,0.083],[-78.9326,0.0957],[-78.9586,0.0955],[-78.9586,0.0885],[-78.9564,0.0858],[-78.9599,0.0798],[-78.961,0.0711],[-78.9698,0.061],[-78.9796,0.063],[-78.9798,0.0437],[-78.9952,0.0436],[-78.9952,0.0033],[-79.0065,0.0035],[-79.0194,0.0005],[-79.032,0.0016],[-79.0395,0.009],[-79.0445,0.0105],[-79.0595,0.0188],[-79.0695,0.0147],[-79.0829,0.0156],[-79.0936,0.0242],[-79.1105,0.0251],[-79.1113,0.0283],[-79.122,0.0278],[-79.1221,0.0306],[-79.1295,0.0313],[-79.136,0.0349],[-79.1391,0.0406],[-79.1403,0.0337],[-79.1595,0.0359],[-79.1603,0.0313],[-79.1531,0.0298],[-79.149,0.0239],[-79.1404,0.02],[-79.1403,0.0149],[-79.1335,0.0126],[-79.1309,0.0032],[-79.141,0.0007],[-79.1518,0.0016],[-79.158,0.0052],[-79.1606,0.0027],[-79.1674,0.0064],[-79.1661,0.0015],[-79.1676,-0.0146],[-79.1689,-0.0153],[-79.1606,-0.012],[-79.1564,-0.0167],[-79.1499,-0.0131],[-79.1483,-0.0147],[-79.1304,-0.0182],[-79.1273,-0.0169],[-79.1203,-0.0198],[-79.118,-0.0176],[-79.1089,-0.0243],[-79.0975,-0.0264],[-79.0999,-0.0343],[-79.1048,-0.0379],[-79.1205,-0.0442],[-79.127,-0.0491],[-79.1328,-0.0647],[-79.1407,-0.0738],[-79.1417,-0.0794],[-79.1484,-0.0852],[-79.1495,-0.0918],[-79.1443,-0.0928],[-79.1406,-0.0901],[-79.136,-0.0939],[-79.1327,-0.0887],[-79.1267,-0.0905],[-79.125,-0.0867],[-79.1167,-0.0873],[-79.1161,-0.0918],[-79.1124,-0.0861],[-79.1047,-0.0886],[-79.1018,-0.0829],[-79.0946,-0.0915],[-79.0915,-0.0898],[-79.0849,-0.0926],[-79.0824,-0.0894],[-79.0756,-0.0943],[-79.0722,-0.0916],[-79.0633,-0.0963],[-79.0598,-0.0957],[-79.0536,-0.1042],[-79.0454,-0.1017],[-79.0403,-0.1081],[-79.0309,-0.1098],[-79.0302,-0.1134],[-79.0236,-0.1174],[-79.0187,-0.1145],[-79.0139,-0.1162],[-79.0132,-0.1099],[-79.0058,-0.1132],[-79.005,-0.1106],[-78.9988,-0.1121],[-78.9875,-0.1097],[-78.9825,-0.1114],[-78.9794,-0.1073],[-78.9722,-0.108],[-78.9665,-0.1015],[-78.9557,-0.108],[-78.9516,-0.1127],[-78.9426,-0.1109],[-78.941,-0.1137],[-78.9282,-0.1207],[-78.922,-0.1198],[-78.9178,-0.1159],[-78.9139,-0.1168],[-78.9093,-0.1079],[-78.8932,-0.1082],[-78.892,-0.1066],[-78.8817,-0.1098],[-78.8777,-0.1153],[-78.8675,-0.119],[-78.8613,-0.1265],[-78.8593,-0.1316],[-78.8508,-0.1363],[-78.8396,-0.1338],[-78.8378,-0.1268],[-78.8282,-0.1173],[-78.8344,-0.1118],[-78.8378,-0.098],[-78.8334,-0.0927],[-78.8322,-0.098],[-78.8244,-0.1043],[-78.8192,-0.1051],[-78.8165,-0.1133],[-78.7985,-0.101],[-78.7881,-0.1119],[-78.7731,-0.1186],[-78.7668,-0.1238],[-78.7587,-0.1264],[-78.7404,-0.1285],[-78.7328,-0.1331],[-78.7153,-0.1278],[-78.7005,-0.1317],[-78.6932,-0.1283],[-78.6905,-0.135],[-78.6831,-0.1346],[-78.6776,-0.1284],[-78.665,-0.1355],[-78.6613,-0.1357],[-78.6593,-0.1195],[-78.6511,-0.1031],[-78.6476,-0.1012],[-78.6487,-0.0945],[-78.6508,-0.0885],[-78.6504,-0.081],[-78.6475,-0.0758],[-78.6516,-0.0675],[-78.6559,-0.0636],[-78.6424,-0.06],[-78.638,-0.0624],[-78.6445,-0.0494],[-78.6542,-0.0427],[-78.6592,-0.0361],[-78.6608,-0.0251],[-78.6716,-0.0075],[-78.6765,-0.0106],[-78.681,-0.0202],[-78.6858,-0.022],[-78.6878,-0.0266],[-78.6975,-0.0324],[-78.7031,-0.0322],[-78.7208,-0.0251],[-78.7245,-0.021],[-78.7226,-0.0124],[-78.7253,-0.0023],[-78.73,0.0021],[-78.7304,0.0061],[-78.7352,0.0116],[-78.7434,0.0135],[-78.7446,0.0178],[-78.7503,0.0207],[-78.7554,0.02],[-78.7594,0.0257],[-78.7775,0.0346],[-78.7835,0.034],[-78.7932,0.0241],[-78.798,0.0259],[-78.7999,0.0335],[-78.8084,0.0328],[-78.811,0.0357],[-78.82,0.035],[-78.8402,0.0429],[-78.8438,0.0498],[-78.8503,0.0511],[-78.8545,0.0545]]]},"properties":{"poblacion":17573,"dpa_descan":"SAN MIGUEL DE LOS BANCOS","dpa_provin":"17","dpa_despro":"PICHINCHA","dpa_canton":"1707"}},
{"type":"Feature","geometry":{"type":"Polygon","coordinates":[[[-78.948,0.2034],[-78.9548,0.2067],[-78.9594,0.2138],[-78.9635,0.2142],[-78.9661,0.2228],[-78.9714,0.2197],[-78.9763,0.2132],[-78.9815,0.2106],[-78.9845,0.2162],[-78.9914,0.2118],[-79.001,0.2199],[-79.0027,0.2237],[-79.0073,0.2246],[-79.0132,0.2311],[-79.0162,0.2394],[-79.0169,0.2532],[-79.0146,0.2586],[-79.0165,0.265],[-79.0142,0.2689],[-79.0167,0.2724],[-79.0205,0.2794],[-79.0285,0.2806],[-79.0313,0.2833],[-79.0299,0.2919],[-79.0351,0.2943],[-79.043,0.2949],[-79.0477,0.2901],[-79.0513,0.2939],[-79.0561,0.2934],[-79.0585,0.3063],[-79.0625,0.3059],[-79.0686,0.3093],[-79.0769,0.3063],[-79.0869,0.2995],[-79.1006,0.3062],[-79.1133,0.3058],[-79.1089,0.3005],[-79.1132,0.2992],[-79.1174,0.3093],[-79.1269,0.3152],[-79.1285,0.3197],[-79.1403,0.3219],[-79.1476,0.3164],[-79.1426,0.3106],[-79.1394,0.3119],[-79.1351,0.3087],[-79.1328,0.2963],[-79.1223,0.2968],[-79.1222,0.2737],[-79.1447,0.273],[-79.1477,0.1943],[-79.151,0.1944],[-79.151,0.1829],[-79.1542,0.1805],[-79.1436,0.1726],[-79.1459,0.1661],[-79.1413,0.1566],[-79.1411,0.1379],[-79.1637,0.1419],[-79.1642,0.141],[-79.167,0.071],[-79.1789,0.0712],[-79.1781,0.064],[-79.1745,0.0608],[-79.1672,0.0596],[-79.1616,0.0615],[-79.1573,0.0557],[-79.1543,0.0571],[-79.1479,0.0463],[-79.1391,0.0406],[-79.136,0.0349],[-79.1295,0.0313],[-79.1221,0.0306],[-79.122,0.0278],[-79.1113,0.0283],[-79.1105,0.0251],[-79.0936,0.0242],[-79.0829,0.0156],[-79.0695,0.0147],[-79.0595,0.0188],[-79.0445,0.0105],[-79.0395,0.009],[-79.032,0.0016],[-79.0194,0.0005],[-79.0065,0.0035],[-78.9952,0.0033],[-78.9952,0.0436],[-78.9798,0.0437],[-78.9796,0.063],[-78.9698,0.061],[-78.961,0.0711],[-78.9599,0.0798],[-78.9564,0.0858],[-78.9586,0.0885],[-78.9586,0.0955],[-78.9326,0.0957],[-78.9369,0.1043],[-78.9392,0.118],[-78.9357,0.1235],[-78.9373,0.137],[-78.9333,0.1397],[-78.9324,0.1451],[-78.9377,0.1586],[-78.9379,0.1674],[-78.9361,0.1742],[-78.9406,0.1859],[-78.9382,0.1917],[-78.948,0.2034]]]},"properties":{"poblacion":12924,"dpa_descan":"PEDRO VICENTE MALDONADO","dpa_provin":"17","dpa_despro":"PICHINCHA","dpa_canton":"1708"}},
{"type":"Feature","geometry":{"type":"Polygon","coordinates":[[[-79.1391,0.0406],[-79.1479,0.0463],[-79.1543,0.0571],[-79.1573,0.0557],[-79.1616,0.0615],[-79.1672,0.0596],[-79.1745,0.0608],[-79.1781,0.064],[-79.1789,0.0712],[-79.167,0.071],[-79.1642,0.141],[-79.1637,0.1419],[-79.1411,0.1379],[-79.1413,0.1566],[-79.1459,0.1661],[-79.1436,0.1726],[-79.1542,0.1805],[-79.151,0.1829],[-79.151,0.1944],[-79.1477,0.1943],[-79.1447,0.273],[-79.1222,0.2737],[-79.1223,0.2968],[-79.1328,0.2963],[-79.1351,0.3087],[-79.1394,0.3119],[-79.1426,0.3106],[-79.1476,0.3164],[-79.1521,0.3219],[-79.1599,0.3177],[-79.1727,0.3153],[-79.1779,0.3127],[-79.1892,0.318],[-79.2049,0.3226],[-79.2132,0.3192],[-79.2167,0.3247],[-79.224,0.3213],[-79.226,0.3243],[-79.2338,0.3267],[-79.2414,0.3201],[-79.2469,0.3233],[-79.252,0.3204],[-79.2647,0.3181],[-79.2701,0.3188],[-79.2718,0.314],[-79.2722,0.2895],[-79.2794,0.2922],[-79.2813,0.2858],[-79.2875,0.2852],[-79.2914,0.2819],[-79.2962,0.2699],[-79.2998,0.267],[-79.2985,0.2596],[-79.3042,0.2633],[-79.3091,0.2608],[-79.3122,0.2626],[-79.3187,0.2546],[-79.3301,0.2533],[-79.3388,0.2482],[-79.3423,0.2501],[-79.3457,0.2468],[-79.3545,0.2455],[-79.3564,0.2374],[-79.356,0.2296],[-79.3507,0.2222],[-79.3483,0.2118],[-79.3431,0.2072],[-79.3364,0.2075],[-79.3267,0.2019],[-79.3218,0.1955],[-79.3145,0.1939],[-79.3104,0.1871],[-79.3036,0.1803],[-79.3042,0.1733],[-79.3083,0.1654],[-79.3115,0.1646],[-79.3146,0.1574],[-79.3245,0.1569],[-79.3261,0.1495],[-79.3295,0.1451],[-79.33,0.1338],[-79.3277,0.1302],[-79.3318,0.1145],[-79.335,0.1081],[-79.3395,0.1077],[-79.3495,0.098],[-79.3499,0.0908],[-79.3546,0.0777],[-79.3545,0.0673],[-79.3595,0.064],[-79.3652,0.0569],[-79.3679,0.0503],[-79.3669,0.0428],[-79.3712,0.0331],[-79.3666,0.0214],[-79.3649,0.0192],[-79.3546,0.0195],[-79.3422,0.0243],[-79.3401,0.0193],[-79.3359,0.0227],[-79.3245,0.0235],[-79.3184,0.0184],[-79.3198,0.0169],[-79.3117,0.0113],[-79.3097,0.0186],[-79.303,0.0208],[-79.2943,0.0172],[-79.2846,0.0178],[-79.2823,0.015],[-79.2629,0.0108],[-79.2594,0.0114],[-79.245,0.0056],[-79.2441,0.0113],[-79.2378,0.0087],[-79.2319,0.0034],[-79.2268,0.0065],[-79.2236,0.0025],[-79.2162,0.0041],[-79.1983,-0.0044],[-79.1924,-0.0109],[-79.1853,-0.0093],[-79.1835,-0.0142],[-79.1725,-0.0118],[-79.1689,-0.0153],[-79.1676,-0.0146],[-79.1661,0.0015],[-79.1674,0.0064],[-79.1606,0.0027],[-79.158,0.0052],[-79.1518,0.0016],[-79.141,0.0007],[-79.1309,0.0032],[-79.1335,0.0126],[-79.1403,0.0149],[-79.1404,0.02],[-79.149,0.0239],[-79.1531,0.0298],[-79.1603,0.0313],[-79.1595,0.0359],[-79.1403,0.0337],[-79.1391,0.0406]]]},"properties":{"poblacion":20445,"dpa_descan":"PUERTO QUITO","dpa_provin":"17","dpa_despro":"PICHINCHA","dpa_canton":"1709"}},
{"type":"Feature","geometry":{"type":"MultiPolygon","coordinates":[[[[-80.6231,-1.1885],[-80.6205,-1.1897],[-80.6093,-1.1873],[-80.6072,-1.1853],[-80.5863,-1.1882],[-80.5853,-1.1853],[-80.5728,-1.1796],[-80.5701,-1.1761],[-80.5649,-1.1767],[-80.5516,-1.1854],[-80.5438,-1.1889],[-80.5395,-1.1881],[-80.5399,-1.1817],[-80.5376,-1.1726],[-80.5326,-1.1662],[-80.5372,-1.1649],[-80.5438,-1.1584],[-80.5432,-1.1491],[-80.5495,-1.1477],[-80.5514,-1.144],[-80.5475,-1.1403],[-80.5475,-1.134],[-80.5508,-1.1304],[-80.5547,-1.1201],[-80.5519,-1.1084],[-80.5477,-1.106],[-80.5391,-1.1068],[-80.528,-1.1043],[-80.5176,-1.0974],[-80.5193,-1.0877],[-80.516,-1.0836],[-80.5165,-1.0791],[-80.5306,-1.0822],[-80.5395,-1.0667],[-80.5463,-1.0628],[-80.5454,-1.0456],[-80.5484,-1.0386],[-80.5415,-1.0315],[-80.5383,-1.0211],[-80.5395,-1.0198],[-80.5431,-1.0145],[-80.5568,-1.0182],[-80.5683,-1.0177],[-80.5718,-1.0206],[-80.581,-1.0202],[-80.593,-1.0138],[-80.5975,-1.0057],[-80.6107,-1.0041],[-80.621,-0.9946],[-80.6298,-1.0008],[-80.6402,-0.9994],[-80.6416,-0.995],[-80.6499,-0.9885],[-80.6543,-0.9948],[-80.6688,-0.993],[-80.6755,-0.991],[-80.6761,-0.9827],[-80.6691,-0.9649],[-80.6692,-0.9649],[-80.6758,-0.9722],[-80.6824,-0.9771],[-80.6912,-0.9868],[-80.6919,-0.9851],[-80.7038,-0.9905],[-80.7039,-0.994],[-80.7086,-0.9971],[-80.711,-0.9923],[-80.7157,-0.9924],[-80.7131,-0.9962],[-80.7168,-1.0024],[-80.7196,-1.0116],[-80.7263,-1.0168],[-80.7332,-1.0123],[-80.7448,-1.0197],[-80.7405,-1.0251],[-80.7469,-1.0329],[-80.7464,-1.0367],[-80.7514,-1.0371],[-80.7662,-1.047],[-80.7651,-1.0538],[-80.7655,-1.0681],[-80.7833,-1.0792],[-80.7837,-1.098],[-80.8231,-1.0983],[-80.8205,-1.1075],[-80.8228,-1.1093],[-80.8226,-1.1158],[-80.832,-1.1265],[-80.8396,-1.124],[-80.8433,-1.1262],[-80.8593,-1.126],[-80.8679,-1.1342],[-80.884,-1.1342],[-80.8823,-1.1442],[-80.877,-1.1579],[-80.8711,-1.166],[-80.8629,-1.182],[-80.8573,-1.191],[-80.8508,-1.2058],[-80.8407,-1.2165],[-80.8346,-1.2254],[-80.8255,-1.235],[-80.8206,-1.2442],[-80.8035,-1.2633],[-80.7877,-1.2833],[-80.7769,-1.2935],[-80.7641,-1.2834],[-80.7499,-1.2739],[-80.7411,-1.2725],[-80.7416,-1.2699],[-80.7296,-1.2697],[-80.727,-1.2659],[-80.7292,-1.2623],[-80.7208,-1.2617],[-80.7215,-1.2547],[-80.7092,-1.252],[-80.7083,-1.2449],[-80.7205,-1.2403],[-80.7238,-1.2372],[-80.7267,-1.2229],[-80.7224,-1.2083],[-80.7167,-1.2145],[-80.7038,-1.2144],[-80.7022,-1.2118],[-80.6941,-1.2119],[-80.6873,-1.2076],[-80.6855,-1.2041],[-80.6771,-1.2011],[-80.6682,-1.2045],[-80.6593,-1.2059],[-80.6519,-1.2035],[-80.6371,-1.2047],[-80.626,-1.1936],[-80.6231,-1.1885]]],[[[-81.0736,-1.2626],[-81.08,-1.2663],[-81.0801,-1.2727],[-81.0836,-1.2769],[-81.0823,-1.284],[-81.0759,-1.2804],[-81.0699,-1.2825],[-81.0647,-1.2874],[-81.0615,-1.2857],[-81.0561,-1.2905],[-81.0463,-1.2862],[-81.0515,-1.2827],[-81.0556,-1.2745],[-81.0652,-1.2703],[-81.0681,-1.2643],[-81.0736,-1.2626]]]]},"properties":{"poblacion":70294,"dpa_descan":"MONTECRISTI","dpa_provin":"13","dpa_despro":"MANABI","dpa_canton":"1309"}},
{"type":"Feature","geometry":{"type":"Polygon","coordinates":[[[-80.5702,-1.5565],[-80.5711,-1.5709],[-80.5676,-1.578],[-80.5617,-1.5792],[-80.5536,-1.5729],[-80.5532,-1.5826],[-80.5437,-1.5893],[-80.5357,-1.5902],[-80.5249,-1.5957],[-80.5241,-1.6011],[-80.5283,-1.6093],[-80.5217,-1.6082],[-80.521,-1.6156],[-80.5169,-1.6267],[-80.5233,-1.6282],[-80.5213,-1.6373],[-80.5162,-1.6429],[-80.5127,-1.651],[-80.5155,-1.6533],[-80.514,-1.6588],[-80.5105,-1.6592],[-80.5063,-1.6686],[-80.5086,-1.6753],[-80.5147,-1.6763],[-80.5258,-1.6866],[-80.525,-1.6948],[-80.5158,-1.6941],[-80.516,-1.6992],[-80.5276,-1.6991],[-80.5333,-1.7051],[-80.5361,-1.7134],[-80.532,-1.7236],[-80.5335,-1.7283],[-80.5267,-1.7367],[-80.5309,-1.744],[-80.5389,-1.7521],[-80.5325,-1.7527],[-80.5297,-1.7597],[-80.5306,-1.7646],[-80.5269,-1.7676],[-80.5257,-1.7745],[-80.5269,-1.7838],[-80.5251,-1.7872],[-80.5314,-1.7908],[-80.534,-1.7963],[-80.5342,-1.805],[-80.5222,-1.8122],[-80.5216,-1.8227],[-80.5153,-1.8313],[-80.5234,-1.8303],[-80.541,-1.8352],[-80.5392,-1.8389],[-80.5337,-1.8383],[-80.5289,-1.8415],[-80.529,-1.8472],[-80.5417,-1.8526],[-80.549,-1.8601],[-80.5452,-1.8643],[-80.5412,-1.8738],[-80.5346,-1.8783],[-80.5344,-1.8825],[-80.527,-1.8942],[-80.5168,-1.9026],[-80.5181,-1.9139],[-80.5202,-1.9186],[-80.5163,-1.9226],[-80.5118,-1.922],[-80.5045,-1.9261],[-80.4883,-1.9222],[-80.4813,-1.9261],[-80.4715,-1.9282],[-80.4697,-1.9377],[-80.4651,-1.9406],[-80.4667,-1.9464],[-80.4639,-1.9471],[-80.4553,-1.9406],[-80.446,-1.9455],[-80.4404,-1.943],[-80.4357,-1.9321],[-80.4287,-1.9251],[-80.4316,-1.921],[-80.4336,-1.9127],[-80.4326,-1.9021],[-80.4293,-1.8952],[-80.4206,-1.8907],[-80.4176,-1.8802],[-80.4228,-1.8826],[-80.4248,-1.8791],[-80.4328,-1.8849],[-80.442,-1.8847],[-80.4426,-1.8807],[-80.4348,-1.882],[-80.4368,-1.8769],[-80.4348,-1.864],[-80.4409,-1.8595],[-80.4374,-1.8569],[-80.4294,-1.8566],[-80.4255,-1.8527],[-80.4317,-1.8517],[-80.4317,-1.8451],[-80.4281,-1.8411],[-80.4289,-1.8342],[-80.418,-1.8359],[-80.4167,-1.8377],[-80.4084,-1.8362],[-80.4075,-1.8311],[-80.411,-1.8273],[-80.4101,-1.8235],[-80.4194,-1.8111],[-80.4261,-1.8089],[-80.4266,-1.8043],[-80.4218,-1.7994],[-80.4193,-1.7861],[-80.4122,-1.7835],[-80.4113,-1.7794],[-80.4051,-1.7745],[-80.3929,-1.7721],[-80.3878,-1.7676],[-80.386,-1.7564],[-80.3819,-1.7521],[-80.3636,-1.7395],[-80.3538,-1.723],[-80.3443,-1.7226],[-80.333,-1.724],[-80.3339,-1.7153],[-80.3364,-1.7129],[-80.3349,-1.7061],[-80.33,-1.7038],[-80.3244,-1.6935],[-80.3257,-1.6895],[-80.3236,-1.6828],[-80.3165,-1.6903],[-80.3129,-1.6897],[-80.302,-1.7027],[-80.2936,-1.7094],[-80.2868,-1.7087],[-80.2801,-1.7031],[-80.2828,-1.7029],[-80.295,-1.6937],[-80.2817,-1.6906],[-80.2532,-1.6892],[-80.2478,-1.6865],[-80.2376,-1.6929],[-80.2343,-1.6877],[-80.2313,-1.6882],[-80.2219,-1.6901],[-80.2189,-1.6935],[-80.2114,-1.6935],[-80.2081,-1.6749],[-80.2094,-1.6701],[-80.2165,-1.6664],[-80.2244,-1.6487],[-80.2191,-1.6374],[-80.2241,-1.6326],[-80.2255,-1.6278],[-80.2297,-1.6271],[-80.2244,-1.6234],[-80.2233,-1.6169],[-80.2541,-1.6168],[-80.2619,-1.6027],[-80.2797,-1.5776],[-80.2797,-1.5739],[-80.2841,-1.569],[-80.2689,-1.5691],[-80.265,-1.5663],[-80.2576,-1.5677],[-80.2521,-1.5655],[-80.2421,-1.5674],[-80.2357,-1.5744],[-80.2217,-1.5743],[-80.193,-1.5538],[-80.1913,-1.5517],[-80.1872,-1.5477],[-80.1845,-1.54],[-80.1749,-1.5309],[-80.1764,-1.5268],[-80.185,-1.5211],[-80.1875,-1.5223],[-80.194,-1.5192],[-80.206,-1.4982],[-80.2073,-1.4906],[-80.2041,-1.4822],[-80.197,-1.4784],[-80.1951,-1.469],[-80.1979,-1.464],[-80.1959,-1.4591],[-80.2057,-1.4623],[-80.2189,-1.4698],[-80.2218,-1.4632],[-80.2217,-1.458],[-80.2263,-1.4544],[-80.2388,-1.4537],[-80.2455,-1.4547],[-80.2526,-1.4522],[-80.2575,-1.4562],[-80.2562,-1.4617],[-80.2636,-1.4628],[-80.267,-1.466],[-80.2647,-1.4686],[-80.2707,-1.4718],[-80.2713,-1.4781],[-80.2765,-1.484],[-80.2831,-1.4819],[-80.2917,-1.4843],[-80.2879,-1.4866],[-80.2917,-1.4895],[-80.2942,-1.4853],[-80.2967,-1.4922],[-80.2923,-1.4989],[-80.3012,-1.5057],[-80.3081,-1.5063],[-80.3171,-1.5133],[-80.3272,-1.5143],[-80.3311,-1.5266],[-80.3275,-1.5347],[-80.3274,-1.5464],[-80.3381,-1.548],[-80.3391,-1.5504],[-80.3552,-1.5538],[-80.3623,-1.5468],[-80.3597,-1.5412],[-80.3665,-1.5381],[-80.3717,-1.5416],[-80.373,-1.5378],[-80.3801,-1.5347],[-80.3816,-1.5405],[-80.3863,-1.5363],[-80.3926,-1.5349],[-80.3965,-1.5322],[-80.3984,-1.5226],[-80.3953,-1.5201],[-80.3991,-1.5104],[-80.3953,-1.4976],[-80.4034,-1.493],[-80.4494,-1.4931],[-80.453,-1.4994],[-80.4581,-1.5019],[-80.467,-1.5007],[-80.473,-1.5104],[-80.4856,-1.5105],[-80.4944,-1.5089],[-80.5101,-1.5109],[-80.5204,-1.5134],[-80.5226,-1.5186],[-80.5174,-1.5245],[-80.5104,-1.5284],[-80.508,-1.5328],[-80.5014,-1.5367],[-80.5067,-1.5388],[-80.513,-1.5474],[-80.5186,-1.5599],[-80.523,-1.5634],[-80.5252,-1.5594],[-80.5309,-1.5677],[-80.5437,-1.5544],[-80.5546,-1.5526],[-80.5615,-1.5575],[-80.5702,-1.5565]]]},"properties":{"poblacion":37073,"dpa_descan":"PAJAN","dpa_provin":"13","dpa_despro":"MANABI","dpa_canton":"1310"}},
{"type":"Feature","geometry":{"type":"Polygon","coordinates":[[[-78.8299,-2.2396],[-78.8287,-2.249],[-78.8326,-2.2538],[-78.8313,-2.2642],[-78.8368,-2.281],[-78.8436,-2.2911],[-78.8448,-2.3009],[-78.8453,-2.3047],[-78.8392,-2.3135],[-78.8204,-2.3258],[-78.8144,-2.3339],[-78.81,-2.3363],[-78.8078,-2.3365],[-78.8052,-2.3518],[-78.8135,-2.3772],[-78.8108,-2.3836],[-78.8076,-2.3851],[-78.797,-2.3817],[-78.792,-2.3847],[-78.7913,-2.3907],[-78.7932,-2.4001],[-78.7979,-2.4096],[-78.7984,-2.4163],[-78.7911,-2.4239],[-78.7865,-2.4243],[-78.7868,-2.4306],[-78.7823,-2.4355],[-78.7781,-2.4347],[-78.7731,-2.4291],[-78.7667,-2.4307],[-78.763,-2.4284],[-78.7614,-2.432],[-78.7521,-2.4347],[-78.7489,-2.4407],[-78.7485,-2.435],[-78.7382,-2.4354],[-78.7314,-2.4282],[-78.7265,-2.4294],[-78.717,-2.4263],[-78.7125,-2.4323],[-78.7189,-2.4376],[-78.7074,-2.4443],[-78.7029,-2.4444],[-78.6998,-2.4482],[-78.6939,-2.4475],[-78.6819,-2.4514],[-78.6784,-2.4496],[-78.6736,-2.4522],[-78.6644,-2.4504],[-78.6607,-2.4521],[-78.6666,-2.4613],[-78.6691,-2.469],[-78.6648,-2.4782],[-78.6554,-2.4767],[-78.6563,-2.4884],[-78.6545,-2.4932],[-78.6472,-2.4978],[-78.6439,-2.5034],[-78.6382,-2.5068],[-78.6312,-2.5044],[-78.6269,-2.511],[-78.6166,-2.519],[-78.6128,-2.5247],[-78.605,-2.5316],[-78.6013,-2.539],[-78.5887,-2.5461],[-78.5779,-2.5471],[-78.576,-2.5536],[-78.5701,-2.5557],[-78.5695,-2.5587],[-78.5652,-2.5543],[-78.5578,-2.5571],[-78.5564,-2.5601],[-78.5533,-2.558],[-78.5478,-2.5594],[-78.5393,-2.5675],[-78.5288,-2.563],[-78.5264,-2.5561],[-78.5122,-2.5417],[-78.5045,-2.5213],[-78.5031,-2.5159],[-78.498,-2.5073],[-78.4977,-2.5033],[-78.4948,-2.4972],[-78.4929,-2.4865],[-78.488,-2.4761],[-78.4871,-2.4681],[-78.4848,-2.4658],[-78.4832,-2.4513],[-78.4879,-2.4485],[-78.4831,-2.4347],[-78.4729,-2.4269],[-78.4588,-2.4225],[-78.4609,-2.4162],[-78.47,-2.4146],[-78.4782,-2.4171],[-78.4868,-2.4086],[-78.4906,-2.4013],[-78.489,-2.394],[-78.4845,-2.3882],[-78.4874,-2.3829],[-78.4843,-2.3665],[-78.4967,-2.361],[-78.5053,-2.3601],[-78.5176,-2.3544],[-78.5236,-2.355],[-78.5269,-2.3528],[-78.5337,-2.3436],[-78.5459,-2.3351],[-78.5529,-2.3346],[-78.561,-2.3262],[-78.5725,-2.3259],[-78.576,-2.3308],[-78.5811,-2.3289],[-78.5829,-2.3212],[-78.5864,-2.3194],[-78.5849,-2.3108],[-78.5767,-2.3054],[-78.5668,-2.3052],[-78.5631,-2.3074],[-78.5518,-2.3054],[-78.5455,-2.2984],[-78.5462,-2.291],[-78.5361,-2.2787],[-78.5394,-2.2711],[-78.5385,-2.2638],[-78.5427,-2.2575],[-78.5425,-2.2487],[-78.5317,-2.2424],[-78.5355,-2.2369],[-78.5403,-2.2386],[-78.5485,-2.2362],[-78.5525,-2.2302],[-78.5561,-2.2297],[-78.5599,-2.2233],[-78.5648,-2.2255],[-78.5749,-2.224],[-78.5775,-2.2213],[-78.5735,-2.2093],[-78.5703,-2.2078],[-78.5722,-2.2032],[-78.5807,-2.2039],[-78.5929,-2.2005],[-78.6071,-2.2025],[-78.6198,-2.1925],[-78.6207,-2.1815],[-78.6236,-2.1882],[-78.6275,-2.1917],[-78.6272,-2.1995],[-78.6322,-2.1988],[-78.6512,-2.1905],[-78.6781,-2.192],[-78.6823,-2.1798],[-78.6709,-2.1567],[-78.69,-2.1568],[-78.6995,-2.1481],[-78.7014,-2.1409],[-78.7066,-2.1427],[-78.7073,-2.13],[-78.713,-2.1246],[-78.7143,-2.1196],[-78.7246,-2.1212],[-78.732,-2.1131],[-78.7315,-2.1081],[-78.7351,-2.1048],[-78.7421,-2.0885],[-78.7515,-2.0917],[-78.7631,-2.0993],[-78.7668,-2.1085],[-78.7773,-2.1146],[-78.7938,-2.1305],[-78.7968,-2.1312],[-78.8004,-2.1222],[-78.8077,-2.1148],[-78.8122,-2.1143],[-78.8197,-2.1089],[-78.8288,-2.1083],[-78.831,-2.1008],[-78.8418,-2.0994],[-78.8453,-2.11],[-78.8542,-2.1096],[-78.8569,-2.1177],[-78.8633,-2.1213],[-78.8725,-2.1117],[-78.8831,-2.1138],[-78.8848,-2.1105],[-78.8952,-2.1049],[-78.9027,-2.1063],[-78.9063,-2.1046],[-78.9068,-2.1122],[-78.9145,-2.1133],[-78.9194,-2.1164],[-78.9276,-2.1145],[-78.9355,-2.1186],[-78.9434,-2.1161],[-78.9485,-2.118],[-78.9533,-2.1138],[-78.9556,-2.115],[-78.9606,-2.1096],[-78.9659,-2.1087],[-78.9683,-2.1138],[-78.9729,-2.1163],[-78.9771,-2.1123],[-78.9752,-2.097],[-78.9798,-2.0904],[-78.987,-2.0904],[-78.9923,-2.0927],[-78.9988,-2.089],[-79.0039,-2.0828],[-79.0117,-2.0853],[-79.0238,-2.0861],[-79.0288,-2.1116],[-79.0361,-2.1255],[-79.0408,-2.1291],[-79.0466,-2.1373],[-79.0432,-2.1402],[-79.0419,-2.1459],[-79.0303,-2.15],[-79.0252,-2.1642],[-79.0221,-2.1681],[-79.0199,-2.1804],[-79.0136,-2.1866],[-79.0034,-2.188],[-78.9983,-2.1952],[-78.9847,-2.2022],[-78.9843,-2.2094],[-78.9901,-2.2146],[-78.9984,-2.2196],[-79.0005,-2.2274],[-79.0146,-2.2326],[-79.0161,-2.2377],[-79.0234,-2.2419],[-79.0312,-2.2485],[-79.0389,-2.2595],[-79.043,-2.2611],[-79.0474,-2.2588],[-79.0572,-2.2708],[-79.0596,-2.2771],[-79.0716,-2.2851],[-79.0786,-2.2819],[-79.0834,-2.2819],[-79.0901,-2.2784],[-79.0886,-2.2861],[-79.0845,-2.2893],[-79.0707,-2.292],[-79.0669,-2.2997],[-79.0617,-2.3002],[-79.0659,-2.306],[-79.0631,-2.3147],[-79.0511,-2.322],[-79.0517,-2.33],[-79.0465,-2.3315],[-79.043,-2.3402],[-79.0274,-2.3353],[-79.0182,-2.3309],[-79.0042,-2.3298],[-78.987,-2.3359],[-78.9792,-2.3368],[-78.9644,-2.3275],[-78.9557,-2.327],[-78.949,-2.3175],[-78.9509,-2.3051],[-78.9561,-2.2957],[-78.9618,-2.2901],[-78.9626,-2.2845],[-78.9663,-2.2794],[-78.9648,-2.2762],[-78.9576,-2.2725],[-78.9481,-2.2676],[-78.9398,-2.265],[-78.9288,-2.2639],[-78.9163,-2.2644],[-78.9026,-2.2548],[-78.8976,-2.253],[-78.8928,-2.2668],[-78.8855,-2.28],[-78.8825,-2.2786],[-78.8834,-2.2722],[-78.8769,-2.2675],[-78.8769,-2.2622],[-78.8641,-2.262],[-78.8682,-2.254],[-78.8719,-2.2507],[-78.8722,-2.2444],[-78.865,-2.2412],[-78.8429,-2.2384],[-78.8374,-2.2406],[-78.8299,-2.2396]]]},"properties":{"poblacion":44089,"dpa_descan":"ALAUSI","dpa_provin":"06","dpa_despro":"CHIMBORAZO","dpa_canton":"0602"}},
{"type":"Feature","geometry":{"type":"Polygon","coordinates":[[[-79.7031,-0.8331],[-79.6936,-0.8344],[-79.6874,-0.8298],[-79.6789,-0.8202],[-79.6813,-0.7985],[-79.6805,-0.7935],[-79.6855,-0.7849],[-79.6773,-0.7675],[-79.6716,-0.7638],[-79.6721,-0.7602],[-79.6761,-0.757],[-79.6746,-0.7495],[-79.6785,-0.7431],[-79.6742,-0.7369],[-79.6754,-0.7291],[-79.6819,-0.7287],[-79.6846,-0.7221],[-79.6911,-0.7193],[-79.6929,-0.7159],[-79.7007,-0.7164],[-79.7043,-0.7114],[-79.7009,-0.7094],[-79.7175,-0.7015],[-79.7204,-0.6985],[-79.7265,-0.7011],[-79.7323,-0.6967],[-79.735,-0.6982],[-79.7454,-0.6951],[-79.7458,-0.69],[-79.7519,-0.6886],[-79.7552,-0.6759],[-79.7528,-0.6706],[-79.7608,-0.669],[-79.7592,-0.663],[-79.7701,-0.6587],[-79.7796,-0.6609],[-79.7899,-0.66],[-79.7934,-0.6535],[-79.8026,-0.6522],[-79.8054,-0.6419],[-79.8148,-0.6453],[-79.8223,-0.6394],[-79.833,-0.6362],[-79.8359,-0.638],[-79.848,-0.6402],[-79.8496,-0.6422],[-79.8589,-0.6376],[-79.865,-0.6415],[-79.871,-0.6411],[-79.8741,-0.6459],[-79.8842,-0.6486],[-79.889,-0.6459],[-79.8895,-0.6423],[-79.8946,-0.6391],[-79.8997,-0.6446],[-79.8979,-0.6583],[-79.8977,-0.6692],[-79.9019,-0.6746],[-79.9043,-0.6841],[-79.9033,-0.687],[-79.8961,-0.6928],[-79.8887,-0.6944],[-79.8837,-0.7013],[-79.884,-0.7082],[-79.8775,-0.7148],[-79.8772,-0.7233],[-79.8791,-0.7306],[-79.8788,-0.7561],[-79.8796,-0.7627],[-79.8872,-0.7758],[-79.894,-0.7748],[-79.8975,-0.7768],[-79.9021,-0.7895],[-79.9069,-0.7931],[-79.9116,-0.7915],[-79.9177,-0.7964],[-79.9281,-0.7973],[-79.9332,-0.7938],[-79.9384,-0.7946],[-79.935,-0.8106],[-79.9301,-0.8164],[-79.9156,-0.8182],[-79.9119,-0.817],[-79.9069,-0.8219],[-79.8986,-0.843],[-79.8998,-0.8468],[-79.9081,-0.8554],[-79.9087,-0.8626],[-79.902,-0.876],[-79.9018,-0.8826],[-79.8989,-0.8862],[-79.8907,-0.8856],[-79.8863,-0.8936],[-79.8813,-0.8943],[-79.8791,-0.8915],[-79.8742,-0.8926],[-79.8719,-0.8963],[-79.8741,-0.903],[-79.8817,-0.9044],[-79.8847,-0.9108],[-79.898,-0.915],[-79.8993,-0.9192],[-79.9062,-0.922],[-79.917,-0.9326],[-79.9169,-0.9384],[-79.9123,-0.9377],[-79.9093,-0.9413],[-79.9083,-0.9559],[-79.9032,-0.9601],[-79.9094,-0.9625],[-79.9167,-0.9729],[-79.9151,-0.9803],[-79.918,-0.9837],[-79.9277,-0.9896],[-79.9342,-0.9956],[-79.9406,-0.9905],[-79.9481,-0.9902],[-79.9555,-0.9821],[-79.9672,-0.984],[-79.9785,-0.9788],[-79.9856,-0.9789],[-79.9912,-0.9825],[-79.9847,-0.9899],[-79.9855,-0.9982],[-79.9827,-1.0026],[-79.9856,-1.0076],[-79.9825,-1.0155],[-79.9838,-1.0236],[-79.9884,-1.0262],[-79.9957,-1.0401],[-80.0031,-1.0401],[-80.0063,-1.0434],[-80.0054,-1.0486],[-80.0154,-1.0492],[-80.0198,-1.0504],[-80.0182,-1.06],[-80.0242,-1.0681],[-80.0269,-1.0744],[-80.0301,-1.0728],[-80.0351,-1.0753],[-80.0414,-1.0836],[-80.0431,-1.0945],[-80.0367,-1.0963],[-80.0365,-1.1147],[-80.038,-1.1221],[-80.032,-1.1279],[-80.0173,-1.1294],[-80.0082,-1.1273],[-80.0002,-1.1275],[-79.993,-1.1328],[-79.9844,-1.1306],[-79.9825,-1.1393],[-79.975,-1.1417],[-79.9689,-1.139],[-79.9661,-1.1416],[-79.9551,-1.1385],[-79.9463,-1.1439],[-79.9459,-1.1535],[-79.9403,-1.1556],[-79.9276,-1.1463],[-79.9199,-1.1433],[-79.916,-1.1447],[-79.9127,-1.1391],[-79.9087,-1.1392],[-79.904,-1.1273],[-79.899,-1.1226],[-79.8871,-1.1163],[-79.8815,-1.1085],[-79.8747,-1.1039],[-79.8611,-1.0995],[-79.8548,-1.0898],[-79.8508,-1.0894],[-79.8441,-1.0826],[-79.8405,-1.0732],[-79.835,-1.0604],[-79.8366,-1.0565],[-79.8333,-1.0501],[-79.8296,-1.0487],[-79.8166,-1.0506],[-79.8127,-1.0461],[-79.8124,-1.0333],[-79.8095,-1.0307],[-79.8045,-1.0316],[-79.7999,-1.022],[-79.8005,-1.0153],[-79.804,-1.0086],[-79.7966,-1.0021],[-79.8003,-0.9955],[-79.8005,-0.9897],[-79.7942,-0.9799],[-79.787,-0.9775],[-79.7815,-0.9821],[-79.7747,-0.9802],[-79.7733,-0.9717],[-79.7746,-0.9635],[-79.7734,-0.9549],[-79.7702,-0.9457],[-79.7537,-0.9306],[-79.7533,-0.9235],[-79.744,-0.9212],[-79.747,-0.915],[-79.7395,-0.9058],[-79.7371,-0.9006],[-79.7371,-0.8917],[-79.7309,-0.8844],[-79.7247,-0.8819],[-79.7183,-0.8866],[-79.7156,-0.8857],[-79.7146,-0.8788],[-79.7102,-0.8834],[-79.7051,-0.8832],[-79.7011,-0.8819],[-79.7015,-0.8769],[-79.6965,-0.8721],[-79.7072,-0.863],[-79.7103,-0.8513],[-79.7078,-0.8418],[-79.7031,-0.8331]]]},"properties":{"poblacion":30244,"dpa_descan":"PICHINCHA","dpa_provin":"13","dpa_despro":"MANABI","dpa_canton":"1311"}},
{"type":"Feature","geometry":{"type":"Polygon","coordinates":[[[-80.2674,-0.8728],[-80.2761,-0.8722],[-80.2873,-0.8796],[-80.2906,-0.8853],[-80.2964,-0.8804],[-80.3039,-0.8818],[-80.3114,-0.8993],[-80.3182,-0.8893],[-80.3221,-0.8889],[-80.3277,-0.8839],[-80.3319,-0.8847],[-80.3359,-0.8764],[-80.3346,-0.8672],[-80.3413,-0.8585],[-80.3461,-0.8572],[-80.3505,-0.8413],[-80.3622,-0.8342],[-80.365,-0.8305],[-80.3803,-0.8289],[-80.3843,-0.8219],[-80.3868,-0.8262],[-80.3961,-0.8315],[-80.3964,-0.835],[-80.4052,-0.8407],[-80.4121,-0.8429],[-80.4115,-0.8493],[-80.4198,-0.8488],[-80.4266,-0.8464],[-80.4397,-0.8534],[-80.443,-0.8528],[-80.4478,-0.8574],[-80.4551,-0.8582],[-80.467,-0.8636],[-80.471,-0.8669],[-80.4799,-0.8651],[-80.4771,-0.8727],[-80.4865,-0.8728],[-80.4928,-0.869],[-80.5028,-0.8706],[-80.5059,-0.8775],[-80.5038,-0.8848],[-80.5082,-0.8888],[-80.5061,-0.895],[-80.5104,-0.8977],[-80.5133,-0.9065],[-80.5272,-0.9148],[-80.5324,-0.921],[-80.5379,-0.9207],[-80.5418,-0.9287],[-80.5379,-0.9285],[-80.5275,-0.932],[-80.5161,-0.946],[-80.5101,-0.958],[-80.5064,-0.9624],[-80.5006,-0.9586],[-80.4873,-0.9561],[-80.4875,-0.9603],[-80.4789,-0.963],[-80.4681,-0.9621],[-80.4504,-0.9634],[-80.4478,-0.9716],[-80.4385,-0.9735],[-80.4311,-0.9738],[-80.4267,-0.9667],[-80.4239,-0.9555],[-80.4122,-0.9549],[-80.4059,-0.9505],[-80.3997,-0.9546],[-80.3926,-0.9549],[-80.3902,-0.9527],[-80.3848,-0.9553],[-80.3818,-0.9519],[-80.3697,-0.9451],[-80.3614,-0.954],[-80.3488,-0.9512],[-80.3437,-0.9553],[-80.339,-0.9482],[-80.3322,-0.9525],[-80.325,-0.9533],[-80.323,-0.9546],[-80.3066,-0.9468],[-80.3045,-0.9428],[-80.297,-0.9472],[-80.2925,-0.9367],[-80.2838,-0.9348],[-80.2858,-0.9219],[-80.2895,-0.917],[-80.2877,-0.9084],[-80.292,-0.906],[-80.2888,-0.9002],[-80.2834,-0.8955],[-80.277,-0.8948],[-80.2656,-0.8871],[-80.2646,-0.8756],[-80.2674,-0.8728]]]},"properties":{"poblacion":33469,"dpa_descan":"ROCAFUERTE","dpa_provin":"13","dpa_despro":"MANABI","dpa_canton":"1312"}},
{"type":"Feature","geometry":{"type":"Polygon","coordinates":[[[-80.5007,-1.218],[-80.5,-1.2165],[-80.4791,-1.2188],[-80.4736,-1.2182],[-80.4642,-1.2139],[-80.4592,-1.2165],[-80.4471,-1.2121],[-80.4411,-1.2054],[-80.4359,-1.2109],[-80.4261,-1.2142],[-80.4231,-1.2127],[-80.4174,-1.2153],[-80.4139,-1.2204],[-80.4089,-1.2211],[-80.4051,-1.2248],[-80.4097,-1.2289],[-80.4113,-1.2394],[-80.4084,-1.2446],[-80.4087,-1.2515],[-80.3998,-1.2627],[-80.3949,-1.275],[-80.3955,-1.2798],[-80.3866,-1.2776],[-80.3862,-1.2856],[-80.3789,-1.2865],[-80.3828,-1.2898],[-80.3805,-1.2992],[-80.3728,-1.3018],[-80.3754,-1.3059],[-80.3689,-1.3144],[-80.3549,-1.3152],[-80.3451,-1.3129],[-80.3413,-1.3146],[-80.3402,-1.3106],[-80.3354,-1.308],[-80.329,-1.3083],[-80.3251,-1.3042],[-80.3188,-1.3057],[-80.31,-1.3027],[-80.3051,-1.3095],[-80.3005,-1.3095],[-80.2948,-1.3086],[-80.2845,-1.3026],[-80.2813,-1.2961],[-80.2745,-1.2913],[-80.2703,-1.2922],[-80.2634,-1.2867],[-80.2517,-1.2869],[-80.249,-1.2858],[-80.2412,-1.2766],[-80.2306,-1.2795],[-80.2275,-1.2741],[-80.2232,-1.2725],[-80.2183,-1.2841],[-80.2184,-1.2908],[-80.2141,-1.2966],[-80.2028,-1.2921],[-80.1963,-1.2984],[-80.1872,-1.2976],[-80.1818,-1.3015],[-80.1779,-1.3012],[-80.1675,-1.3063],[-80.1614,-1.3038],[-80.1511,-1.3058],[-80.1419,-1.2957],[-80.1351,-1.2918],[-80.1282,-1.2905],[-80.1236,-1.295],[-80.1231,-1.3021],[-80.1142,-1.3011],[-80.1083,-1.305],[-80.1058,-1.3092],[-80.1032,-1.3111],[-80.1015,-1.3216],[-80.0985,-1.3264],[-80.0954,-1.3264],[-80.0868,-1.3196],[-80.0809,-1.3174],[-80.0835,-1.3153],[-80.081,-1.3074],[-80.0738,-1.3036],[-80.0614,-1.2909],[-80.0472,-1.2871],[-80.0404,-1.275],[-80.0354,-1.2734],[-80.0308,-1.2786],[-80.0255,-1.277],[-80.0354,-1.2706],[-80.0358,-1.2647],[-80.0388,-1.2628],[-80.0375,-1.2537],[-80.0229,-1.2454],[-80.0161,-1.2438],[-80.0059,-1.2362],[-79.9992,-1.2331],[-80.0016,-1.2216],[-79.9986,-1.2126],[-80.0019,-1.2069],[-80.0015,-1.1962],[-79.9882,-1.1926],[-79.9831,-1.1885],[-79.9822,-1.1828],[-79.9882,-1.1698],[-79.9965,-1.1573],[-79.9962,-1.151],[-79.9899,-1.1368],[-79.9844,-1.1306],[-79.993,-1.1328],[-80.0002,-1.1275],[-80.0082,-1.1273],[-80.0173,-1.1294],[-80.032,-1.1279],[-80.038,-1.1221],[-80.0365,-1.1147],[-80.0367,-1.0963],[-80.0431,-1.0945],[-80.0414,-1.0836],[-80.0351,-1.0753],[-80.0406,-1.0681],[-80.0526,-1.0635],[-80.0559,-1.0647],[-80.066,-1.0629],[-80.0707,-1.0645],[-80.0771,-1.0621],[-80.0801,-1.0655],[-80.0855,-1.0664],[-80.0938,-1.0729],[-80.0989,-1.0704],[-80.1035,-1.0711],[-80.1095,-1.0785],[-80.1225,-1.0872],[-80.1266,-1.0973],[-80.1351,-1.0973],[-80.1356,-1.0896],[-80.1383,-1.08],[-80.145,-1.0835],[-80.1462,-1.0884],[-80.151,-1.082],[-80.1568,-1.0808],[-80.1679,-1.0859],[-80.1708,-1.0835],[-80.1752,-1.0876],[-80.181,-1.0829],[-80.1902,-1.085],[-80.1997,-1.0821],[-80.206,-1.0846],[-80.2116,-1.083],[-80.2153,-1.0854],[-80.2204,-1.0808],[-80.2243,-1.0804],[-80.2311,-1.0846],[-80.2313,-1.089],[-80.246,-1.09],[-80.254,-1.0868],[-80.2624,-1.089],[-80.2657,-1.0938],[-80.2723,-1.0941],[-80.2771,-1.0928],[-80.2864,-1.097],[-80.2931,-1.1062],[-80.2941,-1.1102],[-80.3079,-1.1064],[-80.3236,-1.1165],[-80.3287,-1.1344],[-80.3352,-1.1445],[-80.3415,-1.1517],[-80.3513,-1.1521],[-80.3548,-1.1555],[-80.3664,-1.1578],[-80.3854,-1.157],[-80.3843,-1.1597],[-80.3897,-1.1639],[-80.3911,-1.1611],[-80.3989,-1.1627],[-80.4131,-1.1723],[-80.4286,-1.1734],[-80.4336,-1.1678],[-80.4408,-1.1678],[-80.4456,-1.163],[-80.4532,-1.1623],[-80.4671,-1.1637],[-80.4687,-1.1667],[-80.4771,-1.1701],[-80.4854,-1.1678],[-80.4931,-1.1732],[-80.5105,-1.1818],[-80.5179,-1.1878],[-80.5304,-1.1953],[-80.5303,-1.2008],[-80.5362,-1.2007],[-80.5417,-1.2079],[-80.5376,-1.2186],[-80.5256,-1.2176],[-80.5219,-1.2212],[-80.5057,-1.2179],[-80.5007,-1.218]]]},"properties":{"poblacion":47385,"dpa_descan":"SANTA ANA","dpa_provin":"13","dpa_despro":"MANABI","dpa_canton":"1313"}},
{"type":"Feature","geometry":{"type":"MultiPolygon","coordinates":[[[[-80.3345,-0.6605],[-80.3366,-0.658],[-80.3469,-0.6551],[-80.3485,-0.6624],[-80.3446,-0.6732],[-80.3349,-0.6753],[-80.3232,-0.68],[-80.3207,-0.6742],[-80.3136,-0.6719],[-80.3147,-0.6656],[-80.314,-0.6602],[-80.3223,-0.66],[-80.3255,-0.6621],[-80.3345,-0.6605]]],[[[-80.3417,-0.6499],[-80.3482,-0.6526],[-80.3359,-0.6572],[-80.3328,-0.6608],[-80.3255,-0.6611],[-80.324,-0.6577],[-80.3417,-0.6499]]],[[[-80.3233,-0.6811],[-80.3348,-0.6765],[-80.3446,-0.6745],[-80.3508,-0.6621],[-80.3573,-0.6552],[-80.3615,-0.6546],[-80.3791,-0.6629],[-80.3899,-0.6599],[-80.3934,-0.6526],[-80.406,-0.651],[-80.4114,-0.6409],[-80.4214,-0.6352],[-80.4237,-0.6299],[-80.425,-0.6104],[-80.4232,-0.6066],[-80.4218,-0.5952],[-80.4249,-0.5948],[-80.4298,-0.6026],[-80.4406,-0.6079],[-80.4529,-0.6114],[-80.4556,-0.6216],[-80.4628,-0.6299],[-80.4675,-0.6388],[-80.4697,-0.6391],[-80.4831,-0.6832],[-80.4907,-0.7029],[-80.4924,-0.7047],[-80.5005,-0.7292],[-80.5078,-0.739],[-80.5096,-0.7489],[-80.5172,-0.7759],[-80.5213,-0.7947],[-80.517,-0.7976],[-80.5154,-0.8152],[-80.5108,-0.818],[-80.5143,-0.823],[-80.5104,-0.8268],[-80.5094,-0.8345],[-80.5031,-0.8373],[-80.5023,-0.8452],[-80.4967,-0.8532],[-80.4942,-0.8527],[-80.4917,-0.8632],[-80.4928,-0.869],[-80.4865,-0.8728],[-80.4771,-0.8727],[-80.4799,-0.8651],[-80.471,-0.8669],[-80.467,-0.8636],[-80.4551,-0.8582],[-80.4478,-0.8574],[-80.443,-0.8528],[-80.4397,-0.8534],[-80.4266,-0.8464],[-80.4198,-0.8488],[-80.4115,-0.8493],[-80.4121,-0.8429],[-80.4052,-0.8407],[-80.3964,-0.835],[-80.3961,-0.8315],[-80.3868,-0.8262],[-80.3843,-0.8219],[-80.3815,-0.8164],[-80.3821,-0.8085],[-80.3806,-0.8009],[-80.3755,-0.7971],[-80.3705,-0.7976],[-80.3659,-0.793],[-80.3662,-0.7839],[-80.3595,-0.7762],[-80.3517,-0.7732],[-80.3478,-0.7686],[-80.3478,-0.7615],[-80.3415,-0.7543],[-80.3362,-0.7442],[-80.3345,-0.7302],[-80.3294,-0.7262],[-80.3284,-0.7206],[-80.3242,-0.7162],[-80.3248,-0.7014],[-80.3198,-0.6931],[-80.3233,-0.6811]]],[[[-80.0804,-0.2478],[-80.0902,-0.2529],[-80.1005,-0.2514],[-80.1091,-0.2555],[-80.119,-0.255],[-80.1235,-0.2612],[-80.1317,-0.2591],[-80.1341,-0.266],[-80.1476,-0.278],[-80.1607,-0.2844],[-80.1653,-0.2807],[-80.1662,-0.2893],[-80.1724,-0.2889],[-80.1805,-0.2786],[-80.1914,-0.2845],[-80.1992,-0.2834],[-80.2016,-0.2863],[-80.1939,-0.293],[-80.1926,-0.2989],[-80.2026,-0.3104],[-80.2104,-0.3096],[-80.2171,-0.3124],[-80.2196,-0.3181],[-80.2256,-0.3249],[-80.2316,-0.3244],[-80.2357,-0.32],[-80.2445,-0.318],[-80.2492,-0.3214],[-80.2503,-0.3324],[-80.2541,-0.3353],[-80.2616,-0.3359],[-80.2735,-0.3348],[-80.2898,-0.3486],[-80.2913,-0.3557],[-80.2959,-0.3565],[-80.3046,-0.362],[-80.3096,-0.3672],[-80.3134,-0.3755],[-80.3087,-0.3777],[-80.3079,-0.3827],[-80.3037,-0.3837],[-80.3004,-0.4026],[-80.2882,-0.4007],[-80.2793,-0.423],[-80.2787,-0.4286],[-80.2751,-0.433],[-80.2736,-0.4444],[-80.2709,-0.447],[-80.2606,-0.446],[-80.2581,-0.4499],[-80.2515,-0.4512],[-80.248,-0.4551],[-80.2409,-0.4504],[-80.2349,-0.4556],[-80.2284,-0.4554],[-80.2269,-0.4584],[-80.2308,-0.4618],[-80.2343,-0.4734],[-80.2329,-0.478],[-80.2276,-0.4791],[-80.2216,-0.4918],[-80.205,-0.4863],[-80.1964,-0.4816],[-80.1932,-0.4844],[-80.1896,-0.4824],[-80.19,-0.4689],[-80.1882,-0.4642],[-80.1897,-0.4558],[-80.186,-0.4397],[-80.1882,-0.4331],[-80.1786,-0.4264],[-80.1738,-0.4279],[-80.174,-0.4131],[-80.171,-0.3896],[-80.1701,-0.3708],[-80.171,-0.3667],[-80.1546,-0.3588],[-80.147,-0.3532],[-80.1381,-0.3536],[-80.1286,-0.3505],[-80.1253,-0.3406],[-80.1283,-0.3316],[-80.1274,-0.3289],[-80.1116,-0.3149],[-80.1078,-0.3067],[-80.0999,-0.3014],[-80.0978,-0.287],[-80.0986,-0.2778],[-80.0899,-0.2617],[-80.082,-0.2521],[-80.0804,-0.2478]]]]},"properties":{"poblacion":57159,"dpa_descan":"SUCRE","dpa_provin":"13","dpa_despro":"MANABI","dpa_canton":"1314"}},
{"type":"Feature","geometry":{"type":"MultiPolygon","coordinates":[[[[-80.2791,-0.658],[-80.2872,-0.6562],[-80.2903,-0.6538],[-80.299,-0.6549],[-80.2938,-0.6609],[-80.3052,-0.6633],[-80.3118,-0.6603],[-80.3143,-0.6647],[-80.3132,-0.6711],[-80.3132,-0.6713],[-80.3139,-0.6727],[-80.3209,-0.6754],[-80.3233,-0.6811],[-80.3198,-0.6931],[-80.3248,-0.7014],[-80.3242,-0.7162],[-80.3284,-0.7206],[-80.3294,-0.7262],[-80.3345,-0.7302],[-80.3362,-0.7442],[-80.3415,-0.7543],[-80.3478,-0.7615],[-80.3478,-0.7686],[-80.3517,-0.7732],[-80.3595,-0.7762],[-80.3662,-0.7839],[-80.3659,-0.793],[-80.3705,-0.7976],[-80.3755,-0.7971],[-80.3806,-0.8009],[-80.3821,-0.8085],[-80.3815,-0.8164],[-80.3843,-0.8219],[-80.3803,-0.8289],[-80.365,-0.8305],[-80.3622,-0.8342],[-80.3505,-0.8413],[-80.3461,-0.8572],[-80.3413,-0.8585],[-80.3346,-0.8672],[-80.3359,-0.8764],[-80.3319,-0.8847],[-80.3277,-0.8839],[-80.3221,-0.8889],[-80.3182,-0.8893],[-80.3114,-0.8993],[-80.3039,-0.8818],[-80.2964,-0.8804],[-80.2906,-0.8853],[-80.2873,-0.8796],[-80.2761,-0.8722],[-80.2674,-0.8728],[-80.2645,-0.8676],[-80.2604,-0.8668],[-80.2556,-0.8612],[-80.2459,-0.859],[-80.2384,-0.8613],[-80.2342,-0.8604],[-80.237,-0.8553],[-80.2291,-0.8481],[-80.2179,-0.8453],[-80.2184,-0.8401],[-80.2098,-0.8317],[-80.1986,-0.8296],[-80.1974,-0.833],[-80.1935,-0.8298],[-80.1834,-0.831],[-80.1795,-0.8271],[-80.1789,-0.8145],[-80.1804,-0.8091],[-80.1751,-0.8061],[-80.1748,-0.8054],[-80.165,-0.7942],[-80.1582,-0.7957],[-80.1603,-0.7903],[-80.1562,-0.7832],[-80.1552,-0.7741],[-80.1451,-0.7707],[-80.1452,-0.7658],[-80.1503,-0.7648],[-80.1618,-0.7585],[-80.1632,-0.7504],[-80.1592,-0.7377],[-80.1661,-0.7321],[-80.1768,-0.7312],[-80.1887,-0.7419],[-80.1909,-0.74],[-80.1903,-0.7333],[-80.1967,-0.7332],[-80.2026,-0.73],[-80.2062,-0.7339],[-80.2093,-0.7224],[-80.2134,-0.7192],[-80.2158,-0.7122],[-80.226,-0.7118],[-80.2282,-0.7075],[-80.2268,-0.7015],[-80.2293,-0.6956],[-80.2341,-0.6971],[-80.2382,-0.69],[-80.245,-0.6886],[-80.253,-0.6923],[-80.2582,-0.6874],[-80.2614,-0.6913],[-80.2614,-0.6847],[-80.2695,-0.6801],[-80.2706,-0.6871],[-80.2747,-0.6821],[-80.2761,-0.6691],[-80.2735,-0.6657],[-80.2791,-0.658]]],[[[-80.3033,-0.6627],[-80.2957,-0.6608],[-80.3009,-0.6538],[-80.3112,-0.6567],[-80.3107,-0.6596],[-80.3033,-0.6627]]]]},"properties":{"poblacion":38341,"dpa_descan":"TOSAGUA","dpa_provin":"13","dpa_despro":"MANABI","dpa_canton":"1315"}},
{"type":"Feature","geometry":{"type":"Polygon","coordinates":[[[-78.6276,-1.5084],[-78.6327,-1.504],[-78.6337,-1.4959],[-78.6404,-1.4943],[-78.6508,-1.4997],[-78.6579,-1.4974],[-78.667,-1.4998],[-78.6765,-1.4954],[-78.697,-1.4977],[-78.7023,-1.4967],[-78.7113,-1.4909],[-78.7229,-1.4775],[-78.7265,-1.4697],[-78.7414,-1.4531],[-78.7538,-1.4466],[-78.7559,-1.4434],[-78.7633,-1.4398],[-78.7687,-1.434],[-78.7728,-1.4299],[-78.7814,-1.4323],[-78.7963,-1.4431],[-78.8043,-1.4433],[-78.8093,-1.4509],[-78.8152,-1.4506],[-78.8201,-1.4545],[-78.8315,-1.4579],[-78.8342,-1.463],[-78.8403,-1.464],[-78.8514,-1.4705],[-78.845,-1.4729],[-78.8,-1.4941],[-78.7947,-1.5033],[-78.7882,-1.5189],[-78.7874,-1.5266],[-78.7806,-1.5343],[-78.7816,-1.5507],[-78.7722,-1.5564],[-78.7641,-1.5595],[-78.7548,-1.5676],[-78.7494,-1.5694],[-78.7391,-1.5834],[-78.7308,-1.586],[-78.7256,-1.5996],[-78.715,-1.605],[-78.7154,-1.6099],[-78.7205,-1.6194],[-78.7116,-1.6258],[-78.6892,-1.6256],[-78.6838,-1.6228],[-78.6772,-1.6328],[-78.6749,-1.6374],[-78.667,-1.6385],[-78.6642,-1.6429],[-78.653,-1.6483],[-78.6465,-1.6457],[-78.6451,-1.6417],[-78.6378,-1.6387],[-78.6307,-1.6392],[-78.6272,-1.6436],[-78.6279,-1.6479],[-78.6237,-1.6508],[-78.6172,-1.6483],[-78.6135,-1.6438],[-78.6084,-1.6421],[-78.6045,-1.6368],[-78.5955,-1.6331],[-78.5882,-1.6382],[-78.5859,-1.6462],[-78.5786,-1.6487],[-78.5707,-1.6431],[-78.5679,-1.639],[-78.5618,-1.639],[-78.5585,-1.6335],[-78.5562,-1.624],[-78.5575,-1.6152],[-78.5537,-1.6119],[-78.5537,-1.6068],[-78.5467,-1.6038],[-78.5453,-1.6008],[-78.5486,-1.5918],[-78.5484,-1.5917],[-78.5404,-1.5908],[-78.5387,-1.5936],[-78.535,-1.5894],[-78.5333,-1.5789],[-78.5366,-1.5768],[-78.5359,-1.5647],[-78.5336,-1.5557],[-78.5378,-1.5537],[-78.5391,-1.5489],[-78.5397,-1.5432],[-78.5343,-1.5415],[-78.534,-1.5337],[-78.5182,-1.5241],[-78.5181,-1.5208],[-78.5223,-1.5164],[-78.522,-1.5087],[-78.5138,-1.4955],[-78.5156,-1.4907],[-78.5128,-1.4872],[-78.5149,-1.4837],[-78.5129,-1.472],[-78.5299,-1.4693],[-78.5332,-1.4796],[-78.5321,-1.4827],[-78.5399,-1.4798],[-78.5466,-1.4754],[-78.5634,-1.4758],[-78.5706,-1.4786],[-78.5851,-1.4898],[-78.5965,-1.4908],[-78.6024,-1.4892],[-78.6077,-1.4923],[-78.6085,-1.4965],[-78.6157,-1.5001],[-78.6204,-1.5061],[-78.6276,-1.5084]]]},"properties":{"poblacion":42851,"dpa_descan":"GUANO","dpa_provin":"06","dpa_despro":"CHIMBORAZO","dpa_canton":"0607"}},
{"type":"Feature","geometry":{"type":"MultiPolygon","coordinates":[[[[-79.7949,0.708],[-79.799,0.7094],[-79.8066,0.7041],[-79.807,0.6901],[-79.809,0.6834],[-79.8062,0.6793],[-79.8067,0.6722],[-79.8147,0.6733],[-79.8174,0.6671],[-79.8214,0.6649],[-79.8222,0.6573],[-79.8272,0.652],[-79.8282,0.6462],[-79.8354,0.6324],[-79.8329,0.6186],[-79.8246,0.6111],[-79.8211,0.6034],[-79.8133,0.6023],[-79.8129,0.5957],[-79.8166,0.5824],[-79.8083,0.5805],[-79.802,0.575],[-79.796,0.5757],[-79.7925,0.5824],[-79.7834,0.5931],[-79.7731,0.5931],[-79.7677,0.5909],[-79.7639,0.5929],[-79.7675,0.5982],[-79.7612,0.607],[-79.7534,0.6066],[-79.7519,0.6026],[-79.7442,0.5984],[-79.7398,0.5879],[-79.7325,0.5866],[-79.7304,0.5895],[-79.7341,0.5961],[-79.7319,0.6032],[-79.7262,0.6085],[-79.7226,0.6092],[-79.7139,0.6181],[-79.7096,0.616],[-79.7015,0.6191],[-79.6969,0.6164],[-79.6981,0.61],[-79.6945,0.6096],[-79.6824,0.6165],[-79.6682,0.6209],[-79.66,0.6199],[-79.6519,0.6212],[-79.6398,0.6304],[-79.6286,0.6272],[-79.623,0.6328],[-79.6138,0.6377],[-79.6123,0.6497],[-79.5945,0.6624],[-79.586,0.6633],[-79.5766,0.6713],[-79.5671,0.6731],[-79.5649,0.6766],[-79.5585,0.6768],[-79.5503,0.673],[-79.5425,0.6635],[-79.5349,0.6638],[-79.5212,0.655],[-79.508,0.65],[-79.5031,0.6376],[-79.4821,0.6223],[-79.4659,0.6205],[-79.4543,0.6077],[-79.4524,0.6033],[-79.4459,0.5992],[-79.444,0.5932],[-79.447,0.5773],[-79.4402,0.5715],[-79.4326,0.577],[-79.4176,0.567],[-79.4141,0.5665],[-79.4119,0.573],[-79.4126,0.5822],[-79.4084,0.5873],[-79.4097,0.5943],[-79.4084,0.6008],[-79.412,0.6057],[-79.4107,0.6118],[-79.417,0.6163],[-79.423,0.6326],[-79.4293,0.636],[-79.4422,0.6401],[-79.4562,0.6419],[-79.4635,0.6466],[-79.4741,0.6626],[-79.4728,0.6682],[-79.4776,0.6731],[-79.4812,0.6804],[-79.4887,0.6879],[-79.4888,0.7016],[-79.4937,0.7084],[-79.4897,0.7179],[-79.4924,0.7307],[-79.4969,0.7429],[-79.4973,0.749],[-79.5009,0.7536],[-79.501,0.7602],[-79.5001,0.7718],[-79.5012,0.7766],[-79.5092,0.7898],[-79.5045,0.7973],[-79.5118,0.8033],[-79.5125,0.8193],[-79.5092,0.826],[-79.5031,0.8282],[-79.4985,0.8263],[-79.4922,0.8173],[-79.4823,0.8185],[-79.4688,0.8293],[-79.4647,0.8377],[-79.4647,0.8435],[-79.4705,0.8518],[-79.4787,0.8591],[-79.4814,0.8642],[-79.4827,0.8737],[-79.4825,0.8829],[-79.4769,0.8876],[-79.4776,0.896],[-79.4739,0.9003],[-79.4801,0.9081],[-79.481,0.915],[-79.4762,0.9242],[-79.4745,0.9321],[-79.4664,0.9386],[-79.4653,0.9518],[-79.4559,0.9563],[-79.4542,0.967],[-79.4561,0.9729],[-79.4535,0.9809],[-79.4582,0.9919],[-79.4573,0.9992],[-79.4607,1.0037],[-79.4621,1.0149],[-79.4665,1.0219],[-79.4632,1.0281],[-79.464,1.0407],[-79.4602,1.0468],[-79.4616,1.0476],[-79.494,1.0282],[-79.5035,1.0211],[-79.5135,1.0173],[-79.5279,1.0062],[-79.5444,0.9963],[-79.5503,0.9939],[-79.5597,0.9956],[-79.5827,0.9872],[-79.5953,0.986],[-79.6083,0.9856],[-79.6219,0.9936],[-79.6272,0.9896],[-79.6306,0.9766],[-79.6317,0.9609],[-79.6342,0.9559],[-79.6341,0.946],[-79.6449,0.9402],[-79.6427,0.9336],[-79.6449,0.9248],[-79.6429,0.9183],[-79.6452,0.921],[-79.6461,0.9189],[-79.6476,0.9172],[-79.6549,0.9129],[-79.6572,0.9121],[-79.6589,0.9205],[-79.6576,0.9331],[-79.6501,0.9397],[-79.6481,0.9483],[-79.6508,0.9557],[-79.6482,0.9686],[-79.6513,0.9783],[-79.6466,0.9832],[-79.652,0.9947],[-79.6797,0.9804],[-79.7041,0.9702],[-79.7149,0.9674],[-79.7363,0.9658],[-79.745,0.9605],[-79.738,0.9397],[-79.7354,0.9354],[-79.732,0.9326],[-79.7299,0.9263],[-79.7463,0.9117],[-79.7499,0.9012],[-79.743,0.8884],[-79.7447,0.8822],[-79.7491,0.8802],[-79.7552,0.8507],[-79.7499,0.8373],[-79.7507,0.834],[-79.7501,0.8289],[-79.7463,0.8234],[-79.7544,0.8157],[-79.7615,0.8011],[-79.7624,0.7893],[-79.7731,0.7781],[-79.783,0.7691],[-79.785,0.7627],[-79.7936,0.757],[-79.7895,0.7523],[-79.7939,0.7484],[-79.7916,0.744],[-79.7925,0.7404],[-79.786,0.7359],[-79.7859,0.7296],[-79.7799,0.7284],[-79.7815,0.7239],[-79.788,0.7233],[-79.7878,0.7167],[-79.7925,0.7132],[-79.7949,0.708]]],[[[-79.6531,0.9143],[-79.6457,0.9202],[-79.6457,0.9242],[-79.6437,0.9318],[-79.6467,0.9385],[-79.6565,0.9255],[-79.6531,0.9143]]],[[[-79.6363,0.957],[-79.6365,0.9671],[-79.6424,0.9728],[-79.6463,0.969],[-79.6497,0.9569],[-79.6464,0.9539],[-79.6478,0.9423],[-79.6379,0.9511],[-79.6363,0.957]]]]},"properties":{"poblacion":189504,"dpa_descan":"ESMERALDAS","dpa_provin":"08","dpa_despro":"ESMERALDAS","dpa_canton":"0801"}},
{"type":"Feature","geometry":{"type":"MultiPolygon","coordinates":[[[[-78.9966,1.1737],[-78.9961,1.1786],[-78.9984,1.188],[-79.0012,1.1928],[-79.0064,1.1952],[-79.0053,1.1901],[-78.9966,1.1737]]],[[[-78.9551,1.1697],[-78.9493,1.167],[-78.9468,1.1697],[-78.9494,1.1785],[-78.9573,1.1825],[-78.9587,1.1883],[-78.9542,1.1918],[-78.938,1.1947],[-78.9369,1.1976],[-78.9502,1.2092],[-78.9586,1.2088],[-78.966,1.2131],[-78.9684,1.2127],[-78.9777,1.215],[-78.9813,1.214],[-78.9816,1.2111],[-78.984,1.2093],[-78.9854,1.2092],[-78.9884,1.2133],[-78.9916,1.21],[-78.9936,1.2137],[-79,1.2077],[-79.0038,1.2153],[-79.0039,1.2098],[-79.0071,1.2115],[-79.0087,1.207],[-79.0062,1.1984],[-79.0002,1.1933],[-78.9966,1.186],[-78.9953,1.1789],[-78.996,1.1773],[-78.9953,1.1634],[-78.9933,1.1534],[-78.9877,1.1389],[-78.9827,1.1348],[-78.9754,1.1377],[-78.9663,1.1328],[-78.9583,1.1355],[-78.955,1.1461],[-78.9553,1.1516],[-78.9653,1.1532],[-78.9694,1.1557],[-78.9709,1.1612],[-78.9708,1.1615],[-78.9706,1.162],[-78.9669,1.1671],[-78.9577,1.1704],[-78.9551,1.1697]]],[[[-78.9825,1.2422],[-78.9867,1.2441],[-79.0029,1.234],[-79.0004,1.2282],[-79.0093,1.2239],[-79.0039,1.2227],[-78.9972,1.2168],[-79.0009,1.2144],[-78.9992,1.2092],[-78.993,1.2145],[-78.9914,1.2103],[-78.9889,1.2133],[-78.9872,1.2142],[-78.987,1.2115],[-78.9847,1.2094],[-78.982,1.2115],[-78.9814,1.2148],[-78.9738,1.2189],[-78.9707,1.2177],[-78.9698,1.216],[-78.9692,1.2187],[-78.9659,1.219],[-78.9644,1.2171],[-78.9598,1.2238],[-78.9638,1.2296],[-78.969,1.232],[-78.9725,1.2386],[-78.9767,1.2417],[-78.9825,1.2422]]],[[[-79.0039,1.2678],[-79.0088,1.2674],[-79.0199,1.2595],[-79.032,1.2485],[-79.0462,1.2444],[-79.0493,1.2403],[-79.0464,1.2361],[-79.0259,1.2216],[-79.0214,1.2155],[-79.0094,1.2086],[-79.008,1.2124],[-79.0057,1.2124],[-79.0056,1.2169],[-79.0025,1.2169],[-79.0045,1.2215],[-79.0103,1.2221],[-79.0085,1.2267],[-79.0027,1.2275],[-79.0042,1.2349],[-78.9886,1.2454],[-78.9813,1.2468],[-78.9804,1.2494],[-78.9947,1.255],[-78.9975,1.2674],[-79.0039,1.2678]]],[[[-78.9369,1.2673],[-78.9406,1.2656],[-78.9494,1.2731],[-78.9549,1.2727],[-78.9625,1.2688],[-78.9666,1.2629],[-78.9627,1.2544],[-78.9523,1.247],[-78.9406,1.2447],[-78.9379,1.2466],[-78.934,1.2587],[-78.9287,1.2643],[-78.924,1.2652],[-78.9253,1.2711],[-78.9237,1.2732],[-78.9197,1.2745],[-78.9202,1.278],[-78.9196,1.2793],[-78.928,1.2813],[-78.9301,1.2844],[-78.9307,1.2844],[-78.9312,1.2842],[-78.9313,1.2841],[-78.9355,1.2696],[-78.9358,1.269],[-78.9359,1.2688],[-78.9365,1.2679],[-78.9366,1.2677],[-78.9369,1.2673]]],[[[-78.9695,1.2972],[-78.9695,1.2962],[-78.9766,1.2794],[-78.9771,1.2716],[-78.9751,1.2691],[-78.9663,1.2697],[-78.9515,1.2763],[-78.9465,1.274],[-78.9418,1.2685],[-78.9402,1.2739],[-78.9385,1.2674],[-78.935,1.2745],[-78.9344,1.2809],[-78.9305,1.2858],[-78.928,1.283],[-78.928,1.2823],[-78.9252,1.283],[-78.9167,1.2777],[-78.9193,1.2785],[-78.9198,1.2774],[-78.9197,1.2769],[-78.9191,1.2745],[-78.9192,1.274],[-78.9202,1.2738],[-78.922,1.2735],[-78.9246,1.2698],[-78.9233,1.2687],[-78.9231,1.2686],[-78.9217,1.2712],[-78.9202,1.2715],[-78.9158,1.2665],[-78.9177,1.2654],[-78.9228,1.2675],[-78.9228,1.2662],[-78.9143,1.2574],[-78.9134,1.2471],[-78.9024,1.2529],[-78.8965,1.2522],[-78.8989,1.262],[-78.8968,1.27],[-78.888,1.2772],[-78.8774,1.277],[-78.8869,1.2841],[-78.8891,1.2921],[-78.8821,1.305],[-78.8901,1.319],[-78.895,1.3145],[-78.8909,1.3092],[-78.8922,1.307],[-78.8948,1.3055],[-78.8959,1.3016],[-78.8969,1.3002],[-78.8981,1.3002],[-78.9044,1.3043],[-78.9058,1.3097],[-78.9058,1.3184],[-78.9,1.326],[-78.8993,1.3245],[-78.9042,1.3189],[-78.9049,1.309],[-78.9021,1.3047],[-78.8981,1.3009],[-78.8968,1.3008],[-78.8958,1.3046],[-78.8948,1.3062],[-78.8915,1.3086],[-78.8956,1.3143],[-78.8952,1.3181],[-78.8902,1.3196],[-78.8869,1.3136],[-78.8886,1.3354],[-78.8911,1.3445],[-78.9013,1.3365],[-78.9034,1.3328],[-78.9001,1.3262],[-78.9043,1.3319],[-78.9035,1.3365],[-78.8974,1.3403],[-78.8924,1.357],[-78.9022,1.3572],[-78.8973,1.3609],[-78.8985,1.3738],[-78.9034,1.3752],[-78.9153,1.365],[-78.9286,1.3513],[-78.9309,1.3392],[-78.9344,1.33],[-78.9444,1.3194],[-78.944,1.3095],[-78.9461,1.3184],[-78.9444,1.3228],[-78.9368,1.3301],[-78.9354,1.3382],[-78.9411,1.3359],[-78.9487,1.327],[-78.9672,1.3025],[-78.9695,1.3008],[-78.9762,1.2927],[-78.9837,1.2768],[-78.9818,1.2695],[-78.9779,1.2745],[-78.9764,1.2837],[-78.9695,1.2972]]],[[[-79.2105,0.8756],[-79.2119,0.8685],[-79.2175,0.862],[-79.2202,0.856],[-79.2176,0.8524],[-79.208,0.8505],[-79.1998,0.8428],[-79.1966,0.8309],[-79.1913,0.8227],[-79.1958,0.8142],[-79.2015,0.8107],[-79.2086,0.8118],[-79.2131,0.8064],[-79.2266,0.8077],[-79.2335,0.7903],[-79.2461,0.7892],[-79.2502,0.785],[-79.251,0.7751],[-79.2641,0.7698],[-79.2703,0.7584],[-79.2737,0.7573],[-79.2795,0.7504],[-79.2824,0.7432],[-79.2862,0.7419],[-79.2901,0.7319],[-79.2899,0.7255],[-79.2974,0.7251],[-79.301,0.7213],[-79.2959,0.7133],[-79.2989,0.7083],[-79.2974,0.7049],[-79.2993,0.6974],[-79.2976,0.6908],[-79.2986,0.6856],[-79.2884,0.6811],[-79.2872,0.6719],[-79.2813,0.6671],[-79.276,0.6691],[-79.2675,0.6673],[-79.2608,0.6516],[-79.2616,0.6474],[-79.2548,0.6436],[-79.2538,0.635],[-79.2448,0.6313],[-79.2431,0.6217],[-79.2369,0.6192],[-79.2336,0.6139],[-79.2333,0.6034],[-79.2232,0.6006],[-79.214,0.5905],[-79.2127,0.5864],[-79.2206,0.577],[-79.2315,0.5754],[-79.2253,0.5554],[-79.2291,0.5509],[-79.2297,0.5398],[-79.225,0.5388],[-79.2256,0.5243],[-79.2212,0.5206],[-79.211,0.5197],[-79.2055,0.5214],[-79.1949,0.5213],[-79.1923,0.5143],[-79.1967,0.5088],[-79.1935,0.5038],[-79.1843,0.4995],[-79.1698,0.5067],[-79.1598,0.5098],[-79.1556,0.5095],[-79.1475,0.503],[-79.1397,0.4928],[-79.1355,0.4933],[-79.1206,0.505],[-79.1122,0.5033],[-79.0971,0.5059],[-79.0754,0.5117],[-79.0673,0.519],[-79.0573,0.5171],[-79.0529,0.5184],[-79.041,0.518],[-79.0245,0.5303],[-79.0233,0.5373],[-79.019,0.5409],[-79.0053,0.5425],[-78.9991,0.5347],[-78.9855,0.5255],[-78.9782,0.5141],[-78.9802,0.5052],[-78.9804,0.4916],[-78.9732,0.4752],[-78.9618,0.4624],[-78.9533,0.4486],[-78.937,0.4282],[-78.9341,0.419],[-78.9339,0.4084],[-78.9371,0.397],[-78.9369,0.3879],[-78.9253,0.3654],[-78.9235,0.3595],[-78.9229,0.3583],[-78.9207,0.3569],[-78.9023,0.3617],[-78.894,0.3617],[-78.8782,0.3695],[-78.8598,0.3683],[-78.8327,0.379],[-78.8233,0.3847],[-78.8122,0.4021],[-78.8022,0.4057],[-78.7972,0.4059],[-78.7841,0.4007],[-78.7797,0.402],[-78.7729,0.4079],[-78.7622,0.4035],[-78.7407,0.4017],[-78.7191,0.4031],[-78.7048,0.3966],[-78.6995,0.3829],[-78.6862,0.3755],[-78.6779,0.3732],[-78.671,0.3749],[-78.6653,0.3784],[-78.656,0.3776],[-78.6445,0.3903],[-78.6415,0.3964],[-78.6345,0.3982],[-78.6276,0.4048],[-78.6232,0.406],[-78.6133,0.4158],[-78.6153,0.4213],[-78.614,0.4297],[-78.6085,0.4398],[-78.6061,0.4527],[-78.602,0.4544],[-78.5988,0.4599],[-78.5907,0.4676],[-78.5836,0.4692],[-78.5656,0.4772],[-78.5608,0.4825],[-78.558,0.4959],[-78.556,0.5001],[-78.5582,0.5047],[-78.568,0.5029],[-78.571,0.5044],[-78.5762,0.5018],[-78.5813,0.5131],[-78.5758,0.5228],[-78.5808,0.5266],[-78.5796,0.5324],[-78.5811,0.5405],[-78.578,0.5475],[-78.5872,0.5472],[-78.5903,0.5503],[-78.5894,0.5613],[-78.5944,0.5654],[-78.588,0.5686],[-78.5914,0.5725],[-78.5955,0.5719],[-78.5953,0.5769],[-78.5986,0.5811],[-78.6048,0.5781],[-78.612,0.5803],[-78.6123,0.5832],[-78.6067,0.5947],[-78.6076,0.5984],[-78.6132,0.6003],[-78.619,0.5972],[-78.6228,0.5979],[-78.6244,0.6043],[-78.6386,0.6108],[-78.6368,0.6164],[-78.6402,0.6267],[-78.6411,0.6363],[-78.6441,0.6491],[-78.6467,0.6501],[-78.6508,0.643],[-78.6533,0.6425],[-78.6555,0.6543],[-78.662,0.6528],[-78.6641,0.6554],[-78.6613,0.6603],[-78.6632,0.6661],[-78.6732,0.6628],[-78.6744,0.6719],[-78.6816,0.6759],[-78.6811,0.6836],[-78.6726,0.6824],[-78.6801,0.6969],[-78.6882,0.7058],[-78.6948,0.7093],[-78.7015,0.7165],[-78.7032,0.7215],[-78.7078,0.7206],[-78.7128,0.7097],[-78.7164,0.7158],[-78.7199,0.7174],[-78.7209,0.7245],[-78.7182,0.7303],[-78.72,0.7351],[-78.7287,0.737],[-78.7326,0.7409],[-78.7343,0.7504],[-78.7407,0.7526],[-78.7403,0.7558],[-78.7338,0.7574],[-78.7316,0.765],[-78.7356,0.7693],[-78.7387,0.7781],[-78.7361,0.7913],[-78.7261,0.7973],[-78.7233,0.8081],[-78.7294,0.8103],[-78.7306,0.8135],[-78.7219,0.8206],[-78.7201,0.8256],[-78.7306,0.8321],[-78.7274,0.8387],[-78.718,0.8356],[-78.7156,0.843],[-78.726,0.8431],[-78.7277,0.8493],[-78.7318,0.8509],[-78.7305,0.8578],[-78.7335,0.8625],[-78.7376,0.861],[-78.7418,0.8496],[-78.7473,0.8445],[-78.766,0.8489],[-78.7733,0.8422],[-78.7808,0.8487],[-78.777,0.851],[-78.7758,0.8642],[-78.782,0.8708],[-78.7781,0.8865],[-78.7845,0.8873],[-78.7869,0.881],[-78.7981,0.8778],[-78.798,0.8862],[-78.8018,0.8876],[-78.8112,0.8822],[-78.8217,0.8889],[-78.8304,0.892],[-78.8387,0.8867],[-78.8432,0.8902],[-78.8402,0.8978],[-78.8423,0.9059],[-78.8477,0.9087],[-78.8529,0.9072],[-78.8583,0.9125],[-78.8684,0.9119],[-78.8685,0.9177],[-78.8643,0.9179],[-78.8641,0.9256],[-78.8613,0.9296],[-78.8505,0.9329],[-78.8567,0.9445],[-78.8635,0.9558],[-78.8627,0.9647],[-78.865,0.9703],[-78.8652,0.9783],[-78.86,0.9839],[-78.8506,0.9784],[-78.838,0.9835],[-78.8362,1.0068],[-78.8304,1.0104],[-78.8221,1.0197],[-78.8248,1.0243],[-78.8347,1.0307],[-78.8348,1.0343],[-78.8305,1.0364],[-78.835,1.0463],[-78.8435,1.0477],[-78.8492,1.0534],[-78.8654,1.0556],[-78.8762,1.0631],[-78.8928,1.0644],[-78.895,1.0689],[-78.9005,1.0725],[-78.9069,1.0712],[-78.9107,1.0765],[-78.9126,1.0841],[-78.9162,1.086],[-78.9247,1.0818],[-78.9256,1.0703],[-78.9397,1.0715],[-78.9464,1.0682],[-78.9602,1.0676],[-78.9658,1.0714],[-78.9709,1.0849],[-78.9759,1.0854],[-78.981,1.0825],[-78.9871,1.0868],[-78.9821,1.0958],[-78.9779,1.1038],[-78.9786,1.1119],[-78.9814,1.1183],[-78.9869,1.1216],[-78.994,1.1212],[-78.989,1.1221],[-78.9961,1.129],[-79.0013,1.1493],[-79.0043,1.1708],[-79.012,1.1804],[-79.0136,1.19],[-79.0241,1.1988],[-79.0361,1.2031],[-79.0414,1.2107],[-79.0511,1.2168],[-79.0521,1.2244],[-79.0628,1.2139],[-79.0841,1.1791],[-79.0847,1.1744],[-79.0913,1.1686],[-79.1025,1.1531],[-79.1164,1.1357],[-79.1288,1.1218],[-79.1289,1.1186],[-79.1347,1.1174],[-79.1486,1.1066],[-79.169,1.0926],[-79.1747,1.0904],[-79.1811,1.0924],[-79.2086,1.0835],[-79.2095,1.0819],[-79.21,1.0777],[-79.2172,1.0707],[-79.2149,1.0626],[-79.2121,1.0634],[-79.2036,1.0544],[-79.1996,1.0524],[-79.1914,1.0537],[-79.1861,1.048],[-79.1717,1.0447],[-79.157,1.0393],[-79.1544,1.0404],[-79.1444,1.0339],[-79.1382,1.0265],[-79.1383,1.0225],[-79.1301,1.0213],[-79.1198,1.0095],[-79.1205,1.0056],[-79.1259,1.0002],[-79.131,1.0014],[-79.135,0.9869],[-79.1435,0.9792],[-79.1488,0.966],[-79.151,0.9565],[-79.1543,0.9527],[-79.161,0.9527],[-79.1659,0.9567],[-79.1744,0.9569],[-79.1831,0.9485],[-79.1921,0.9462],[-79.1963,0.9423],[-79.2,0.9344],[-79.2101,0.9259],[-79.2269,0.9213],[-79.2317,0.9154],[-79.2285,0.9074],[-79.222,0.9046],[-79.215,0.9046],[-79.2046,0.8912],[-79.21,0.8845],[-79.2105,0.8756]]],[[[-78.9878,1.1262],[-78.9869,1.1358],[-78.9926,1.1415],[-78.9961,1.1561],[-79.0004,1.1641],[-78.9957,1.1415],[-78.9959,1.1341],[-78.9932,1.1296],[-78.9878,1.1262]]]]},"properties":{"poblacion":39740,"dpa_descan":"ELOY ALFARO","dpa_provin":"08","dpa_despro":"ESMERALDAS","dpa_canton":"0802"}},
{"type":"Feature","geometry":{"type":"Polygon","coordinates":[[[-78.8662,-1.7176],[-78.8741,-1.7221],[-78.8774,-1.7274],[-78.8817,-1.744],[-78.8846,-1.7511],[-78.8912,-1.7515],[-78.8945,-1.7484],[-78.9041,-1.7557],[-78.9069,-1.7606],[-78.9119,-1.7625],[-78.9233,-1.7621],[-78.9348,-1.7567],[-78.9372,-1.7577],[-78.9525,-1.7548],[-78.9829,-1.7548],[-78.9872,-1.7601],[-78.9955,-1.7654],[-78.9983,-1.7706],[-79.0126,-1.7744],[-79.0074,-1.8023],[-79.0098,-1.8098],[-79.0131,-1.838],[-79.0154,-1.8479],[-79.021,-1.8521],[-79.022,-1.8585],[-79.0173,-1.8641],[-79.0173,-1.8665],[-79.0164,-1.8738],[-79.0129,-1.8806],[-79.015,-1.8852],[-79.0134,-1.8919],[-79.0088,-1.9002],[-79.0076,-1.9077],[-79.0079,-1.9352],[-79.0053,-1.9354],[-78.9987,-1.9302],[-78.9968,-1.9207],[-78.9915,-1.9176],[-78.9811,-1.9184],[-78.9792,-1.9157],[-78.9697,-1.9172],[-78.9631,-1.9374],[-78.9561,-1.9394],[-78.9427,-1.9385],[-78.9313,-1.9331],[-78.9268,-1.9364],[-78.9253,-1.9439],[-78.9139,-1.9501],[-78.9075,-1.9481],[-78.9024,-1.9406],[-78.888,-1.9383],[-78.8809,-1.9422],[-78.8685,-1.9345],[-78.861,-1.9316],[-78.8525,-1.9398],[-78.8429,-1.9385],[-78.8365,-1.9349],[-78.8294,-1.9409],[-78.8245,-1.9399],[-78.8176,-1.9473],[-78.8147,-1.9476],[-78.8133,-1.9385],[-78.8091,-1.9336],[-78.7895,-1.9253],[-78.7824,-1.9214],[-78.7774,-1.9212],[-78.7665,-1.9074],[-78.7467,-1.9049],[-78.7312,-1.8943],[-78.7219,-1.9001],[-78.7229,-1.9163],[-78.7216,-1.9235],[-78.717,-1.9297],[-78.7141,-1.9287],[-78.7152,-1.9144],[-78.712,-1.907],[-78.7114,-1.8991],[-78.7058,-1.8947],[-78.7021,-1.8794],[-78.6982,-1.874],[-78.6957,-1.8624],[-78.6847,-1.8518],[-78.6744,-1.8506],[-78.6668,-1.8479],[-78.6699,-1.8339],[-78.6746,-1.8346],[-78.6904,-1.8327],[-78.6927,-1.8268],[-78.6877,-1.817],[-78.6896,-1.8023],[-78.6889,-1.7915],[-78.6928,-1.7835],[-78.6971,-1.7718],[-78.7048,-1.7683],[-78.7059,-1.7538],[-78.7088,-1.7491],[-78.7082,-1.7442],[-78.7122,-1.7411],[-78.7216,-1.7407],[-78.7288,-1.7342],[-78.7313,-1.7359],[-78.732,-1.7259],[-78.7346,-1.7223],[-78.7359,-1.7134],[-78.7288,-1.7099],[-78.7316,-1.706],[-78.7322,-1.6787],[-78.7209,-1.6826],[-78.7236,-1.6751],[-78.7168,-1.6719],[-78.7204,-1.6585],[-78.7186,-1.6572],[-78.7273,-1.6548],[-78.7306,-1.6563],[-78.7402,-1.6558],[-78.7439,-1.6506],[-78.7517,-1.6522],[-78.7513,-1.6578],[-78.7623,-1.6597],[-78.7733,-1.6708],[-78.782,-1.67],[-78.7892,-1.6655],[-78.7934,-1.6558],[-78.7973,-1.6614],[-78.8019,-1.662],[-78.8063,-1.6586],[-78.8123,-1.6618],[-78.8162,-1.6516],[-78.8208,-1.6459],[-78.8243,-1.6524],[-78.8297,-1.6569],[-78.8453,-1.6649],[-78.8482,-1.6721],[-78.8594,-1.6744],[-78.8626,-1.6797],[-78.8603,-1.6901],[-78.8636,-1.6956],[-78.8666,-1.7099],[-78.8662,-1.7176]]]},"properties":{"poblacion":44971,"dpa_descan":"COLTA","dpa_provin":"06","dpa_despro":"CHIMBORAZO","dpa_canton":"0603"}},
{"type":"Feature","geometry":{"type":"Polygon","coordinates":[[[-78.6077,-1.684],[-78.6055,-1.6994],[-78.6058,-1.7055],[-78.6087,-1.7073],[-78.607,-1.7122],[-78.6269,-1.7209],[-78.6334,-1.739],[-78.624,-1.7439],[-78.6184,-1.7401],[-78.6154,-1.7468],[-78.6073,-1.7541],[-78.6052,-1.7592],[-78.5985,-1.7617],[-78.5964,-1.7692],[-78.5855,-1.7815],[-78.5862,-1.7915],[-78.5762,-1.792],[-78.5733,-1.7978],[-78.5649,-1.7991],[-78.5543,-1.8028],[-78.5526,-1.8056],[-78.5446,-1.8073],[-78.5352,-1.8051],[-78.5289,-1.8073],[-78.519,-1.8056],[-78.5064,-1.8054],[-78.5012,-1.8006],[-78.501,-1.7965],[-78.497,-1.7918],[-78.4912,-1.7887],[-78.4683,-1.7939],[-78.4619,-1.7839],[-78.4449,-1.7659],[-78.4463,-1.7622],[-78.4572,-1.7629],[-78.467,-1.7518],[-78.4694,-1.7485],[-78.4706,-1.7398],[-78.4694,-1.7346],[-78.471,-1.727],[-78.4763,-1.7166],[-78.4871,-1.7093],[-78.4901,-1.7035],[-78.4892,-1.6969],[-78.4953,-1.6907],[-78.503,-1.7041],[-78.5144,-1.7109],[-78.5153,-1.7154],[-78.5278,-1.7127],[-78.5397,-1.7116],[-78.5507,-1.7088],[-78.5606,-1.711],[-78.5666,-1.7142],[-78.5728,-1.7127],[-78.5775,-1.7072],[-78.5855,-1.7025],[-78.589,-1.6969],[-78.5903,-1.6884],[-78.5939,-1.6872],[-78.5995,-1.6806],[-78.6076,-1.6819],[-78.6077,-1.684]]]},"properties":{"poblacion":11885,"dpa_descan":"CHAMBO","dpa_provin":"06","dpa_despro":"CHIMBORAZO","dpa_canton":"0604"}},
{"type":"Feature","geometry":{"type":"Polygon","coordinates":[[[-78.81,-2.3363],[-78.8144,-2.3339],[-78.8204,-2.3258],[-78.8392,-2.3135],[-78.8453,-2.3047],[-78.8448,-2.3009],[-78.8436,-2.2911],[-78.8368,-2.281],[-78.8313,-2.2642],[-78.8326,-2.2538],[-78.8287,-2.249],[-78.8299,-2.2396],[-78.8374,-2.2406],[-78.8429,-2.2384],[-78.865,-2.2412],[-78.8722,-2.2444],[-78.8719,-2.2507],[-78.8682,-2.254],[-78.8641,-2.262],[-78.8769,-2.2622],[-78.8769,-2.2675],[-78.8834,-2.2722],[-78.8825,-2.2786],[-78.8855,-2.28],[-78.8928,-2.2668],[-78.8976,-2.253],[-78.9026,-2.2548],[-78.9163,-2.2644],[-78.9288,-2.2639],[-78.9398,-2.265],[-78.9481,-2.2676],[-78.9576,-2.2725],[-78.9648,-2.2762],[-78.9663,-2.2794],[-78.9626,-2.2845],[-78.9618,-2.2901],[-78.9561,-2.2957],[-78.9509,-2.3051],[-78.949,-2.3175],[-78.9557,-2.327],[-78.9644,-2.3275],[-78.9792,-2.3368],[-78.987,-2.3359],[-79.0042,-2.3298],[-79.0182,-2.3309],[-79.0274,-2.3353],[-79.043,-2.3402],[-79.0283,-2.3586],[-79.0273,-2.3624],[-79.0185,-2.3644],[-79.0134,-2.3689],[-79.01,-2.3752],[-79.0051,-2.3775],[-78.9898,-2.3774],[-78.9861,-2.3761],[-78.9762,-2.3784],[-78.9748,-2.3916],[-78.968,-2.3935],[-78.9583,-2.3965],[-78.9518,-2.4005],[-78.9355,-2.4052],[-78.9328,-2.4039],[-78.9236,-2.4073],[-78.9196,-2.4125],[-78.916,-2.4121],[-78.9118,-2.4193],[-78.9051,-2.4114],[-78.8898,-2.3991],[-78.8869,-2.3944],[-78.8786,-2.3926],[-78.8708,-2.3935],[-78.8644,-2.3962],[-78.8601,-2.3956],[-78.856,-2.3901],[-78.8479,-2.3971],[-78.8419,-2.3948],[-78.8331,-2.3842],[-78.8227,-2.3792],[-78.8135,-2.3772],[-78.8052,-2.3518],[-78.8078,-2.3365],[-78.81,-2.3363]]]},"properties":{"poblacion":12686,"dpa_descan":"CHUNCHI","dpa_provin":"06","dpa_despro":"CHIMBORAZO","dpa_canton":"0605"}},
{"type":"Feature","geometry":{"type":"Polygon","coordinates":[[[-78.6668,-1.8479],[-78.6744,-1.8506],[-78.6847,-1.8518],[-78.6957,-1.8624],[-78.6982,-1.874],[-78.7021,-1.8794],[-78.7058,-1.8947],[-78.7114,-1.8991],[-78.712,-1.907],[-78.7152,-1.9144],[-78.7141,-1.9287],[-78.717,-1.9297],[-78.7216,-1.9235],[-78.7229,-1.9163],[-78.7219,-1.9001],[-78.7312,-1.8943],[-78.7467,-1.9049],[-78.7665,-1.9074],[-78.7774,-1.9212],[-78.7824,-1.9214],[-78.7895,-1.9253],[-78.8091,-1.9336],[-78.8133,-1.9385],[-78.8147,-1.9476],[-78.8148,-1.9589],[-78.8248,-1.9667],[-78.8237,-1.9791],[-78.8281,-1.9869],[-78.8421,-1.9881],[-78.8496,-1.9948],[-78.8381,-2.004],[-78.8362,-2.0103],[-78.8315,-2.0145],[-78.838,-2.0271],[-78.839,-2.0366],[-78.8371,-2.0464],[-78.8341,-2.0516],[-78.8348,-2.0556],[-78.84,-2.0626],[-78.8472,-2.0674],[-78.8512,-2.0744],[-78.8603,-2.0731],[-78.8686,-2.0835],[-78.8709,-2.0928],[-78.8803,-2.0984],[-78.8889,-2.0989],[-78.8952,-2.1049],[-78.8848,-2.1105],[-78.8831,-2.1138],[-78.8725,-2.1117],[-78.8633,-2.1213],[-78.8569,-2.1177],[-78.8542,-2.1096],[-78.8453,-2.11],[-78.8418,-2.0994],[-78.831,-2.1008],[-78.8288,-2.1083],[-78.8197,-2.1089],[-78.8122,-2.1143],[-78.8077,-2.1148],[-78.8004,-2.1222],[-78.7968,-2.1312],[-78.7938,-2.1305],[-78.7773,-2.1146],[-78.7668,-2.1085],[-78.7631,-2.0993],[-78.7515,-2.0917],[-78.7421,-2.0885],[-78.7351,-2.1048],[-78.7315,-2.1081],[-78.732,-2.1131],[-78.7246,-2.1212],[-78.7143,-2.1196],[-78.713,-2.1246],[-78.7073,-2.13],[-78.7066,-2.1427],[-78.7014,-2.1409],[-78.6995,-2.1481],[-78.69,-2.1568],[-78.6709,-2.1567],[-78.6823,-2.1798],[-78.6781,-2.192],[-78.6512,-2.1905],[-78.6322,-2.1988],[-78.6272,-2.1995],[-78.6275,-2.1917],[-78.6236,-2.1882],[-78.6207,-2.1815],[-78.6198,-2.1925],[-78.6071,-2.2025],[-78.5929,-2.2005],[-78.5807,-2.2039],[-78.5722,-2.2032],[-78.5703,-2.2078],[-78.5735,-2.2093],[-78.5775,-2.2213],[-78.5749,-2.224],[-78.5648,-2.2255],[-78.5599,-2.2233],[-78.5561,-2.2297],[-78.5525,-2.2302],[-78.5485,-2.2362],[-78.5403,-2.2386],[-78.5355,-2.2369],[-78.5317,-2.2424],[-78.5251,-2.2433],[-78.5144,-2.2403],[-78.5101,-2.2472],[-78.5004,-2.2412],[-78.4988,-2.2304],[-78.4932,-2.2273],[-78.4877,-2.2175],[-78.4928,-2.2094],[-78.5011,-2.2058],[-78.4999,-2.1933],[-78.5037,-2.1731],[-78.5039,-2.1571],[-78.5165,-2.1548],[-78.5139,-2.1467],[-78.5156,-2.1379],[-78.5064,-2.1273],[-78.502,-2.1275],[-78.4936,-2.1212],[-78.4847,-2.1288],[-78.4799,-2.1282],[-78.4712,-2.1217],[-78.4584,-2.1176],[-78.4531,-2.1183],[-78.4486,-2.1155],[-78.4465,-2.1029],[-78.4433,-2.0977],[-78.4378,-2.094],[-78.4315,-2.0925],[-78.4367,-2.0851],[-78.4412,-2.0827],[-78.4393,-2.0773],[-78.4435,-2.0708],[-78.4488,-2.07],[-78.4538,-2.0655],[-78.4512,-2.0299],[-78.4478,-2.027],[-78.4478,-2.0214],[-78.4418,-2.0129],[-78.4427,-2.0083],[-78.4512,-2.0033],[-78.4583,-1.9937],[-78.4635,-1.9942],[-78.4692,-1.9989],[-78.478,-2.0009],[-78.4849,-1.9915],[-78.4871,-1.9825],[-78.4863,-1.9774],[-78.4891,-1.9586],[-78.4823,-1.9526],[-78.4754,-1.9528],[-78.4652,-1.9503],[-78.4605,-1.9446],[-78.4612,-1.9369],[-78.4659,-1.942],[-78.4693,-1.9414],[-78.4921,-1.9456],[-78.4967,-1.9489],[-78.5071,-1.9516],[-78.5259,-1.9461],[-78.5321,-1.9462],[-78.535,-1.9435],[-78.5402,-1.9335],[-78.5383,-1.9284],[-78.5365,-1.9151],[-78.5396,-1.9061],[-78.5508,-1.895],[-78.5516,-1.8921],[-78.5575,-1.8905],[-78.5647,-1.8831],[-78.5734,-1.8808],[-78.5879,-1.8852],[-78.5969,-1.8808],[-78.6062,-1.8725],[-78.607,-1.8665],[-78.6111,-1.8677],[-78.6146,-1.8743],[-78.6169,-1.8707],[-78.6206,-1.8724],[-78.6248,-1.8773],[-78.63,-1.8778],[-78.6306,-1.8718],[-78.6379,-1.8554],[-78.6418,-1.8495],[-78.6561,-1.8552],[-78.6595,-1.8543],[-78.6668,-1.8479]]]},"properties":{"poblacion":45153,"dpa_descan":"GUAMOTE","dpa_provin":"06","dpa_despro":"CHIMBORAZO","dpa_canton":"0606"}},
{"type":"Feature","geometry":{"type":"Polygon","coordinates":[[[-80.4203,-1.3854],[-80.4209,-1.389],[-80.4381,-1.3932],[-80.4413,-1.3969],[-80.4466,-1.3944],[-80.4569,-1.4016],[-80.4509,-1.4299],[-80.4414,-1.4345],[-80.4416,-1.4441],[-80.4365,-1.4474],[-80.4313,-1.4476],[-80.4235,-1.4561],[-80.4148,-1.4546],[-80.4147,-1.4723],[-80.4029,-1.4792],[-80.4034,-1.493],[-80.3953,-1.4976],[-80.3991,-1.5104],[-80.3953,-1.5201],[-80.3984,-1.5226],[-80.3965,-1.5322],[-80.3926,-1.5349],[-80.3863,-1.5363],[-80.3816,-1.5405],[-80.3801,-1.5347],[-80.373,-1.5378],[-80.3717,-1.5416],[-80.3665,-1.5381],[-80.3597,-1.5412],[-80.3623,-1.5468],[-80.3552,-1.5538],[-80.3391,-1.5504],[-80.3381,-1.548],[-80.3274,-1.5464],[-80.3275,-1.5347],[-80.3311,-1.5266],[-80.3272,-1.5143],[-80.3171,-1.5133],[-80.3081,-1.5063],[-80.3012,-1.5057],[-80.2923,-1.4989],[-80.2967,-1.4922],[-80.2942,-1.4853],[-80.2917,-1.4895],[-80.2879,-1.4866],[-80.2917,-1.4843],[-80.2831,-1.4819],[-80.2765,-1.484],[-80.2713,-1.4781],[-80.2707,-1.4718],[-80.2647,-1.4686],[-80.267,-1.466],[-80.2636,-1.4628],[-80.2562,-1.4617],[-80.2575,-1.4562],[-80.2526,-1.4522],[-80.2564,-1.4454],[-80.263,-1.4425],[-80.2629,-1.4396],[-80.274,-1.4338],[-80.2751,-1.4291],[-80.2837,-1.4266],[-80.2799,-1.423],[-80.2758,-1.4136],[-80.2661,-1.4131],[-80.2693,-1.3936],[-80.2641,-1.3822],[-80.2757,-1.3743],[-80.2813,-1.3667],[-80.2828,-1.3589],[-80.2804,-1.3558],[-80.2795,-1.3459],[-80.2831,-1.3397],[-80.2837,-1.333],[-80.288,-1.3287],[-80.2982,-1.3228],[-80.3016,-1.3147],[-80.3005,-1.3095],[-80.3051,-1.3095],[-80.31,-1.3027],[-80.3188,-1.3057],[-80.3251,-1.3042],[-80.329,-1.3083],[-80.3354,-1.308],[-80.3402,-1.3106],[-80.3413,-1.3146],[-80.3451,-1.3129],[-80.3549,-1.3152],[-80.3689,-1.3144],[-80.3754,-1.3059],[-80.3728,-1.3018],[-80.3805,-1.2992],[-80.3828,-1.2898],[-80.3789,-1.2865],[-80.3862,-1.2856],[-80.3866,-1.2776],[-80.3955,-1.2798],[-80.3949,-1.275],[-80.3998,-1.2627],[-80.4087,-1.2515],[-80.4084,-1.2446],[-80.4113,-1.2394],[-80.4097,-1.2289],[-80.4051,-1.2248],[-80.4089,-1.2211],[-80.4139,-1.2204],[-80.4174,-1.2153],[-80.4231,-1.2127],[-80.4261,-1.2142],[-80.4359,-1.2109],[-80.4411,-1.2054],[-80.4471,-1.2121],[-80.4592,-1.2165],[-80.4642,-1.2139],[-80.4736,-1.2182],[-80.4791,-1.2188],[-80.5,-1.2165],[-80.5007,-1.218],[-80.4934,-1.2239],[-80.4899,-1.2351],[-80.4905,-1.2468],[-80.4819,-1.2509],[-80.4794,-1.2553],[-80.4805,-1.2594],[-80.4935,-1.262],[-80.4963,-1.267],[-80.4964,-1.2746],[-80.4828,-1.2808],[-80.4765,-1.2811],[-80.4683,-1.2852],[-80.4621,-1.2961],[-80.4614,-1.3008],[-80.464,-1.311],[-80.4744,-1.3288],[-80.4711,-1.3341],[-80.4749,-1.3384],[-80.4673,-1.3517],[-80.463,-1.3536],[-80.4618,-1.3585],[-80.4527,-1.3658],[-80.4494,-1.3704],[-80.4411,-1.3693],[-80.4386,-1.3711],[-80.4329,-1.369],[-80.4251,-1.3739],[-80.4205,-1.3798],[-80.4233,-1.3809],[-80.4203,-1.3854]]]},"properties":{"poblacion":28846,"dpa_descan":"24 DE MAYO","dpa_provin":"13","dpa_despro":"MANABI","dpa_canton":"1316"}},
{"type":"Feature","geometry":{"type":"MultiPolygon","coordinates":[[[[-79.6029,0.0824],[-79.5919,0.0858],[-79.5871,0.0973],[-79.5822,0.102],[-79.5791,0.1084],[-79.5693,0.1146],[-79.5736,0.1193],[-79.5792,0.118],[-79.5969,0.121],[-79.5992,0.1306],[-79.6019,0.1325],[-79.609,0.1293],[-79.6104,0.1358],[-79.6154,0.1324],[-79.6175,0.1343],[-79.6136,0.1399],[-79.6176,0.1419],[-79.6176,0.1462],[-79.6225,0.1478],[-79.6259,0.158],[-79.6362,0.1552],[-79.64,0.1526],[-79.648,0.1528],[-79.6495,0.144],[-79.6575,0.1537],[-79.653,0.1562],[-79.6519,0.1606],[-79.6577,0.1606],[-79.6545,0.166],[-79.6577,0.1675],[-79.6554,0.1717],[-79.6654,0.1783],[-79.6724,0.1689],[-79.6759,0.1702],[-79.6767,0.1638],[-79.6936,0.1686],[-79.6949,0.1762],[-79.7019,0.1763],[-79.6987,0.1797],[-79.7063,0.183],[-79.7115,0.1828],[-79.7095,0.1891],[-79.7057,0.1949],[-79.7075,0.2003],[-79.7047,0.2119],[-79.6959,0.2198],[-79.689,0.215],[-79.6848,0.2165],[-79.6851,0.2246],[-79.687,0.2258],[-79.6804,0.2339],[-79.6747,0.2476],[-79.6666,0.2558],[-79.6659,0.2645],[-79.6758,0.2765],[-79.682,0.2733],[-79.6869,0.2741],[-79.6936,0.2792],[-79.6975,0.2889],[-79.7084,0.2888],[-79.7175,0.2913],[-79.7213,0.3007],[-79.7167,0.3056],[-79.7224,0.3161],[-79.7218,0.3235],[-79.7184,0.3299],[-79.7077,0.3377],[-79.7061,0.3433],[-79.7185,0.3644],[-79.7272,0.3709],[-79.7432,0.374],[-79.7597,0.3732],[-79.7671,0.3676],[-79.7701,0.3506],[-79.7744,0.3426],[-79.7797,0.3366],[-79.7941,0.3348],[-79.8127,0.3224],[-79.8227,0.3178],[-79.8263,0.3182],[-79.832,0.3245],[-79.8378,0.3243],[-79.8524,0.3205],[-79.8643,0.3147],[-79.8653,0.3182],[-79.8764,0.3169],[-79.8809,0.3227],[-79.8852,0.3225],[-79.8883,0.3177],[-79.9047,0.315],[-79.9033,0.3123],[-79.8953,0.3129],[-79.8945,0.3026],[-79.9008,0.3013],[-79.9041,0.2973],[-79.9014,0.2924],[-79.9033,0.2881],[-79.9069,0.2878],[-79.9078,0.2886],[-79.9076,0.2942],[-79.9093,0.2878],[-79.9086,0.2848],[-79.91,0.2817],[-79.9098,0.2816],[-79.9061,0.2835],[-79.9044,0.2788],[-79.9043,0.2787],[-79.9031,0.2768],[-79.9046,0.2751],[-79.9082,0.2762],[-79.9089,0.275],[-79.9094,0.2707],[-79.9068,0.2701],[-79.9059,0.2686],[-79.9062,0.2673],[-79.9069,0.266],[-79.9106,0.2649],[-79.9139,0.2628],[-79.9157,0.2626],[-79.9168,0.2641],[-79.9164,0.2664],[-79.9149,0.2683],[-79.9111,0.2709],[-79.9199,0.2752],[-79.9268,0.2658],[-79.9209,0.2598],[-79.921,0.2574],[-79.9239,0.2549],[-79.9326,0.2536],[-79.9377,0.2573],[-79.9453,0.2592],[-79.952,0.2521],[-79.953,0.2452],[-79.9503,0.2403],[-79.9465,0.2407],[-79.9376,0.2325],[-79.9393,0.2216],[-79.9419,0.2208],[-79.9442,0.2083],[-79.9484,0.2016],[-79.9532,0.2009],[-79.9653,0.1841],[-79.9715,0.1812],[-79.9703,0.1921],[-79.9778,0.1927],[-79.9826,0.1901],[-79.9851,0.1846],[-79.9878,0.1714],[-79.9914,0.1647],[-79.9913,0.159],[-79.9857,0.1456],[-79.9856,0.1398],[-79.9914,0.1357],[-80.0036,0.1425],[-80.0102,0.1422],[-80.0176,0.1343],[-80.0133,0.1416],[-80.0084,0.1435],[-80.0022,0.143],[-79.9934,0.1375],[-79.9865,0.1417],[-79.9879,0.1488],[-79.9933,0.1606],[-79.9931,0.1647],[-79.9902,0.1705],[-79.9843,0.1916],[-79.9795,0.1946],[-79.9708,0.1955],[-79.9632,0.2028],[-79.9672,0.2091],[-79.9755,0.2124],[-79.981,0.2178],[-79.9859,0.2288],[-79.9895,0.2278],[-79.9899,0.2142],[-79.9955,0.2283],[-79.995,0.2381],[-80.0012,0.2422],[-79.9982,0.2466],[-79.9956,0.2701],[-79.9907,0.2846],[-79.994,0.3062],[-80.0041,0.3411],[-80.0192,0.3569],[-80.0277,0.3619],[-80.0356,0.3718],[-80.0382,0.3714],[-80.0412,0.3586],[-80.0365,0.3214],[-80.035,0.2904],[-80.0348,0.2588],[-80.0308,0.2156],[-80.0305,0.2054],[-80.0317,0.1763],[-80.0348,0.1582],[-80.0412,0.1237],[-80.0489,0.0981],[-80.0612,0.0624],[-80.0684,0.0499],[-80.072,0.0467],[-80.0805,0.0464],[-80.0884,0.0491],[-80.0932,0.0295],[-80.0966,0.0117],[-80.1028,0.009],[-80.1061,0.0028],[-80.1148,-0.0055],[-80.1185,-0.0131],[-80.1241,-0.0179],[-80.1298,-0.0315],[-80.1375,-0.0403],[-80.1415,-0.0488],[-80.1473,-0.0526],[-80.1508,-0.058],[-80.16,-0.0673],[-80.1542,-0.0665],[-80.1492,-0.072],[-80.1435,-0.0723],[-80.1381,-0.0662],[-80.126,-0.0631],[-80.1195,-0.0686],[-80.1122,-0.0774],[-80.1104,-0.0856],[-80.1034,-0.0995],[-80.1075,-0.1054],[-80.1099,-0.1175],[-80.117,-0.1244],[-80.1245,-0.1244],[-80.1313,-0.1303],[-80.1308,-0.1348],[-80.1259,-0.1373],[-80.1249,-0.1459],[-80.1135,-0.1498],[-80.1118,-0.1546],[-80.1076,-0.1559],[-80.1064,-0.1601],[-80.1009,-0.1609],[-80.1013,-0.1671],[-80.1099,-0.1792],[-80.1051,-0.188],[-80.1091,-0.1976],[-80.1078,-0.2031],[-80.1102,-0.2099],[-80.1048,-0.2197],[-80.1006,-0.2314],[-80.0923,-0.2366],[-80.0829,-0.2364],[-80.0782,-0.2314],[-80.0689,-0.2275],[-80.0661,-0.2175],[-80.0637,-0.2157],[-80.0528,-0.215],[-80.047,-0.2031],[-80.0344,-0.2008],[-80.0272,-0.1917],[-80.0201,-0.1853],[-80.0155,-0.1851],[-80.0092,-0.1777],[-79.9987,-0.1702],[-79.9939,-0.1701],[-79.9655,-0.1451],[-79.9651,-0.1436],[-79.9667,-0.1347],[-79.969,-0.132],[-79.9691,-0.1221],[-79.9672,-0.1135],[-79.963,-0.1082],[-79.9542,-0.0972],[-79.946,-0.0932],[-79.9337,-0.0915],[-79.9277,-0.0841],[-79.932,-0.077],[-79.9276,-0.0717],[-79.9168,-0.0643],[-79.9093,-0.0573],[-79.8939,-0.0584],[-79.8842,-0.0553],[-79.87,-0.0454],[-79.8663,-0.0384],[-79.8589,-0.0311],[-79.848,-0.0283],[-79.8421,-0.022],[-79.8392,-0.0081],[-79.8438,-0.0016],[-79.8336,0.0035],[-79.8251,-0.0003],[-79.8055,0.004],[-79.7853,0.0105],[-79.7717,0.0138],[-79.7682,0.0174],[-79.7567,0.0199],[-79.7521,0.0175],[-79.7442,0.0193],[-79.7382,0.018],[-79.7411,0.0234],[-79.7402,0.027],[-79.7296,0.0291],[-79.7262,0.0339],[-79.7164,0.0348],[-79.7096,0.0332],[-79.7044,0.0344],[-79.7054,0.0407],[-79.7031,0.0452],[-79.7042,0.0569],[-79.6942,0.0592],[-79.691,0.057],[-79.6823,0.0597],[-79.6775,0.0582],[-79.6627,0.0609],[-79.6554,0.0587],[-79.6488,0.0612],[-79.6442,0.0679],[-79.6417,0.0652],[-79.6316,0.0673],[-79.6286,0.0729],[-79.6298,0.0807],[-79.6248,0.0833],[-79.6241,0.0879],[-79.6209,0.0865],[-79.6105,0.0879],[-79.6082,0.084],[-79.6029,0.0824]]],[[[-79.9657,0.2359],[-79.9678,0.2417],[-79.971,0.2415],[-79.9745,0.2373],[-79.9831,0.2339],[-79.9781,0.2184],[-79.9683,0.2134],[-79.971,0.2252],[-79.9657,0.2359]]],[[[-79.965,0.212],[-79.9612,0.2135],[-79.9571,0.2235],[-79.9529,0.2266],[-79.9584,0.2475],[-79.962,0.2503],[-79.9681,0.249],[-79.9684,0.2433],[-79.9656,0.24],[-79.9653,0.2354],[-79.9706,0.225],[-79.9669,0.2128],[-79.965,0.212]]],[[[-79.9836,0.2588],[-79.9812,0.2624],[-79.9869,0.2708],[-79.9903,0.2639],[-79.9836,0.2588]]]]},"properties":{"poblacion":55128,"dpa_descan":"PEDERNALES","dpa_provin":"13","dpa_despro":"MANABI","dpa_canton":"1317"}},
{"type":"Feature","geometry":{"type":"Polygon","coordinates":[[[-79.2315,0.5754],[-79.2378,0.5819],[-79.2518,0.5918],[-79.2589,0.5929],[-79.2638,0.5828],[-79.2674,0.5808],[-79.281,0.5801],[-79.2854,0.5845],[-79.2892,0.5843],[-79.2989,0.5796],[-79.3028,0.5726],[-79.3109,0.5726],[-79.331,0.5877],[-79.3352,0.5934],[-79.3507,0.5941],[-79.3634,0.5917],[-79.3655,0.5994],[-79.3732,0.5975],[-79.3763,0.593],[-79.384,0.5952],[-79.3966,0.5924],[-79.3992,0.5872],[-79.4057,0.5849],[-79.4075,0.5765],[-79.4119,0.573],[-79.4141,0.5665],[-79.4176,0.567],[-79.4326,0.577],[-79.4402,0.5715],[-79.447,0.5773],[-79.444,0.5932],[-79.4459,0.5992],[-79.4524,0.6033],[-79.4543,0.6077],[-79.4659,0.6205],[-79.4821,0.6223],[-79.5031,0.6376],[-79.508,0.65],[-79.5212,0.655],[-79.5349,0.6638],[-79.5425,0.6635],[-79.5503,0.673],[-79.5585,0.6768],[-79.5649,0.6766],[-79.5671,0.6731],[-79.5766,0.6713],[-79.586,0.6633],[-79.5945,0.6624],[-79.6123,0.6497],[-79.6138,0.6377],[-79.623,0.6328],[-79.6286,0.6272],[-79.6398,0.6304],[-79.6519,0.6212],[-79.66,0.6199],[-79.6682,0.6209],[-79.6824,0.6165],[-79.6945,0.6096],[-79.6981,0.61],[-79.6969,0.6164],[-79.7015,0.6191],[-79.7096,0.616],[-79.7139,0.6181],[-79.7226,0.6092],[-79.7262,0.6085],[-79.7319,0.6032],[-79.7341,0.5961],[-79.7304,0.5895],[-79.7325,0.5866],[-79.7398,0.5879],[-79.7398,0.5786],[-79.7505,0.5695],[-79.754,0.5645],[-79.7623,0.557],[-79.7558,0.5523],[-79.7565,0.5464],[-79.7528,0.543],[-79.7518,0.5251],[-79.7633,0.5246],[-79.7675,0.5211],[-79.7796,0.5192],[-79.7903,0.5161],[-79.8031,0.5198],[-79.8066,0.5193],[-79.8154,0.5076],[-79.8147,0.503],[-79.8067,0.5023],[-79.8055,0.4978],[-79.807,0.488],[-79.8023,0.482],[-79.8002,0.4743],[-79.8035,0.4688],[-79.8039,0.4627],[-79.799,0.4568],[-79.7895,0.4555],[-79.7859,0.4351],[-79.7825,0.4303],[-79.7846,0.4211],[-79.7821,0.417],[-79.7841,0.4105],[-79.7909,0.3967],[-79.7997,0.3874],[-79.805,0.3881],[-79.8157,0.3777],[-79.8196,0.369],[-79.8191,0.3567],[-79.8273,0.3453],[-79.8313,0.3373],[-79.832,0.3245],[-79.8263,0.3182],[-79.8227,0.3178],[-79.8127,0.3224],[-79.7941,0.3348],[-79.7797,0.3366],[-79.7744,0.3426],[-79.7701,0.3506],[-79.7671,0.3676],[-79.7597,0.3732],[-79.7432,0.374],[-79.7272,0.3709],[-79.7185,0.3644],[-79.7061,0.3433],[-79.7077,0.3377],[-79.7184,0.3299],[-79.7218,0.3235],[-79.7224,0.3161],[-79.7167,0.3056],[-79.7213,0.3007],[-79.7175,0.2913],[-79.7084,0.2888],[-79.6975,0.2889],[-79.6936,0.2792],[-79.6869,0.2741],[-79.682,0.2733],[-79.6758,0.2765],[-79.6659,0.2645],[-79.6666,0.2558],[-79.6747,0.2476],[-79.6804,0.2339],[-79.687,0.2258],[-79.6851,0.2246],[-79.6848,0.2165],[-79.689,0.215],[-79.6959,0.2198],[-79.7047,0.2119],[-79.7075,0.2003],[-79.7057,0.1949],[-79.7095,0.1891],[-79.7115,0.1828],[-79.7063,0.183],[-79.6987,0.1797],[-79.7019,0.1763],[-79.6949,0.1762],[-79.6936,0.1686],[-79.6767,0.1638],[-79.6759,0.1702],[-79.6724,0.1689],[-79.6654,0.1783],[-79.6554,0.1717],[-79.6577,0.1675],[-79.6545,0.166],[-79.6577,0.1606],[-79.6519,0.1606],[-79.653,0.1562],[-79.6575,0.1537],[-79.6495,0.144],[-79.648,0.1528],[-79.64,0.1526],[-79.6362,0.1552],[-79.6259,0.158],[-79.6225,0.1478],[-79.6176,0.1462],[-79.6176,0.1419],[-79.6136,0.1399],[-79.6175,0.1343],[-79.6154,0.1324],[-79.6104,0.1358],[-79.609,0.1293],[-79.6019,0.1325],[-79.5992,0.1306],[-79.5969,0.121],[-79.5792,0.118],[-79.5736,0.1193],[-79.5693,0.1146],[-79.5791,0.1084],[-79.5822,0.102],[-79.5871,0.0973],[-79.5919,0.0858],[-79.6029,0.0824],[-79.6039,0.074],[-79.5975,0.066],[-79.6026,0.0602],[-79.6068,0.0607],[-79.6111,0.0572],[-79.6193,0.0582],[-79.6171,0.0516],[-79.6237,0.0443],[-79.6253,0.0347],[-79.6151,0.0339],[-79.615,0.0297],[-79.6238,0.0242],[-79.6251,0.0197],[-79.6224,0.0137],[-79.6131,0.0121],[-79.6125,-0.0073],[-79.6071,-0.0063],[-79.603,-0.0197],[-79.6058,-0.0212],[-79.6036,-0.0222],[-79.6009,-0.0303],[-79.599,-0.0208],[-79.5835,-0.0197],[-79.58,-0.0179],[-79.5759,-0.0232],[-79.5715,-0.0205],[-79.5523,-0.0248],[-79.5402,-0.0244],[-79.5359,-0.0268],[-79.5342,-0.0239],[-79.5222,-0.028],[-79.5129,-0.0275],[-79.4787,-0.0302],[-79.4752,-0.0294],[-79.4681,-0.0341],[-79.4585,-0.0352],[-79.451,-0.0379],[-79.4431,-0.048],[-79.4423,-0.0366],[-79.4355,-0.0329],[-79.4322,-0.0279],[-79.4458,-0.0307],[-79.4488,-0.0229],[-79.4475,-0.0201],[-79.4527,-0.0167],[-79.4532,-0.0103],[-79.4595,-0.004],[-79.4637,-0.0026],[-79.4628,0.0024],[-79.4558,-0.0019],[-79.4462,0.0046],[-79.4339,0.006],[-79.4245,0.0049],[-79.4215,0.0072],[-79.426,0.0115],[-79.4293,0.0212],[-79.4273,0.0241],[-79.4239,0.021],[-79.4205,0.0228],[-79.4122,0.0179],[-79.4018,0.0144],[-79.4074,0.0231],[-79.407,0.0261],[-79.3716,0.0241],[-79.3666,0.0214],[-79.3712,0.0331],[-79.3669,0.0428],[-79.3679,0.0503],[-79.3652,0.0569],[-79.3595,0.064],[-79.3545,0.0673],[-79.3546,0.0777],[-79.3499,0.0908],[-79.3495,0.098],[-79.3395,0.1077],[-79.335,0.1081],[-79.3318,0.1145],[-79.3277,0.1302],[-79.33,0.1338],[-79.3295,0.1451],[-79.3261,0.1495],[-79.3245,0.1569],[-79.3146,0.1574],[-79.3115,0.1646],[-79.3083,0.1654],[-79.3042,0.1733],[-79.3036,0.1803],[-79.3104,0.1871],[-79.3145,0.1939],[-79.3218,0.1955],[-79.3267,0.2019],[-79.3364,0.2075],[-79.3431,0.2072],[-79.3483,0.2118],[-79.3507,0.2222],[-79.356,0.2296],[-79.3564,0.2374],[-79.3545,0.2455],[-79.3457,0.2468],[-79.3423,0.2501],[-79.3388,0.2482],[-79.3301,0.2533],[-79.3187,0.2546],[-79.3122,0.2626],[-79.3091,0.2608],[-79.3042,0.2633],[-79.2985,0.2596],[-79.2998,0.267],[-79.2962,0.2699],[-79.2914,0.2819],[-79.2875,0.2852],[-79.2813,0.2858],[-79.2794,0.2922],[-79.2722,0.2895],[-79.2718,0.314],[-79.2701,0.3188],[-79.2732,0.3236],[-79.2686,0.3295],[-79.2747,0.3305],[-79.274,0.3357],[-79.2584,0.3415],[-79.2528,0.3398],[-79.2498,0.3419],[-79.243,0.3382],[-79.2398,0.3427],[-79.2318,0.3398],[-79.2269,0.3425],[-79.22,0.341],[-79.2111,0.3462],[-79.2016,0.3442],[-79.1933,0.3401],[-79.1811,0.3473],[-79.1751,0.348],[-79.174,0.3447],[-79.1656,0.348],[-79.1584,0.3471],[-79.1435,0.3418],[-79.1346,0.3427],[-79.1269,0.3385],[-79.1161,0.3349],[-79.1087,0.3362],[-79.1017,0.3329],[-79.0914,0.3363],[-79.085,0.3331],[-79.0797,0.3339],[-79.0727,0.3262],[-79.067,0.3224],[-79.0568,0.3196],[-79.0473,0.3107],[-79.0333,0.306],[-79.0249,0.3068],[-79.0154,0.3125],[-79.0117,0.3169],[-78.9984,0.3217],[-78.9862,0.331],[-78.9807,0.3387],[-78.9692,0.348],[-78.9539,0.3574],[-78.9378,0.3594],[-78.9292,0.3576],[-78.9235,0.3595],[-78.9253,0.3654],[-78.9369,0.3879],[-78.9371,0.397],[-78.9339,0.4084],[-78.9341,0.419],[-78.937,0.4282],[-78.9533,0.4486],[-78.9618,0.4624],[-78.9732,0.4752],[-78.9804,0.4916],[-78.9802,0.5052],[-78.9782,0.5141],[-78.9855,0.5255],[-78.9991,0.5347],[-79.0053,0.5425],[-79.019,0.5409],[-79.0233,0.5373],[-79.0245,0.5303],[-79.041,0.518],[-79.0529,0.5184],[-79.0573,0.5171],[-79.0673,0.519],[-79.0754,0.5117],[-79.0971,0.5059],[-79.1122,0.5033],[-79.1206,0.505],[-79.1355,0.4933],[-79.1397,0.4928],[-79.1475,0.503],[-79.1556,0.5095],[-79.1598,0.5098],[-79.1698,0.5067],[-79.1843,0.4995],[-79.1935,0.5038],[-79.1967,0.5088],[-79.1923,0.5143],[-79.1949,0.5213],[-79.2055,0.5214],[-79.211,0.5197],[-79.2212,0.5206],[-79.2256,0.5243],[-79.225,0.5388],[-79.2297,0.5398],[-79.2291,0.5509],[-79.2253,0.5554],[-79.2315,0.5754]]]},"properties":{"poblacion":122570,"dpa_descan":"QUININDE","dpa_provin":"08","dpa_despro":"ESMERALDAS","dpa_canton":"0804"}},
{"type":"Feature","geometry":{"type":"MultiPolygon","coordinates":[[[[-78.8459,1.3609],[-78.8402,1.3739],[-78.8437,1.3717],[-78.8597,1.3679],[-78.8714,1.3562],[-78.877,1.3466],[-78.8772,1.3229],[-78.8786,1.3149],[-78.8687,1.3096],[-78.8598,1.3079],[-78.8552,1.3093],[-78.8395,1.3039],[-78.8405,1.3075],[-78.8381,1.3168],[-78.8347,1.3104],[-78.829,1.3104],[-78.8287,1.3157],[-78.8267,1.3212],[-78.8301,1.329],[-78.8352,1.3334],[-78.8363,1.3389],[-78.8447,1.3366],[-78.8486,1.3378],[-78.8464,1.3467],[-78.8511,1.3514],[-78.8511,1.3549],[-78.8459,1.3609]]],[[[-78.8552,1.2762],[-78.8561,1.2767],[-78.8565,1.2767],[-78.8597,1.2762],[-78.86,1.2761],[-78.8606,1.2736],[-78.8645,1.2716],[-78.8651,1.2651],[-78.8598,1.2632],[-78.8607,1.2546],[-78.8635,1.2495],[-78.8606,1.2474],[-78.8627,1.2415],[-78.8592,1.2345],[-78.8522,1.2404],[-78.8539,1.2363],[-78.859,1.234],[-78.8683,1.2421],[-78.8746,1.2513],[-78.8815,1.2439],[-78.889,1.25],[-78.8976,1.2449],[-78.9027,1.2349],[-78.9025,1.2276],[-78.8966,1.2246],[-78.8932,1.2316],[-78.8861,1.2311],[-78.8851,1.2262],[-78.877,1.215],[-78.8845,1.2224],[-78.8876,1.2293],[-78.893,1.2294],[-78.8952,1.2233],[-78.9042,1.2281],[-78.9057,1.2388],[-78.9133,1.2394],[-78.9188,1.2441],[-78.9237,1.259],[-78.9301,1.2568],[-78.9283,1.2479],[-78.9293,1.2388],[-78.932,1.2322],[-78.9267,1.2315],[-78.9212,1.2354],[-78.915,1.2351],[-78.91,1.2324],[-78.9139,1.2291],[-78.9142,1.2242],[-78.9226,1.2273],[-78.9226,1.2338],[-78.9304,1.2287],[-78.9265,1.2267],[-78.9266,1.2207],[-78.9329,1.2154],[-78.9349,1.2068],[-78.9323,1.2048],[-78.9279,1.209],[-78.9197,1.2102],[-78.9161,1.2072],[-78.9168,1.2025],[-78.9227,1.2001],[-78.9175,1.2076],[-78.9255,1.2088],[-78.9324,1.203],[-78.9354,1.2046],[-78.9364,1.2122],[-78.9338,1.2172],[-78.9275,1.2225],[-78.9288,1.2251],[-78.9453,1.2263],[-78.9551,1.2215],[-78.9611,1.2153],[-78.9591,1.2134],[-78.9493,1.2116],[-78.9373,1.2021],[-78.9349,1.1975],[-78.9364,1.1923],[-78.9552,1.1886],[-78.9563,1.1859],[-78.9473,1.1793],[-78.9448,1.1706],[-78.9487,1.1654],[-78.9536,1.1651],[-78.952,1.1617],[-78.9552,1.1593],[-78.951,1.157],[-78.9538,1.1538],[-78.9534,1.1453],[-78.9564,1.1364],[-78.9642,1.1301],[-78.969,1.1312],[-78.9739,1.1359],[-78.982,1.1304],[-78.9824,1.1241],[-78.9771,1.1181],[-78.9786,1.1119],[-78.9779,1.1038],[-78.9821,1.0958],[-78.9871,1.0868],[-78.981,1.0825],[-78.9759,1.0854],[-78.9709,1.0849],[-78.9658,1.0714],[-78.9602,1.0676],[-78.9464,1.0682],[-78.9397,1.0715],[-78.9256,1.0703],[-78.9247,1.0818],[-78.9162,1.086],[-78.9126,1.0841],[-78.9107,1.0765],[-78.9069,1.0712],[-78.9005,1.0725],[-78.895,1.0689],[-78.8928,1.0644],[-78.8762,1.0631],[-78.8654,1.0556],[-78.8492,1.0534],[-78.8435,1.0477],[-78.835,1.0463],[-78.8305,1.0364],[-78.8348,1.0343],[-78.8347,1.0307],[-78.8248,1.0243],[-78.8221,1.0197],[-78.8304,1.0104],[-78.8362,1.0068],[-78.838,0.9835],[-78.8506,0.9784],[-78.86,0.9839],[-78.8652,0.9783],[-78.865,0.9703],[-78.8627,0.9647],[-78.8635,0.9558],[-78.8567,0.9445],[-78.8505,0.9329],[-78.8613,0.9296],[-78.8641,0.9256],[-78.8643,0.9179],[-78.8685,0.9177],[-78.8684,0.9119],[-78.8583,0.9125],[-78.8529,0.9072],[-78.8477,0.9087],[-78.8423,0.9059],[-78.8402,0.8978],[-78.8432,0.8902],[-78.8387,0.8867],[-78.8304,0.892],[-78.8217,0.8889],[-78.8112,0.8822],[-78.8018,0.8876],[-78.798,0.8862],[-78.7981,0.8778],[-78.7869,0.881],[-78.7845,0.8873],[-78.7781,0.8865],[-78.782,0.8708],[-78.7758,0.8642],[-78.777,0.851],[-78.7808,0.8487],[-78.7733,0.8422],[-78.766,0.8489],[-78.7473,0.8445],[-78.7418,0.8496],[-78.7376,0.861],[-78.7335,0.8625],[-78.7305,0.8578],[-78.7318,0.8509],[-78.7277,0.8493],[-78.726,0.8431],[-78.7156,0.843],[-78.718,0.8356],[-78.7274,0.8387],[-78.7306,0.8321],[-78.7201,0.8256],[-78.7219,0.8206],[-78.7306,0.8135],[-78.7294,0.8103],[-78.7233,0.8081],[-78.7261,0.7973],[-78.7361,0.7913],[-78.7387,0.7781],[-78.7356,0.7693],[-78.7316,0.765],[-78.7338,0.7574],[-78.7403,0.7558],[-78.7407,0.7526],[-78.7343,0.7504],[-78.7326,0.7409],[-78.7287,0.737],[-78.72,0.7351],[-78.7182,0.7303],[-78.7209,0.7245],[-78.7199,0.7174],[-78.7164,0.7158],[-78.7128,0.7097],[-78.7078,0.7206],[-78.7032,0.7215],[-78.7015,0.7165],[-78.6948,0.7093],[-78.6882,0.7058],[-78.6801,0.6969],[-78.6726,0.6824],[-78.6811,0.6836],[-78.6816,0.6759],[-78.6744,0.6719],[-78.6732,0.6628],[-78.6632,0.6661],[-78.6613,0.6603],[-78.6641,0.6554],[-78.662,0.6528],[-78.6555,0.6543],[-78.6533,0.6425],[-78.6508,0.643],[-78.6467,0.6501],[-78.6441,0.6491],[-78.6411,0.6363],[-78.6402,0.6267],[-78.6368,0.6164],[-78.6386,0.6108],[-78.6244,0.6043],[-78.6228,0.5979],[-78.619,0.5972],[-78.6132,0.6003],[-78.6076,0.5984],[-78.6067,0.5947],[-78.6123,0.5832],[-78.612,0.5803],[-78.6048,0.5781],[-78.5986,0.5811],[-78.5953,0.5769],[-78.5955,0.5719],[-78.5914,0.5725],[-78.588,0.5686],[-78.5944,0.5654],[-78.5894,0.5613],[-78.5903,0.5503],[-78.5872,0.5472],[-78.578,0.5475],[-78.5811,0.5405],[-78.5796,0.5324],[-78.5808,0.5266],[-78.5758,0.5228],[-78.5813,0.5131],[-78.5762,0.5018],[-78.571,0.5044],[-78.568,0.5029],[-78.5582,0.5047],[-78.556,0.5001],[-78.558,0.4959],[-78.5556,0.4977],[-78.5456,0.4972],[-78.5436,0.4999],[-78.5462,0.5077],[-78.5408,0.5154],[-78.5267,0.5223],[-78.5235,0.5253],[-78.5091,0.5267],[-78.5043,0.532],[-78.4918,0.541],[-78.4891,0.5448],[-78.4691,0.5339],[-78.4611,0.5414],[-78.454,0.54],[-78.4481,0.5512],[-78.4467,0.558],[-78.4419,0.5613],[-78.4363,0.5708],[-78.4294,0.5749],[-78.4265,0.5856],[-78.4291,0.5901],[-78.4299,0.599],[-78.4343,0.6109],[-78.4482,0.6208],[-78.4527,0.6216],[-78.4553,0.6265],[-78.4606,0.6289],[-78.4659,0.6519],[-78.469,0.6539],[-78.4718,0.6637],[-78.4722,0.6717],[-78.4769,0.6768],[-78.4777,0.6827],[-78.4897,0.6901],[-78.4917,0.7026],[-78.4998,0.7069],[-78.5071,0.7147],[-78.511,0.7303],[-78.5198,0.7572],[-78.532,0.7652],[-78.5361,0.7738],[-78.5285,0.7714],[-78.5168,0.772],[-78.5118,0.7761],[-78.505,0.7749],[-78.4972,0.7677],[-78.4878,0.768],[-78.4735,0.774],[-78.4672,0.7734],[-78.4661,0.7776],[-78.4617,0.7786],[-78.4592,0.7839],[-78.4494,0.7925],[-78.4523,0.7962],[-78.4428,0.8051],[-78.4441,0.8117],[-78.4429,0.8188],[-78.4525,0.8237],[-78.4467,0.8266],[-78.4485,0.8377],[-78.452,0.8377],[-78.4545,0.8455],[-78.4523,0.8505],[-78.4532,0.8578],[-78.4506,0.8631],[-78.4531,0.8673],[-78.4536,0.8759],[-78.46,0.8836],[-78.4619,0.8855],[-78.4793,0.8848],[-78.4877,0.8864],[-78.4992,0.8941],[-78.5092,0.9056],[-78.5111,0.9102],[-78.5158,0.9112],[-78.5203,0.918],[-78.5295,0.9201],[-78.5332,0.9258],[-78.5305,0.9298],[-78.5379,0.9337],[-78.5467,0.9414],[-78.5445,0.9438],[-78.5476,0.952],[-78.543,0.9556],[-78.5394,0.9619],[-78.5368,0.9728],[-78.5364,0.9808],[-78.5399,0.9907],[-78.5379,0.9937],[-78.5413,0.9969],[-78.5444,1.0073],[-78.547,1.0102],[-78.5461,1.0171],[-78.5489,1.0212],[-78.545,1.0233],[-78.5461,1.0269],[-78.5463,1.0349],[-78.5425,1.0384],[-78.5441,1.045],[-78.5398,1.0513],[-78.5303,1.0566],[-78.5242,1.0579],[-78.5249,1.0617],[-78.519,1.0683],[-78.5119,1.0713],[-78.5044,1.0721],[-78.4999,1.0758],[-78.5022,1.0856],[-78.5011,1.0915],[-78.5079,1.096],[-78.5034,1.1045],[-78.5076,1.1075],[-78.5054,1.1175],[-78.5063,1.1208],[-78.5003,1.1338],[-78.5033,1.1366],[-78.5042,1.1451],[-78.5076,1.1457],[-78.5093,1.1507],[-78.506,1.152],[-78.5061,1.1587],[-78.5135,1.159],[-78.5111,1.1688],[-78.5119,1.1726],[-78.5045,1.1761],[-78.5029,1.1795],[-78.4977,1.1784],[-78.4971,1.1859],[-78.5031,1.1872],[-78.5072,1.1831],[-78.5086,1.1886],[-78.5174,1.1896],[-78.5121,1.1969],[-78.512,1.2043],[-78.5156,1.2058],[-78.5139,1.2132],[-78.5212,1.214],[-78.5208,1.2203],[-78.528,1.2206],[-78.5403,1.23],[-78.5441,1.2269],[-78.5466,1.2305],[-78.541,1.235],[-78.545,1.2449],[-78.5804,1.2424],[-78.5853,1.2433],[-78.5934,1.2386],[-78.6045,1.2469],[-78.6144,1.2463],[-78.6251,1.2541],[-78.6274,1.2619],[-78.6334,1.262],[-78.6302,1.2655],[-78.6438,1.2705],[-78.6493,1.2771],[-78.6466,1.2894],[-78.6539,1.2934],[-78.6566,1.3035],[-78.6625,1.3136],[-78.6609,1.3194],[-78.6691,1.3196],[-78.6751,1.3226],[-78.6806,1.33],[-78.6905,1.3343],[-78.6945,1.3301],[-78.695,1.3346],[-78.6996,1.3354],[-78.704,1.3431],[-78.7039,1.3495],[-78.7097,1.3587],[-78.7178,1.3634],[-78.7208,1.3693],[-78.7285,1.3702],[-78.7317,1.3685],[-78.7401,1.3767],[-78.7475,1.3786],[-78.7508,1.3865],[-78.7587,1.3927],[-78.7723,1.3884],[-78.7797,1.3907],[-78.7839,1.4032],[-78.7941,1.4039],[-78.7976,1.4087],[-78.8036,1.4125],[-78.8052,1.4184],[-78.8019,1.4228],[-78.8044,1.4276],[-78.8106,1.4182],[-78.8084,1.4108],[-78.813,1.4034],[-78.816,1.4025],[-78.8373,1.4073],[-78.8374,1.4073],[-78.84,1.4011],[-78.837,1.3958],[-78.8402,1.3879],[-78.8357,1.3792],[-78.8328,1.3789],[-78.8309,1.3847],[-78.8243,1.3897],[-78.8128,1.3885],[-78.8209,1.3887],[-78.8257,1.387],[-78.8264,1.3862],[-78.8261,1.3817],[-78.8205,1.3763],[-78.8159,1.3669],[-78.8162,1.365],[-78.8188,1.3634],[-78.8194,1.3627],[-78.8179,1.3585],[-78.8126,1.3561],[-78.8176,1.3497],[-78.8185,1.3494],[-78.8193,1.3471],[-78.8163,1.3479],[-78.8144,1.3472],[-78.8157,1.3437],[-78.8171,1.3442],[-78.8152,1.3472],[-78.8188,1.3464],[-78.8203,1.3481],[-78.8197,1.3496],[-78.8146,1.3566],[-78.8168,1.357],[-78.8213,1.362],[-78.8176,1.3659],[-78.8229,1.377],[-78.8264,1.3788],[-78.8323,1.3728],[-78.835,1.373],[-78.8374,1.3672],[-78.8422,1.3629],[-78.8485,1.3534],[-78.8459,1.3496],[-78.8462,1.3381],[-78.8362,1.3403],[-78.8315,1.3384],[-78.834,1.3331],[-78.829,1.3297],[-78.8238,1.3229],[-78.828,1.3156],[-78.8199,1.3165],[-78.827,1.3138],[-78.8267,1.3021],[-78.8304,1.3076],[-78.832,1.3026],[-78.8298,1.2965],[-78.8165,1.299],[-78.8069,1.3067],[-78.8016,1.3176],[-78.8015,1.3075],[-78.7978,1.3093],[-78.7936,1.302],[-78.7883,1.305],[-78.7837,1.3031],[-78.787,1.308],[-78.7859,1.3145],[-78.7813,1.3012],[-78.7878,1.2999],[-78.7822,1.2891],[-78.7898,1.2991],[-78.7985,1.3023],[-78.8077,1.3016],[-78.816,1.2938],[-78.8058,1.2924],[-78.8029,1.2866],[-78.8198,1.2927],[-78.828,1.2872],[-78.8339,1.2885],[-78.8366,1.2939],[-78.8406,1.2915],[-78.8461,1.2932],[-78.8445,1.2968],[-78.8495,1.2995],[-78.8569,1.3003],[-78.874,1.2946],[-78.8852,1.2902],[-78.8838,1.2843],[-78.8694,1.2817],[-78.8713,1.2724],[-78.8693,1.2673],[-78.8666,1.2674],[-78.8661,1.2709],[-78.8609,1.2749],[-78.8603,1.2801],[-78.8596,1.2791],[-78.8603,1.2777],[-78.8603,1.2776],[-78.8604,1.2774],[-78.8604,1.2769],[-78.8604,1.2768],[-78.8564,1.2772],[-78.8552,1.2762]],[[-78.8154,1.3436],[-78.8119,1.3429],[-78.8099,1.3441],[-78.8083,1.3436],[-78.8079,1.3432],[-78.8053,1.3486],[-78.8014,1.3496],[-78.8004,1.3488],[-78.8006,1.3489],[-78.8044,1.3472],[-78.8076,1.3426],[-78.8088,1.3436],[-78.8111,1.3422],[-78.8154,1.3436]]],[[[-78.8631,1.4065],[-78.8725,1.4072],[-78.8759,1.4005],[-78.8708,1.3949],[-78.868,1.3863],[-78.8721,1.3793],[-78.8708,1.3762],[-78.8659,1.3848],[-78.8612,1.3848],[-78.8647,1.391],[-78.8631,1.3923],[-78.8644,1.3939],[-78.8634,1.3963],[-78.8608,1.3965],[-78.8595,1.4037],[-78.8628,1.4037],[-78.8639,1.4046],[-78.8631,1.4065]]],[[[-78.8142,1.4215],[-78.8112,1.4255],[-78.8157,1.4294],[-78.8195,1.4266],[-78.8235,1.4172],[-78.8186,1.4091],[-78.816,1.4104],[-78.8142,1.4215]]],[[[-78.8497,1.4283],[-78.8507,1.4316],[-78.8547,1.4273],[-78.8637,1.4132],[-78.8595,1.4107],[-78.863,1.405],[-78.8588,1.404],[-78.8598,1.3964],[-78.8638,1.3949],[-78.8621,1.3929],[-78.8643,1.3906],[-78.8603,1.3848],[-78.8654,1.3844],[-78.8683,1.3755],[-78.8467,1.3803],[-78.8449,1.3908],[-78.8425,1.3944],[-78.8435,1.3999],[-78.8397,1.4125],[-78.8497,1.4283]]],[[[-78.8244,1.4339],[-78.8387,1.4331],[-78.8448,1.4283],[-78.8406,1.4172],[-78.8312,1.4104],[-78.8283,1.412],[-78.8275,1.4203],[-78.8251,1.4232],[-78.8244,1.4339]]],[[[-78.8745,1.4521],[-78.8789,1.454],[-78.8841,1.4164],[-78.8878,1.4042],[-78.8896,1.3933],[-78.8861,1.3796],[-78.8832,1.3816],[-78.8764,1.3809],[-78.8693,1.386],[-78.8698,1.3906],[-78.8771,1.3999],[-78.8738,1.4078],[-78.8667,1.4079],[-78.8614,1.4101],[-78.8646,1.4131],[-78.8633,1.4173],[-78.8556,1.4262],[-78.8578,1.4284],[-78.8517,1.432],[-78.8554,1.4352],[-78.8498,1.4396],[-78.8679,1.4515],[-78.8745,1.4521]]],[[[-78.9548,1.1525],[-78.9556,1.1581],[-78.9544,1.1661],[-78.9564,1.1691],[-78.9625,1.1677],[-78.9692,1.1625],[-78.9661,1.1564],[-78.9572,1.1533],[-78.9548,1.1525]]],[[[-78.8711,1.2793],[-78.8742,1.2791],[-78.8825,1.2726],[-78.8869,1.2739],[-78.891,1.2672],[-78.8858,1.2635],[-78.887,1.2555],[-78.8825,1.2525],[-78.8725,1.2596],[-78.8686,1.2567],[-78.8685,1.2507],[-78.8629,1.2517],[-78.8611,1.2595],[-78.871,1.267],[-78.873,1.2719],[-78.8711,1.2793]]]]},"properties":{"poblacion":42486,"dpa_descan":"SAN LORENZO","dpa_provin":"08","dpa_despro":"ESMERALDAS","dpa_canton":"0805"}},
{"type":"Feature","geometry":{"type":"Polygon","coordinates":[[[-79.7544,0.8157],[-79.7463,0.8234],[-79.7501,0.8289],[-79.7507,0.834],[-79.7499,0.8373],[-79.7552,0.8507],[-79.7491,0.8802],[-79.7447,0.8822],[-79.743,0.8884],[-79.7499,0.9012],[-79.7463,0.9117],[-79.7299,0.9263],[-79.732,0.9326],[-79.7354,0.9354],[-79.738,0.9397],[-79.745,0.9605],[-79.7656,0.9384],[-79.7805,0.9266],[-79.797,0.9055],[-79.8081,0.8953],[-79.8235,0.887],[-79.8359,0.8807],[-79.8404,0.8748],[-79.8517,0.8702],[-79.8425,0.8779],[-79.8543,0.8708],[-79.8677,0.8643],[-79.8763,0.8656],[-79.8768,0.8693],[-79.8815,0.8714],[-79.8942,0.8621],[-79.902,0.8549],[-79.9062,0.8534],[-79.9163,0.8575],[-79.9193,0.8526],[-79.9481,0.8287],[-79.9584,0.8255],[-79.9722,0.8197],[-79.9857,0.8177],[-79.9827,0.814],[-79.9853,0.8113],[-79.9921,0.7985],[-79.9972,0.7982],[-79.9985,0.795],[-80.0053,0.7755],[-80.0081,0.7722],[-80.0059,0.7618],[-80.0121,0.7525],[-80.0143,0.7323],[-80.0075,0.7265],[-80.0003,0.7321],[-79.9985,0.731],[-79.991,0.7385],[-79.9875,0.7377],[-79.9834,0.7413],[-79.9751,0.7357],[-79.9643,0.7354],[-79.9601,0.7391],[-79.9502,0.74],[-79.9453,0.7434],[-79.9316,0.7329],[-79.9361,0.726],[-79.9342,0.7134],[-79.9284,0.7119],[-79.9269,0.7061],[-79.9206,0.6964],[-79.9226,0.6885],[-79.9215,0.6846],[-79.9163,0.6813],[-79.9099,0.6805],[-79.9003,0.6695],[-79.8957,0.6627],[-79.8899,0.6624],[-79.882,0.6627],[-79.8756,0.6663],[-79.8709,0.6751],[-79.8645,0.6754],[-79.8612,0.6706],[-79.8589,0.661],[-79.8483,0.6566],[-79.847,0.6512],[-79.8393,0.646],[-79.8397,0.6367],[-79.8375,0.6321],[-79.8354,0.6324],[-79.8282,0.6462],[-79.8272,0.652],[-79.8222,0.6573],[-79.8214,0.6649],[-79.8174,0.6671],[-79.8147,0.6733],[-79.8067,0.6722],[-79.8062,0.6793],[-79.809,0.6834],[-79.807,0.6901],[-79.8066,0.7041],[-79.799,0.7094],[-79.7949,0.708],[-79.7925,0.7132],[-79.7878,0.7167],[-79.788,0.7233],[-79.7815,0.7239],[-79.7799,0.7284],[-79.7859,0.7296],[-79.786,0.7359],[-79.7925,0.7404],[-79.7916,0.744],[-79.7939,0.7484],[-79.7895,0.7523],[-79.7936,0.757],[-79.785,0.7627],[-79.783,0.7691],[-79.7731,0.7781],[-79.7624,0.7893],[-79.7615,0.8011],[-79.7544,0.8157]]]},"properties":{"poblacion":41526,"dpa_descan":"ATACAMES","dpa_provin":"08","dpa_despro":"ESMERALDAS","dpa_canton":"0806"}},
{"type":"Feature","geometry":{"type":"Polygon","coordinates":[[[-79.4561,0.9729],[-79.4542,0.967],[-79.4559,0.9563],[-79.4653,0.9518],[-79.4664,0.9386],[-79.4745,0.9321],[-79.4762,0.9242],[-79.481,0.915],[-79.4801,0.9081],[-79.4739,0.9003],[-79.4776,0.896],[-79.4769,0.8876],[-79.4825,0.8829],[-79.4827,0.8737],[-79.4814,0.8642],[-79.4787,0.8591],[-79.4705,0.8518],[-79.4647,0.8435],[-79.4647,0.8377],[-79.4688,0.8293],[-79.4823,0.8185],[-79.4922,0.8173],[-79.4985,0.8263],[-79.5031,0.8282],[-79.5092,0.826],[-79.5125,0.8193],[-79.5118,0.8033],[-79.5045,0.7973],[-79.5092,0.7898],[-79.5012,0.7766],[-79.5001,0.7718],[-79.501,0.7602],[-79.5009,0.7536],[-79.4973,0.749],[-79.4969,0.7429],[-79.4924,0.7307],[-79.4897,0.7179],[-79.4937,0.7084],[-79.4888,0.7016],[-79.4887,0.6879],[-79.4812,0.6804],[-79.4776,0.6731],[-79.4728,0.6682],[-79.4741,0.6626],[-79.4635,0.6466],[-79.4562,0.6419],[-79.4422,0.6401],[-79.4293,0.636],[-79.423,0.6326],[-79.417,0.6163],[-79.4107,0.6118],[-79.412,0.6057],[-79.4084,0.6008],[-79.4097,0.5943],[-79.4084,0.5873],[-79.4126,0.5822],[-79.4119,0.573],[-79.4075,0.5765],[-79.4057,0.5849],[-79.3992,0.5872],[-79.3966,0.5924],[-79.384,0.5952],[-79.3763,0.593],[-79.3732,0.5975],[-79.3655,0.5994],[-79.3634,0.5917],[-79.3507,0.5941],[-79.3352,0.5934],[-79.331,0.5877],[-79.3109,0.5726],[-79.3028,0.5726],[-79.2989,0.5796],[-79.2892,0.5843],[-79.2854,0.5845],[-79.281,0.5801],[-79.2674,0.5808],[-79.2638,0.5828],[-79.2589,0.5929],[-79.2518,0.5918],[-79.2378,0.5819],[-79.2315,0.5754],[-79.2206,0.577],[-79.2127,0.5864],[-79.214,0.5905],[-79.2232,0.6006],[-79.2333,0.6034],[-79.2336,0.6139],[-79.2369,0.6192],[-79.2431,0.6217],[-79.2448,0.6313],[-79.2538,0.635],[-79.2548,0.6436],[-79.2616,0.6474],[-79.2608,0.6516],[-79.2675,0.6673],[-79.276,0.6691],[-79.2813,0.6671],[-79.2872,0.6719],[-79.2884,0.6811],[-79.2986,0.6856],[-79.2976,0.6908],[-79.2993,0.6974],[-79.2974,0.7049],[-79.2989,0.7083],[-79.2959,0.7133],[-79.301,0.7213],[-79.2974,0.7251],[-79.2899,0.7255],[-79.2901,0.7319],[-79.2862,0.7419],[-79.2824,0.7432],[-79.2795,0.7504],[-79.2737,0.7573],[-79.2703,0.7584],[-79.2641,0.7698],[-79.251,0.7751],[-79.2502,0.785],[-79.2461,0.7892],[-79.2335,0.7903],[-79.2266,0.8077],[-79.2131,0.8064],[-79.2086,0.8118],[-79.2015,0.8107],[-79.1958,0.8142],[-79.1913,0.8227],[-79.1966,0.8309],[-79.1998,0.8428],[-79.208,0.8505],[-79.2176,0.8524],[-79.2202,0.856],[-79.2175,0.862],[-79.2119,0.8685],[-79.2105,0.8756],[-79.21,0.8845],[-79.2046,0.8912],[-79.215,0.9046],[-79.222,0.9046],[-79.2285,0.9074],[-79.2317,0.9154],[-79.2269,0.9213],[-79.2101,0.9259],[-79.2,0.9344],[-79.1963,0.9423],[-79.1921,0.9462],[-79.1831,0.9485],[-79.1744,0.9569],[-79.1659,0.9567],[-79.161,0.9527],[-79.1543,0.9527],[-79.151,0.9565],[-79.1488,0.966],[-79.1435,0.9792],[-79.135,0.9869],[-79.131,1.0014],[-79.1259,1.0002],[-79.1205,1.0056],[-79.1198,1.0095],[-79.1301,1.0213],[-79.1383,1.0225],[-79.1382,1.0265],[-79.1444,1.0339],[-79.1544,1.0404],[-79.157,1.0393],[-79.1717,1.0447],[-79.1861,1.048],[-79.1914,1.0537],[-79.1996,1.0524],[-79.2036,1.0544],[-79.2121,1.0634],[-79.2149,1.0626],[-79.2172,1.0707],[-79.21,1.0777],[-79.2095,1.0819],[-79.2106,1.085],[-79.2289,1.0775],[-79.25,1.0731],[-79.2576,1.0774],[-79.257,1.0845],[-79.2602,1.087],[-79.28,1.0805],[-79.2932,1.0777],[-79.3042,1.0817],[-79.312,1.0787],[-79.3399,1.0705],[-79.3741,1.069],[-79.3842,1.0721],[-79.39,1.0766],[-79.3907,1.0826],[-79.3938,1.0833],[-79.414,1.0753],[-79.4099,1.0696],[-79.4246,1.0718],[-79.4411,1.0603],[-79.4585,1.0493],[-79.4602,1.0468],[-79.464,1.0407],[-79.4632,1.0281],[-79.4665,1.0219],[-79.4621,1.0149],[-79.4607,1.0037],[-79.4573,0.9992],[-79.4582,0.9919],[-79.4535,0.9809],[-79.4561,0.9729]]]},"properties":{"poblacion":26869,"dpa_descan":"RIOVERDE","dpa_provin":"08","dpa_despro":"ESMERALDAS","dpa_canton":"0807"}},
{"type":"Feature","geometry":{"type":"Polygon","coordinates":[[[-78.1053,0.4999],[-78.1054,0.5014],[-78.1112,0.5105],[-78.112,0.5208],[-78.1198,0.5214],[-78.1274,0.5266],[-78.1293,0.5302],[-78.1278,0.5393],[-78.1298,0.5423],[-78.13,0.5529],[-78.1257,0.56],[-78.1253,0.5708],[-78.1282,0.5756],[-78.1394,0.5828],[-78.1418,0.5905],[-78.137,0.5953],[-78.1386,0.6035],[-78.1329,0.6105],[-78.1331,0.615],[-78.1404,0.625],[-78.1447,0.6275],[-78.1521,0.6257],[-78.1543,0.6318],[-78.1601,0.6402],[-78.1631,0.6504],[-78.1668,0.6579],[-78.1736,0.6637],[-78.1829,0.6654],[-78.1875,0.6694],[-78.1909,0.6817],[-78.1976,0.6861],[-78.2001,0.6914],[-78.201,0.7019],[-78.2041,0.7034],[-78.2053,0.7125],[-78.2043,0.718],[-78.2106,0.7195],[-78.2191,0.7309],[-78.2254,0.7336],[-78.2304,0.7382],[-78.2334,0.7442],[-78.2407,0.7443],[-78.2509,0.7509],[-78.2567,0.7622],[-78.2604,0.7617],[-78.2678,0.7702],[-78.2652,0.7719],[-78.2667,0.7795],[-78.2713,0.7843],[-78.2762,0.7833],[-78.2825,0.7861],[-78.2874,0.7928],[-78.2953,0.7947],[-78.3029,0.7925],[-78.3043,0.7971],[-78.3085,0.7982],[-78.311,0.805],[-78.3133,0.8043],[-78.3208,0.8156],[-78.3307,0.8219],[-78.3429,0.8233],[-78.3459,0.8164],[-78.3483,0.8182],[-78.3529,0.8153],[-78.3549,0.8182],[-78.3626,0.8205],[-78.3642,0.8255],[-78.3719,0.8274],[-78.3738,0.8255],[-78.3819,0.8292],[-78.387,0.8253],[-78.4015,0.8387],[-78.4044,0.8376],[-78.411,0.843],[-78.4088,0.8447],[-78.4188,0.8485],[-78.4185,0.8528],[-78.4317,0.8647],[-78.4318,0.8686],[-78.4367,0.8698],[-78.4379,0.874],[-78.4536,0.8759],[-78.4531,0.8673],[-78.4506,0.8631],[-78.4532,0.8578],[-78.4523,0.8505],[-78.4545,0.8455],[-78.452,0.8377],[-78.4485,0.8377],[-78.4467,0.8266],[-78.4525,0.8237],[-78.4429,0.8188],[-78.4441,0.8117],[-78.4428,0.8051],[-78.4523,0.7962],[-78.4494,0.7925],[-78.4592,0.7839],[-78.4578,0.781],[-78.451,0.7787],[-78.4504,0.7738],[-78.4542,0.7703],[-78.4432,0.7646],[-78.4387,0.7502],[-78.4166,0.7387],[-78.4001,0.729],[-78.384,0.7164],[-78.3788,0.7113],[-78.3709,0.7142],[-78.3498,0.6959],[-78.3419,0.6941],[-78.3358,0.6979],[-78.3284,0.6974],[-78.3225,0.6945],[-78.3152,0.6943],[-78.299,0.6895],[-78.2944,0.6887],[-78.2893,0.6799],[-78.2912,0.6746],[-78.2856,0.6674],[-78.2845,0.6623],[-78.2886,0.6547],[-78.2852,0.6486],[-78.2867,0.6389],[-78.2823,0.6337],[-78.2842,0.6258],[-78.2782,0.6175],[-78.2673,0.6106],[-78.255,0.6069],[-78.2455,0.6025],[-78.2447,0.5947],[-78.2509,0.5876],[-78.2604,0.5829],[-78.2676,0.5647],[-78.2677,0.5558],[-78.2581,0.5607],[-78.2502,0.5597],[-78.2457,0.5563],[-78.238,0.5584],[-78.2323,0.5637],[-78.2264,0.5659],[-78.2239,0.5617],[-78.2096,0.5567],[-78.2081,0.5486],[-78.2037,0.5446],[-78.2024,0.5397],[-78.1959,0.5349],[-78.1882,0.5369],[-78.1828,0.5338],[-78.1767,0.5338],[-78.1682,0.5311],[-78.168,0.5275],[-78.1725,0.5263],[-78.1624,0.5222],[-78.1545,0.5215],[-78.1517,0.5138],[-78.1554,0.5107],[-78.1632,0.4999],[-78.162,0.4907],[-78.1697,0.4921],[-78.1664,0.4795],[-78.1622,0.4774],[-78.1622,0.4726],[-78.1586,0.4714],[-78.1527,0.4578],[-78.1539,0.4521],[-78.1512,0.4463],[-78.1432,0.4506],[-78.1362,0.4593],[-78.1346,0.4541],[-78.1286,0.4632],[-78.1228,0.4616],[-78.1181,0.4638],[-78.121,0.4615],[-78.1233,0.4544],[-78.1228,0.4415],[-78.1263,0.4375],[-78.122,0.4336],[-78.1313,0.4153],[-78.1341,0.4019],[-78.1341,0.3959],[-78.1431,0.386],[-78.1475,0.3779],[-78.1472,0.3605],[-78.1512,0.3569],[-78.1682,0.357],[-78.1668,0.3645],[-78.1782,0.3591],[-78.1861,0.3481],[-78.188,0.3455],[-78.1809,0.342],[-78.1824,0.3291],[-78.1879,0.3272],[-78.1903,0.3225],[-78.1906,0.3092],[-78.1865,0.3023],[-78.182,0.289],[-78.1795,0.2861],[-78.1767,0.2762],[-78.1774,0.2638],[-78.179,0.26],[-78.1806,0.2599],[-78.1824,0.2596],[-78.1805,0.2543],[-78.1801,0.2542],[-78.1727,0.2517],[-78.1658,0.2531],[-78.1592,0.2431],[-78.1502,0.2383],[-78.1409,0.2311],[-78.1238,0.2313],[-78.1202,0.2248],[-78.127,0.2192],[-78.127,0.2126],[-78.1323,0.198],[-78.1335,0.1914],[-78.1391,0.1818],[-78.1388,0.1767],[-78.1442,0.1638],[-78.1483,0.1589],[-78.1455,0.1576],[-78.1249,0.1577],[-78.1067,0.1631],[-78.0985,0.1704],[-78.095,0.1821],[-78.0918,0.1868],[-78.0917,0.1811],[-78.0875,0.1797],[-78.076,0.1799],[-78.0698,0.1775],[-78.0566,0.1831],[-78.0489,0.1817],[-78.0347,0.176],[-78.0311,0.183],[-78.0314,0.1883],[-78.034,0.1954],[-78.03,0.2021],[-78.0339,0.2318],[-78.0331,0.2376],[-78.0285,0.244],[-78.0309,0.2529],[-78.0282,0.2617],[-78.0283,0.2673],[-78.0343,0.2752],[-78.0409,0.2771],[-78.0341,0.281],[-78.029,0.2919],[-78.0257,0.2935],[-78.0163,0.2922],[-78.0112,0.3054],[-78.014,0.3192],[-78.0103,0.3269],[-78.0001,0.3295],[-77.9896,0.3383],[-77.9837,0.3514],[-77.9818,0.3627],[-77.9792,0.366],[-77.9795,0.3726],[-77.9758,0.3744],[-77.9772,0.382],[-77.9764,0.3889],[-77.972,0.398],[-77.9695,0.3994],[-77.9683,0.4117],[-77.9659,0.4176],[-77.9646,0.4293],[-77.9626,0.4333],[-77.969,0.4361],[-77.9731,0.4414],[-77.9872,0.4445],[-77.9899,0.4469],[-77.9942,0.4503],[-77.9964,0.458],[-78.0028,0.4686],[-78.0147,0.4735],[-78.0156,0.4716],[-78.0242,0.4713],[-78.0323,0.4737],[-78.0475,0.4713],[-78.0539,0.4751],[-78.0628,0.4738],[-78.0736,0.4753],[-78.0764,0.4777],[-78.0866,0.4789],[-78.0964,0.4848],[-78.1045,0.4956],[-78.1053,0.4999]]]},"properties":{"poblacion":181175,"dpa_descan":"IBARRA","dpa_provin":"10","dpa_despro":"IMBABURA","dpa_canton":"1001"}},
{"type":"Feature","geometry":{"type":"Polygon","coordinates":[[[-78.1806,0.2599],[-78.179,0.26],[-78.1774,0.2638],[-78.1767,0.2762],[-78.1795,0.2861],[-78.182,0.289],[-78.1865,0.3023],[-78.1906,0.3092],[-78.1903,0.3225],[-78.1879,0.3272],[-78.1824,0.3291],[-78.1809,0.342],[-78.188,0.3455],[-78.1861,0.3481],[-78.1782,0.3591],[-78.1668,0.3645],[-78.1682,0.357],[-78.1512,0.3569],[-78.1472,0.3605],[-78.1475,0.3779],[-78.1431,0.386],[-78.1341,0.3959],[-78.1341,0.4019],[-78.1379,0.3967],[-78.1529,0.3918],[-78.1615,0.3962],[-78.1678,0.3961],[-78.1768,0.3898],[-78.1836,0.3864],[-78.1899,0.3792],[-78.1988,0.375],[-78.2065,0.3766],[-78.215,0.3723],[-78.2186,0.3711],[-78.235,0.3579],[-78.2318,0.3505],[-78.237,0.3442],[-78.236,0.3379],[-78.24,0.3385],[-78.2412,0.3335],[-78.2428,0.3284],[-78.2459,0.3236],[-78.2423,0.3172],[-78.2414,0.3081],[-78.2444,0.3053],[-78.2438,0.2967],[-78.2414,0.2911],[-78.2283,0.2841],[-78.2254,0.2888],[-78.2158,0.2783],[-78.197,0.2752],[-78.1947,0.2709],[-78.1862,0.2626],[-78.1817,0.2552],[-78.1814,0.255],[-78.1805,0.2543],[-78.1824,0.2596],[-78.1806,0.2599]]]},"properties":{"poblacion":43518,"dpa_descan":"ANTONIO ANTE","dpa_provin":"10","dpa_despro":"IMBABURA","dpa_canton":"1002"}},
{"type":"Feature","geometry":{"type":"Polygon","coordinates":[[[-78.2412,0.3335],[-78.24,0.3385],[-78.236,0.3379],[-78.237,0.3442],[-78.2318,0.3505],[-78.235,0.3579],[-78.2186,0.3711],[-78.215,0.3723],[-78.2221,0.3734],[-78.2292,0.3787],[-78.2325,0.3823],[-78.2617,0.3959],[-78.2674,0.3973],[-78.2803,0.4067],[-78.2847,0.4063],[-78.3004,0.4085],[-78.3021,0.4128],[-78.3096,0.4166],[-78.3138,0.4271],[-78.3221,0.436],[-78.3213,0.4437],[-78.3239,0.4561],[-78.3279,0.4619],[-78.3215,0.4728],[-78.3246,0.4786],[-78.3304,0.4824],[-78.3414,0.4941],[-78.3442,0.4993],[-78.3667,0.5166],[-78.367,0.5222],[-78.3728,0.5303],[-78.3762,0.5383],[-78.3763,0.5481],[-78.3785,0.5558],[-78.3822,0.561],[-78.3885,0.5618],[-78.3891,0.5681],[-78.395,0.5693],[-78.4017,0.5764],[-78.4091,0.5787],[-78.4176,0.586],[-78.4265,0.5856],[-78.4294,0.5749],[-78.4363,0.5708],[-78.4419,0.5613],[-78.4467,0.558],[-78.4481,0.5512],[-78.454,0.54],[-78.4611,0.5414],[-78.4691,0.5339],[-78.4891,0.5448],[-78.4918,0.541],[-78.5043,0.532],[-78.5091,0.5267],[-78.5235,0.5253],[-78.5267,0.5223],[-78.5408,0.5154],[-78.5462,0.5077],[-78.5436,0.4999],[-78.5456,0.4972],[-78.5556,0.4977],[-78.558,0.4959],[-78.5608,0.4825],[-78.5656,0.4772],[-78.5836,0.4692],[-78.5907,0.4676],[-78.5988,0.4599],[-78.602,0.4544],[-78.6061,0.4527],[-78.6085,0.4398],[-78.614,0.4297],[-78.6153,0.4213],[-78.6133,0.4158],[-78.6232,0.406],[-78.6276,0.4048],[-78.6345,0.3982],[-78.6415,0.3964],[-78.6445,0.3903],[-78.656,0.3776],[-78.6653,0.3784],[-78.671,0.3749],[-78.6779,0.3732],[-78.6862,0.3755],[-78.6995,0.3829],[-78.7048,0.3966],[-78.7191,0.4031],[-78.7407,0.4017],[-78.7622,0.4035],[-78.7729,0.4079],[-78.7797,0.402],[-78.7841,0.4007],[-78.7972,0.4059],[-78.8022,0.4057],[-78.8122,0.4021],[-78.8233,0.3847],[-78.8327,0.379],[-78.8598,0.3683],[-78.8782,0.3695],[-78.894,0.3617],[-78.9023,0.3617],[-78.9207,0.3569],[-78.9229,0.3583],[-78.9255,0.3536],[-78.9248,0.3438],[-78.932,0.3396],[-78.9365,0.3319],[-78.9443,0.3291],[-78.9521,0.3195],[-78.9545,0.3116],[-78.9601,0.3078],[-78.9554,0.3003],[-78.957,0.2932],[-78.9669,0.2951],[-78.9741,0.2873],[-78.9763,0.2822],[-78.9811,0.2829],[-78.9846,0.2782],[-78.9848,0.2669],[-78.9933,0.2592],[-79.0029,0.2615],[-79.0105,0.2731],[-79.0167,0.2724],[-79.0142,0.2689],[-79.0165,0.265],[-79.0146,0.2586],[-79.0169,0.2532],[-79.0162,0.2394],[-79.0132,0.2311],[-79.0073,0.2246],[-79.0027,0.2237],[-79.001,0.2199],[-78.9914,0.2118],[-78.9845,0.2162],[-78.9815,0.2106],[-78.9763,0.2132],[-78.9714,0.2197],[-78.9661,0.2228],[-78.9635,0.2142],[-78.9594,0.2138],[-78.9548,0.2067],[-78.948,0.2034],[-78.9397,0.2063],[-78.937,0.2111],[-78.9312,0.2136],[-78.9295,0.2178],[-78.9239,0.2212],[-78.9187,0.2145],[-78.9098,0.213],[-78.8949,0.2174],[-78.8939,0.2199],[-78.8802,0.2221],[-78.8775,0.2275],[-78.8705,0.233],[-78.863,0.2326],[-78.8558,0.2373],[-78.8405,0.2388],[-78.8337,0.2412],[-78.8249,0.2368],[-78.8227,0.2334],[-78.8111,0.2304],[-78.8018,0.232],[-78.7898,0.2389],[-78.7809,0.2405],[-78.7782,0.2431],[-78.7692,0.2422],[-78.7651,0.2386],[-78.7551,0.2406],[-78.7497,0.2349],[-78.744,0.2348],[-78.7356,0.2273],[-78.7265,0.2246],[-78.7184,0.2197],[-78.7114,0.2193],[-78.7095,0.2157],[-78.7056,0.2183],[-78.6993,0.2171],[-78.6975,0.2218],[-78.681,0.2228],[-78.6823,0.2157],[-78.6748,0.2107],[-78.6707,0.2122],[-78.6572,0.2166],[-78.6496,0.2147],[-78.6476,0.2101],[-78.6379,0.2068],[-78.6251,0.2181],[-78.619,0.2206],[-78.6168,0.2269],[-78.6073,0.2365],[-78.5999,0.2331],[-78.5954,0.2337],[-78.5912,0.2464],[-78.5942,0.2557],[-78.5903,0.255],[-78.58,0.271],[-78.5654,0.2765],[-78.5557,0.2846],[-78.5443,0.2842],[-78.5449,0.2887],[-78.533,0.2966],[-78.5309,0.2999],[-78.5166,0.3092],[-78.5096,0.3163],[-78.5028,0.3166],[-78.4964,0.3213],[-78.4899,0.3226],[-78.4888,0.3133],[-78.4952,0.3064],[-78.4932,0.3],[-78.4844,0.2985],[-78.481,0.2958],[-78.4785,0.2884],[-78.466,0.2893],[-78.4632,0.2936],[-78.4528,0.3018],[-78.451,0.3064],[-78.4464,0.3061],[-78.4395,0.3106],[-78.4273,0.3053],[-78.4214,0.3096],[-78.423,0.2985],[-78.4199,0.2978],[-78.4172,0.292],[-78.4032,0.2926],[-78.3967,0.2941],[-78.3929,0.2993],[-78.3918,0.305],[-78.3868,0.3057],[-78.3849,0.3011],[-78.3741,0.2854],[-78.3694,0.2818],[-78.365,0.2827],[-78.3489,0.2764],[-78.3376,0.2681],[-78.3135,0.2594],[-78.3069,0.2677],[-78.2988,0.2692],[-78.2858,0.2666],[-78.2825,0.2596],[-78.2742,0.2598],[-78.2668,0.2697],[-78.2667,0.2738],[-78.262,0.2784],[-78.2568,0.2804],[-78.2546,0.2847],[-78.2582,0.2896],[-78.2526,0.2918],[-78.2444,0.3053],[-78.2414,0.3081],[-78.2423,0.3172],[-78.2459,0.3236],[-78.2428,0.3284],[-78.2412,0.3335]]]},"properties":{"poblacion":40036,"dpa_descan":"COTACACHI","dpa_provin":"10","dpa_despro":"IMBABURA","dpa_canton":"1003"}},
{"type":"Feature","geometry":{"type":"Polygon","coordinates":[[[-78.2666,0.1376],[-78.258,0.1361],[-78.2524,0.1285],[-78.248,0.1274],[-78.2462,0.1233],[-78.2355,0.123],[-78.2299,0.1245],[-78.224,0.1294],[-78.2143,0.1271],[-78.2011,0.1282],[-78.1969,0.132],[-78.195,0.1402],[-78.1876,0.1397],[-78.1859,0.1365],[-78.1799,0.135],[-78.1643,0.1419],[-78.1554,0.1411],[-78.146,0.1512],[-78.1483,0.1589],[-78.1442,0.1638],[-78.1388,0.1767],[-78.1391,0.1818],[-78.1335,0.1914],[-78.1323,0.198],[-78.127,0.2126],[-78.127,0.2192],[-78.1202,0.2248],[-78.1238,0.2313],[-78.1409,0.2311],[-78.1502,0.2383],[-78.1592,0.2431],[-78.1658,0.2531],[-78.1727,0.2517],[-78.1801,0.2542],[-78.1805,0.2543],[-78.1814,0.255],[-78.1817,0.2552],[-78.1862,0.2626],[-78.1947,0.2709],[-78.197,0.2752],[-78.2158,0.2783],[-78.2254,0.2888],[-78.2283,0.2841],[-78.2414,0.2911],[-78.2438,0.2967],[-78.2444,0.3053],[-78.2526,0.2918],[-78.2582,0.2896],[-78.2546,0.2847],[-78.2568,0.2804],[-78.262,0.2784],[-78.2667,0.2738],[-78.2668,0.2697],[-78.2742,0.2598],[-78.2825,0.2596],[-78.2858,0.2666],[-78.2988,0.2692],[-78.3069,0.2677],[-78.3135,0.2594],[-78.3376,0.2681],[-78.3489,0.2764],[-78.365,0.2827],[-78.3694,0.2818],[-78.3741,0.2854],[-78.3849,0.3011],[-78.3868,0.3057],[-78.3918,0.305],[-78.3929,0.2993],[-78.3967,0.2941],[-78.4032,0.2926],[-78.4172,0.292],[-78.4199,0.2978],[-78.423,0.2985],[-78.4214,0.3096],[-78.4273,0.3053],[-78.4395,0.3106],[-78.4464,0.3061],[-78.451,0.3064],[-78.4528,0.3018],[-78.4632,0.2936],[-78.466,0.2893],[-78.4785,0.2884],[-78.481,0.2958],[-78.4844,0.2985],[-78.4932,0.3],[-78.4952,0.3064],[-78.4888,0.3133],[-78.4899,0.3226],[-78.4964,0.3213],[-78.5028,0.3166],[-78.5096,0.3163],[-78.5166,0.3092],[-78.5309,0.2999],[-78.533,0.2966],[-78.5449,0.2887],[-78.5443,0.2842],[-78.5557,0.2846],[-78.5654,0.2765],[-78.58,0.271],[-78.5903,0.255],[-78.5942,0.2557],[-78.5912,0.2464],[-78.5954,0.2337],[-78.5999,0.2331],[-78.6073,0.2365],[-78.6168,0.2269],[-78.619,0.2206],[-78.6251,0.2181],[-78.6214,0.2163],[-78.6151,0.2208],[-78.609,0.2177],[-78.5967,0.2237],[-78.5892,0.223],[-78.5843,0.2249],[-78.5752,0.2251],[-78.5671,0.2227],[-78.5528,0.2256],[-78.5455,0.2312],[-78.5416,0.2379],[-78.5247,0.2281],[-78.5207,0.2292],[-78.5135,0.2261],[-78.5082,0.2288],[-78.5067,0.2356],[-78.497,0.2437],[-78.4961,0.2481],[-78.4888,0.2538],[-78.4768,0.2471],[-78.4724,0.2485],[-78.4666,0.2554],[-78.4623,0.2483],[-78.4581,0.2459],[-78.4562,0.2405],[-78.4435,0.2379],[-78.4317,0.2421],[-78.4197,0.2516],[-78.418,0.2516],[-78.4053,0.2468],[-78.4025,0.2412],[-78.3983,0.243],[-78.3987,0.2499],[-78.3908,0.2446],[-78.3815,0.2501],[-78.3802,0.2355],[-78.3745,0.229],[-78.3722,0.2226],[-78.3656,0.2214],[-78.3567,0.2172],[-78.3595,0.2144],[-78.3638,0.2086],[-78.3582,0.2028],[-78.3607,0.1927],[-78.3652,0.1862],[-78.3665,0.1788],[-78.3761,0.1681],[-78.3733,0.1593],[-78.3669,0.1658],[-78.3621,0.1673],[-78.355,0.1747],[-78.3491,0.1847],[-78.3435,0.1911],[-78.3392,0.2027],[-78.3325,0.202],[-78.3321,0.1914],[-78.3235,0.1904],[-78.3107,0.185],[-78.3078,0.1786],[-78.3011,0.1736],[-78.3012,0.1653],[-78.2977,0.164],[-78.2985,0.1579],[-78.2962,0.1548],[-78.2884,0.1515],[-78.2859,0.1469],[-78.2916,0.1388],[-78.2934,0.1336],[-78.2785,0.1394],[-78.2666,0.1376]]]},"properties":{"poblacion":104874,"dpa_descan":"OTAVALO","dpa_provin":"10","dpa_despro":"IMBABURA","dpa_canton":"1004"}},
{"type":"Feature","geometry":{"type":"Polygon","coordinates":[[[-77.9626,0.4333],[-77.9646,0.4293],[-77.9659,0.4176],[-77.9683,0.4117],[-77.9695,0.3994],[-77.972,0.398],[-77.9764,0.3889],[-77.9772,0.382],[-77.9758,0.3744],[-77.9795,0.3726],[-77.9792,0.366],[-77.9818,0.3627],[-77.9837,0.3514],[-77.9896,0.3383],[-78.0001,0.3295],[-78.0103,0.3269],[-78.014,0.3192],[-78.0112,0.3054],[-78.0163,0.2922],[-78.0257,0.2935],[-78.029,0.2919],[-78.0341,0.281],[-78.0409,0.2771],[-78.0343,0.2752],[-78.0283,0.2673],[-78.0282,0.2617],[-78.0309,0.2529],[-78.0285,0.244],[-78.0331,0.2376],[-78.0339,0.2318],[-78.03,0.2021],[-78.034,0.1954],[-78.0314,0.1883],[-78.0265,0.1882],[-78.0183,0.1818],[-78.0113,0.1789],[-78.0078,0.1747],[-78.0022,0.1725],[-77.9841,0.1727],[-77.9794,0.1699],[-77.9669,0.1686],[-77.9652,0.158],[-77.9615,0.1594],[-77.9565,0.157],[-77.9456,0.1701],[-77.9414,0.18],[-77.9336,0.1774],[-77.9284,0.1777],[-77.9254,0.1812],[-77.9236,0.1902],[-77.9245,0.1979],[-77.9118,0.2049],[-77.9049,0.2057],[-77.901,0.2024],[-77.8931,0.2036],[-77.8876,0.2001],[-77.8821,0.2005],[-77.8705,0.209],[-77.8732,0.2159],[-77.8696,0.2189],[-77.8654,0.2312],[-77.8562,0.239],[-77.851,0.2387],[-77.8488,0.2418],[-77.8514,0.2472],[-77.8479,0.2507],[-77.8476,0.2593],[-77.8404,0.2618],[-77.8318,0.2674],[-77.8287,0.2729],[-77.8468,0.276],[-77.8472,0.2867],[-77.8449,0.2952],[-77.8509,0.2994],[-77.8505,0.3044],[-77.8397,0.307],[-77.833,0.3179],[-77.8258,0.3226],[-77.8268,0.3299],[-77.8241,0.3332],[-77.8185,0.3403],[-77.8197,0.3446],[-77.8103,0.3537],[-77.8127,0.3568],[-77.8136,0.3622],[-77.8173,0.3641],[-77.8253,0.3604],[-77.8329,0.3593],[-77.8378,0.3566],[-77.8539,0.3657],[-77.867,0.3818],[-77.8732,0.38],[-77.8801,0.3857],[-77.8971,0.3903],[-77.9073,0.3986],[-77.9172,0.4012],[-77.9235,0.4012],[-77.9293,0.4075],[-77.9298,0.4139],[-77.9404,0.4264],[-77.9505,0.4336],[-77.9626,0.4333]]]},"properties":{"poblacion":12970,"dpa_descan":"PIMAMPIRO","dpa_provin":"10","dpa_despro":"IMBABURA","dpa_canton":"1005"}},
{"type":"Feature","geometry":{"type":"Polygon","coordinates":[[[-78.1181,0.4638],[-78.1228,0.4616],[-78.1286,0.4632],[-78.1346,0.4541],[-78.1362,0.4593],[-78.1432,0.4506],[-78.1512,0.4463],[-78.1539,0.4521],[-78.1527,0.4578],[-78.1586,0.4714],[-78.1622,0.4726],[-78.1622,0.4774],[-78.1664,0.4795],[-78.1697,0.4921],[-78.162,0.4907],[-78.1632,0.4999],[-78.1554,0.5107],[-78.1517,0.5138],[-78.1545,0.5215],[-78.1624,0.5222],[-78.1725,0.5263],[-78.168,0.5275],[-78.1682,0.5311],[-78.1767,0.5338],[-78.1828,0.5338],[-78.1882,0.5369],[-78.1959,0.5349],[-78.2024,0.5397],[-78.2037,0.5446],[-78.2081,0.5486],[-78.2096,0.5567],[-78.2239,0.5617],[-78.2264,0.5659],[-78.2323,0.5637],[-78.238,0.5584],[-78.2457,0.5563],[-78.2502,0.5597],[-78.2581,0.5607],[-78.2677,0.5558],[-78.2676,0.5647],[-78.2604,0.5829],[-78.2509,0.5876],[-78.2447,0.5947],[-78.2455,0.6025],[-78.255,0.6069],[-78.2673,0.6106],[-78.2782,0.6175],[-78.2842,0.6258],[-78.2823,0.6337],[-78.2867,0.6389],[-78.2852,0.6486],[-78.2886,0.6547],[-78.2845,0.6623],[-78.2856,0.6674],[-78.2912,0.6746],[-78.2893,0.6799],[-78.2944,0.6887],[-78.299,0.6895],[-78.3152,0.6943],[-78.3225,0.6945],[-78.3284,0.6974],[-78.3358,0.6979],[-78.3419,0.6941],[-78.3498,0.6959],[-78.3709,0.7142],[-78.3788,0.7113],[-78.384,0.7164],[-78.4001,0.729],[-78.4166,0.7387],[-78.4387,0.7502],[-78.4432,0.7646],[-78.4542,0.7703],[-78.4504,0.7738],[-78.451,0.7787],[-78.4578,0.781],[-78.4592,0.7839],[-78.4617,0.7786],[-78.4661,0.7776],[-78.4672,0.7734],[-78.4735,0.774],[-78.4878,0.768],[-78.4972,0.7677],[-78.505,0.7749],[-78.5118,0.7761],[-78.5168,0.772],[-78.5285,0.7714],[-78.5361,0.7738],[-78.532,0.7652],[-78.5198,0.7572],[-78.511,0.7303],[-78.5071,0.7147],[-78.4998,0.7069],[-78.4917,0.7026],[-78.4897,0.6901],[-78.4777,0.6827],[-78.4769,0.6768],[-78.4722,0.6717],[-78.4718,0.6637],[-78.469,0.6539],[-78.4659,0.6519],[-78.4606,0.6289],[-78.4553,0.6265],[-78.4527,0.6216],[-78.4482,0.6208],[-78.4343,0.6109],[-78.4299,0.599],[-78.4291,0.5901],[-78.4265,0.5856],[-78.4176,0.586],[-78.4091,0.5787],[-78.4017,0.5764],[-78.395,0.5693],[-78.3891,0.5681],[-78.3885,0.5618],[-78.3822,0.561],[-78.3785,0.5558],[-78.3763,0.5481],[-78.3762,0.5383],[-78.3728,0.5303],[-78.367,0.5222],[-78.3667,0.5166],[-78.3442,0.4993],[-78.3414,0.4941],[-78.3304,0.4824],[-78.3246,0.4786],[-78.3215,0.4728],[-78.3279,0.4619],[-78.3239,0.4561],[-78.3213,0.4437],[-78.3221,0.436],[-78.3138,0.4271],[-78.3096,0.4166],[-78.3021,0.4128],[-78.3004,0.4085],[-78.2847,0.4063],[-78.2803,0.4067],[-78.2674,0.3973],[-78.2617,0.3959],[-78.2325,0.3823],[-78.2292,0.3787],[-78.2221,0.3734],[-78.215,0.3723],[-78.2065,0.3766],[-78.1988,0.375],[-78.1899,0.3792],[-78.1836,0.3864],[-78.1768,0.3898],[-78.1678,0.3961],[-78.1615,0.3962],[-78.1529,0.3918],[-78.1379,0.3967],[-78.1341,0.4019],[-78.1313,0.4153],[-78.122,0.4336],[-78.1263,0.4375],[-78.1228,0.4415],[-78.1233,0.4544],[-78.121,0.4615],[-78.1181,0.4638]]]},"properties":{"poblacion":15671,"dpa_descan":"SAN MIGUEL DE URCUQUI","dpa_provin":"10","dpa_despro":"IMBABURA","dpa_canton":"1006"}},
{"type":"Feature","geometry":{"type":"Polygon","coordinates":[[[-78.0383,-0.9401],[-78.0391,-0.9364],[-78.0444,-0.9318],[-78.0434,-0.9182],[-78.0448,-0.9155],[-78.041,-0.9086],[-78.0427,-0.905],[-78.0371,-0.89],[-78.0364,-0.8839],[-78.0402,-0.8808],[-78.0376,-0.8774],[-78.0479,-0.8631],[-78.0468,-0.8582],[-78.0503,-0.8515],[-78.0554,-0.8506],[-78.0691,-0.8415],[-78.0745,-0.8413],[-78.0797,-0.8376],[-78.0875,-0.8442],[-78.0916,-0.8446],[-78.0998,-0.8506],[-78.1114,-0.8466],[-78.1165,-0.8471],[-78.1272,-0.8419],[-78.1348,-0.8402],[-78.1397,-0.8417],[-78.1467,-0.8469],[-78.1573,-0.8496],[-78.1586,-0.8538],[-78.1665,-0.8564],[-78.1729,-0.8648],[-78.1856,-0.8631],[-78.1894,-0.8611],[-78.1956,-0.8623],[-78.2079,-0.8597],[-78.2144,-0.8615],[-78.221,-0.8573],[-78.2325,-0.8447],[-78.2349,-0.8479],[-78.2399,-0.8405],[-78.2443,-0.839],[-78.2493,-0.8336],[-78.2512,-0.8257],[-78.2534,-0.8269],[-78.2547,-0.8137],[-78.2609,-0.8091],[-78.2585,-0.8032],[-78.2543,-0.7861],[-78.2514,-0.7848],[-78.2496,-0.7769],[-78.2519,-0.7695],[-78.2499,-0.7641],[-78.2711,-0.7556],[-78.2762,-0.759],[-78.2762,-0.7632],[-78.303,-0.7687],[-78.3294,-0.7802],[-78.3319,-0.7836],[-78.3418,-0.7867],[-78.3489,-0.7929],[-78.3658,-0.7938],[-78.3886,-0.804],[-78.3886,-0.81],[-78.3809,-0.8166],[-78.386,-0.8194],[-78.3892,-0.8257],[-78.383,-0.8329],[-78.3832,-0.8379],[-78.3957,-0.8386],[-78.3988,-0.8421],[-78.3829,-0.8602],[-78.3948,-0.8686],[-78.4024,-0.8699],[-78.4124,-0.8755],[-78.4196,-0.8779],[-78.425,-0.8828],[-78.4271,-0.8897],[-78.417,-0.9094],[-78.4115,-0.9237],[-78.414,-0.9269],[-78.4102,-0.9353],[-78.4107,-0.9442],[-78.4015,-0.9594],[-78.4055,-0.9764],[-78.4047,-0.9896],[-78.4014,-0.9976],[-78.393,-1.0067],[-78.3889,-1.0081],[-78.3788,-1.0074],[-78.3688,-1.0009],[-78.3584,-1.0034],[-78.3452,-1.0233],[-78.3441,-1.0282],[-78.3313,-1.0346],[-78.3257,-1.0395],[-78.3214,-1.0404],[-78.3264,-1.0453],[-78.3332,-1.0604],[-78.3328,-1.0677],[-78.3352,-1.0775],[-78.3327,-1.0832],[-78.3419,-1.0966],[-78.342,-1.0992],[-78.3342,-1.1114],[-78.338,-1.119],[-78.3387,-1.1296],[-78.3375,-1.135],[-78.3465,-1.1407],[-78.3476,-1.1504],[-78.3543,-1.157],[-78.3537,-1.1628],[-78.3504,-1.1737],[-78.3429,-1.1744],[-78.3411,-1.1691],[-78.3346,-1.1644],[-78.3198,-1.1645],[-78.3175,-1.1596],[-78.3175,-1.1495],[-78.3076,-1.1377],[-78.304,-1.1363],[-78.2968,-1.142],[-78.287,-1.1428],[-78.2818,-1.1413],[-78.2751,-1.1443],[-78.2689,-1.1394],[-78.2644,-1.1419],[-78.2659,-1.1558],[-78.2636,-1.1571],[-78.2573,-1.1542],[-78.2463,-1.1541],[-78.2391,-1.1472],[-78.2293,-1.14],[-78.2185,-1.1426],[-78.2136,-1.1462],[-78.2067,-1.1476],[-78.2038,-1.1527],[-78.1983,-1.1569],[-78.1901,-1.1585],[-78.1869,-1.1671],[-78.1899,-1.1798],[-78.1861,-1.1837],[-78.1809,-1.1832],[-78.1719,-1.1902],[-78.1684,-1.1864],[-78.1605,-1.184],[-78.1515,-1.1793],[-78.1396,-1.1812],[-78.1327,-1.1855],[-78.1287,-1.1925],[-78.1253,-1.1932],[-78.1171,-1.1827],[-78.115,-1.178],[-78.1163,-1.1656],[-78.1124,-1.1564],[-78.0983,-1.1406],[-78.0876,-1.1346],[-78.084,-1.1246],[-78.0746,-1.1201],[-78.0598,-1.128],[-78.0517,-1.1265],[-78.0344,-1.1099],[-78.0249,-1.1097],[-78.0203,-1.1061],[-78.0117,-1.1037],[-78.0078,-1.1045],[-77.9994,-1.0987],[-77.9888,-1.0982],[-77.9881,-1.1019],[-77.9781,-1.1013],[-77.977,-1.0976],[-77.9681,-1.0972],[-77.9629,-1.0933],[-77.9637,-1.0874],[-77.9541,-1.0843],[-77.9489,-1.0922],[-77.9442,-1.0928],[-77.9375,-1.0843],[-77.9278,-1.0888],[-77.9388,-1.101],[-77.9408,-1.0988],[-77.9476,-1.1038],[-77.9308,-1.1129],[-77.9223,-1.113],[-77.9185,-1.1112],[-77.9152,-1.1176],[-77.8929,-1.1172],[-77.8949,-1.1064],[-77.8996,-1.0957],[-77.886,-1.0887],[-77.8808,-1.0883],[-77.8538,-1.0916],[-77.854,-1.092],[-77.7934,-1.0922],[-77.7919,-1.1088],[-77.7931,-1.12],[-77.7864,-1.122],[-77.7811,-1.1175],[-77.7793,-1.1212],[-77.7739,-1.1229],[-77.7733,-1.1315],[-77.7663,-1.1416],[-77.763,-1.1342],[-77.7552,-1.1345],[-77.7497,-1.1416],[-77.7424,-1.1467],[-77.7338,-1.1477],[-77.7234,-1.1533],[-77.7306,-1.1629],[-77.7318,-1.1659],[-77.7303,-1.1763],[-77.7221,-1.1779],[-77.7142,-1.1729],[-77.6953,-1.1425],[-77.69,-1.1417],[-77.6858,-1.1379],[-77.6793,-1.1423],[-77.6696,-1.1451],[-77.6709,-1.1489],[-77.6658,-1.1479],[-77.6605,-1.1425],[-77.6593,-1.1371],[-77.6534,-1.1333],[-77.6466,-1.1348],[-77.6435,-1.1407],[-77.638,-1.1457],[-77.6254,-1.1429],[-77.6141,-1.1477],[-77.6114,-1.1376],[-77.6035,-1.1376],[-77.6015,-1.13],[-77.5944,-1.1261],[-77.5834,-1.1378],[-77.5806,-1.1429],[-77.568,-1.1526],[-77.5687,-1.1544],[-77.5606,-1.1588],[-77.5555,-1.1555],[-77.5539,-1.1505],[-77.5498,-1.1506],[-77.5383,-1.1344],[-77.5272,-1.1278],[-77.5227,-1.1224],[-77.5149,-1.1198],[-77.5061,-1.1209],[-77.5019,-1.1188],[-77.5014,-1.115],[-77.489,-1.1106],[-77.4849,-1.105],[-77.4809,-1.1058],[-77.4756,-1.1026],[-77.4709,-1.1039],[-77.4687,-1.1019],[-77.4567,-1.1001],[-77.4534,-1.095],[-77.4512,-1.0974],[-77.4448,-1.0919],[-77.4498,-1.0898],[-77.4523,-1.0829],[-77.4513,-1.0776],[-77.4408,-1.0781],[-77.4359,-1.0848],[-77.4289,-1.08],[-77.4218,-1.0831],[-77.4142,-1.0842],[-77.4056,-1.0797],[-77.4018,-1.082],[-77.4021,-1.0902],[-77.391,-1.0839],[-77.3897,-1.0891],[-77.3838,-1.0943],[-77.3748,-1.0911],[-77.3703,-1.0954],[-77.3681,-1.0907],[-77.3631,-1.1004],[-77.3542,-1.0992],[-77.3516,-1.102],[-77.3512,-1.0717],[-77.3349,-1.0679],[-77.326,-1.0721],[-77.3166,-1.0707],[-77.3092,-1.0652],[-77.3044,-1.0653],[-77.2998,-1.0611],[-77.2917,-1.0581],[-77.2886,-1.0591],[-77.2683,-1.0572],[-77.2594,-1.0528],[-77.248,-1.0552],[-77.245,-1.0575],[-77.2414,-1.0537],[-77.2353,-1.0525],[-77.2338,-1.0456],[-77.2303,-1.0416],[-77.2295,-1.0264],[-77.225,-1.0245],[-77.2138,-1.0257],[-77.2076,-1.0236],[-77.2041,-1.0258],[-77.1977,-1.0252],[-77.1923,-1.0214],[-77.1818,-1.0223],[-77.1731,-1.0169],[-77.1672,-1.0206],[-77.1658,-1.0178],[-77.1541,-1.0212],[-77.1486,-1.0177],[-77.1418,-1.02],[-77.1363,-1.0182],[-77.1274,-1.0106],[-77.1227,-1.0144],[-77.1104,-1.0084],[-77.1042,-1.0083],[-77.0987,-1.0137],[-77.096,-1.0112],[-77.0811,-1.0144],[-77.0796,-1.0115],[-77.0667,-1.004],[-77.062,-1.0041],[-77.0613,-1.0082],[-77.0587,-1.006],[-77.0506,-1.0071],[-77.054,-1.0026],[-77.0524,-0.9952],[-77.0329,-0.9896],[-77.0433,-0.9844],[-77.0516,-0.9854],[-77.0573,-0.9829],[-77.0592,-0.9779],[-77.0676,-0.9755],[-77.0726,-0.9703],[-77.0722,-0.9521],[-77.0665,-0.9503],[-77.0543,-0.9432],[-77.0531,-0.9356],[-77.0476,-0.9313],[-77.0396,-0.9282],[-77.0379,-0.9235],[-77.0316,-0.9227],[-77.0308,-0.9202],[-77.0393,-0.9153],[-77.057,-0.9084],[-77.0725,-0.9107],[-77.0912,-0.9105],[-77.0925,-0.912],[-77.1141,-0.9051],[-77.1175,-0.9005],[-77.1346,-0.8995],[-77.1424,-0.8961],[-77.1433,-0.8745],[-77.1509,-0.8676],[-77.1649,-0.8728],[-77.1726,-0.868],[-77.1737,-0.861],[-77.1828,-0.855],[-77.1928,-0.857],[-77.1973,-0.8531],[-77.1925,-0.8471],[-77.1925,-0.836],[-77.1982,-0.8293],[-77.205,-0.8108],[-77.2057,-0.8031],[-77.197,-0.7981],[-77.1925,-0.7889],[-77.1911,-0.7802],[-77.1815,-0.7708],[-77.1751,-0.7617],[-77.1624,-0.7629],[-77.1475,-0.755],[-77.1449,-0.7396],[-77.1417,-0.7371],[-77.1296,-0.7355],[-77.1213,-0.7287],[-77.1188,-0.723],[-77.1155,-0.7068],[-77.1156,-0.6992],[-77.1245,-0.6951],[-77.1277,-0.698],[-77.136,-0.6939],[-77.1432,-0.6952],[-77.1564,-0.7077],[-77.1627,-0.7069],[-77.174,-0.7308],[-77.1861,-0.7385],[-77.184,-0.7426],[-77.1893,-0.75],[-77.1927,-0.7592],[-77.2006,-0.7602],[-77.1993,-0.7669],[-77.2028,-0.7664],[-77.2078,-0.7725],[-77.2179,-0.7742],[-77.2218,-0.7716],[-77.2296,-0.7801],[-77.2349,-0.7797],[-77.2387,-0.7897],[-77.2528,-0.7931],[-77.2527,-0.8016],[-77.2638,-0.8146],[-77.2615,-0.8172],[-77.2645,-0.8223],[-77.2627,-0.8255],[-77.271,-0.8278],[-77.2753,-0.8355],[-77.2809,-0.8388],[-77.2853,-0.8366],[-77.2963,-0.8378],[-77.2959,-0.844],[-77.305,-0.8449],[-77.3091,-0.8402],[-77.3187,-0.8477],[-77.324,-0.8469],[-77.3253,-0.8502],[-77.3332,-0.8539],[-77.3315,-0.8589],[-77.3501,-0.8608],[-77.3518,-0.8712],[-77.3572,-0.8736],[-77.3612,-0.8693],[-77.37,-0.8705],[-77.3696,-0.8759],[-77.3653,-0.8791],[-77.3721,-0.8794],[-77.3727,-0.8827],[-77.3792,-0.882],[-77.3785,-0.8873],[-77.3859,-0.8914],[-77.3895,-0.8886],[-77.3967,-0.8956],[-77.4034,-0.8956],[-77.4041,-0.8921],[-77.4095,-0.8932],[-77.4181,-0.8899],[-77.4222,-0.8906],[-77.4206,-0.8946],[-77.4262,-0.9022],[-77.4447,-0.8962],[-77.4518,-0.8996],[-77.4568,-0.9054],[-77.4524,-0.9157],[-77.4567,-0.9177],[-77.4642,-0.913],[-77.4708,-0.9199],[-77.4692,-0.9239],[-77.4724,-0.9277],[-77.4805,-0.9297],[-77.4849,-0.9363],[-77.4961,-0.9407],[-77.497,-0.9442],[-77.5042,-0.9423],[-77.5083,-0.9461],[-77.5133,-0.9454],[-77.5157,-0.9507],[-77.5206,-0.9476],[-77.5286,-0.9505],[-77.5379,-0.9423],[-77.5564,-0.9393],[-77.5648,-0.9434],[-77.5672,-0.9424],[-77.5686,-0.9322],[-77.5739,-0.9308],[-77.5791,-0.9345],[-77.5828,-0.9337],[-77.5899,-0.9274],[-77.5909,-0.9209],[-77.5879,-0.9188],[-77.588,-0.9108],[-77.5782,-0.912],[-77.5647,-0.9048],[-77.5519,-0.9003],[-77.5514,-0.8845],[-77.5497,-0.8802],[-77.5392,-0.8746],[-77.5344,-0.8743],[-77.5364,-0.8693],[-77.537,-0.8594],[-77.5351,-0.855],[-77.5366,-0.8461],[-77.5289,-0.8401],[-77.5305,-0.8312],[-77.525,-0.8198],[-77.5282,-0.8163],[-77.53,-0.8088],[-77.5343,-0.8002],[-77.5427,-0.803],[-77.5531,-0.7991],[-77.5562,-0.7986],[-77.5631,-0.8038],[-77.571,-0.8054],[-77.5799,-0.8022],[-77.5846,-0.8024],[-77.5938,-0.8115],[-77.6032,-0.8158],[-77.6024,-0.8219],[-77.605,-0.8271],[-77.6034,-0.8373],[-77.6058,-0.8419],[-77.613,-0.8422],[-77.6212,-0.8535],[-77.6283,-0.8588],[-77.6315,-0.8674],[-77.6379,-0.8674],[-77.6553,-0.8627],[-77.662,-0.8653],[-77.6646,-0.8558],[-77.6855,-0.8561],[-77.6868,-0.8694],[-77.683,-0.8762],[-77.6929,-0.8813],[-77.7007,-0.8817],[-77.7001,-0.8913],[-77.7019,-0.9012],[-77.7012,-0.9122],[-77.6979,-0.9145],[-77.7002,-0.9224],[-77.6981,-0.9309],[-77.7019,-0.9401],[-77.6947,-0.9534],[-77.693,-0.9622],[-77.6952,-0.9752],[-77.7,-0.9741],[-77.7118,-0.976],[-77.7174,-0.9742],[-77.7223,-0.9759],[-77.7286,-0.9745],[-77.7345,-0.9697],[-77.7375,-0.9739],[-77.743,-0.9702],[-77.7516,-0.9687],[-77.7546,-0.9712],[-77.7967,-0.9484],[-77.8178,-0.9371],[-77.816,-0.9306],[-77.8185,-0.9134],[-77.8262,-0.9089],[-77.8281,-0.9135],[-77.8341,-0.9159],[-77.8437,-0.9162],[-77.8463,-0.9152],[-77.8501,-0.9075],[-77.8588,-0.9058],[-77.8585,-0.9014],[-77.8633,-0.901],[-77.859,-0.8874],[-77.8599,-0.8788],[-77.8747,-0.8792],[-77.8787,-0.8722],[-77.894,-0.8665],[-77.8982,-0.8712],[-77.902,-0.8708],[-77.905,-0.8654],[-77.913,-0.8651],[-77.9234,-0.8615],[-77.9492,-0.8685],[-77.9589,-0.8761],[-77.9622,-0.8832],[-77.967,-0.8875],[-77.969,-0.8965],[-77.9762,-0.8976],[-77.9849,-0.8838],[-77.9942,-0.8807],[-77.9965,-0.8752],[-78.0028,-0.871],[-78.0061,-0.8753],[-78.0101,-0.8755],[-78.0093,-0.8838],[-78.0131,-0.8926],[-78.0125,-0.8979],[-78.0068,-0.8972],[-78.0048,-0.9051],[-78.0007,-0.9103],[-78.0069,-0.9176],[-78.0185,-0.9253],[-78.024,-0.9265],[-78.0309,-0.9381],[-78.0383,-0.9401]]]},"properties":{"poblacion":60881,"dpa_descan":"TENA","dpa_provin":"15","dpa_despro":"NAPO","dpa_canton":"1501"}},
{"type":"Feature","geometry":{"type":"Polygon","coordinates":[[[-79.0238,-2.0861],[-79.0117,-2.0853],[-79.0039,-2.0828],[-78.9988,-2.089],[-78.9923,-2.0927],[-78.987,-2.0904],[-78.9798,-2.0904],[-78.9752,-2.097],[-78.9771,-2.1123],[-78.9729,-2.1163],[-78.9683,-2.1138],[-78.9659,-2.1087],[-78.9606,-2.1096],[-78.9556,-2.115],[-78.9533,-2.1138],[-78.9485,-2.118],[-78.9434,-2.1161],[-78.9355,-2.1186],[-78.9276,-2.1145],[-78.9194,-2.1164],[-78.9145,-2.1133],[-78.9068,-2.1122],[-78.9063,-2.1046],[-78.9027,-2.1063],[-78.8952,-2.1049],[-78.8889,-2.0989],[-78.8803,-2.0984],[-78.8709,-2.0928],[-78.8686,-2.0835],[-78.8603,-2.0731],[-78.8512,-2.0744],[-78.8472,-2.0674],[-78.84,-2.0626],[-78.8348,-2.0556],[-78.8341,-2.0516],[-78.8371,-2.0464],[-78.839,-2.0366],[-78.838,-2.0271],[-78.8315,-2.0145],[-78.8362,-2.0103],[-78.8381,-2.004],[-78.8496,-1.9948],[-78.8421,-1.9881],[-78.8281,-1.9869],[-78.8237,-1.9791],[-78.8248,-1.9667],[-78.8148,-1.9589],[-78.8147,-1.9476],[-78.8176,-1.9473],[-78.8245,-1.9399],[-78.8294,-1.9409],[-78.8365,-1.9349],[-78.8429,-1.9385],[-78.8525,-1.9398],[-78.861,-1.9316],[-78.8685,-1.9345],[-78.8809,-1.9422],[-78.888,-1.9383],[-78.9024,-1.9406],[-78.9075,-1.9481],[-78.9139,-1.9501],[-78.9253,-1.9439],[-78.9268,-1.9364],[-78.9313,-1.9331],[-78.9427,-1.9385],[-78.9561,-1.9394],[-78.9631,-1.9374],[-78.9697,-1.9172],[-78.9792,-1.9157],[-78.9811,-1.9184],[-78.9915,-1.9176],[-78.9968,-1.9207],[-78.9987,-1.9302],[-79.0053,-1.9354],[-79.0079,-1.9352],[-79.0101,-1.9374],[-79.008,-1.9436],[-79.0132,-1.9518],[-79.0164,-1.9602],[-79.0144,-1.9682],[-79.0161,-1.9818],[-79.0165,-1.9951],[-79.0184,-2.001],[-79.0261,-2.0095],[-79.0272,-2.0203],[-79.0299,-2.0264],[-79.0295,-2.0344],[-79.0349,-2.0466],[-79.0347,-2.0612],[-79.0295,-2.0679],[-79.0254,-2.0699],[-79.0226,-2.0757],[-79.0238,-2.0861]]]},"properties":{"poblacion":11544,"dpa_descan":"PALLATANGA","dpa_provin":"06","dpa_despro":"CHIMBORAZO","dpa_canton":"0608"}},
{"type":"Feature","geometry":{"type":"Polygon","coordinates":[[[-78.5152,-1.6082],[-78.5107,-1.6142],[-78.514,-1.6222],[-78.5131,-1.6288],[-78.5165,-1.634],[-78.5131,-1.6357],[-78.5144,-1.6417],[-78.513,-1.6505],[-78.5035,-1.6577],[-78.4952,-1.6554],[-78.4891,-1.6584],[-78.4829,-1.6579],[-78.473,-1.661],[-78.465,-1.665],[-78.4592,-1.6722],[-78.4465,-1.6713],[-78.4318,-1.6745],[-78.4218,-1.6729],[-78.4192,-1.6699],[-78.4089,-1.6747],[-78.4108,-1.6653],[-78.4013,-1.661],[-78.3891,-1.6583],[-78.3816,-1.6546],[-78.3744,-1.6571],[-78.3637,-1.6444],[-78.3667,-1.6361],[-78.364,-1.6317],[-78.3666,-1.6136],[-78.364,-1.6066],[-78.3679,-1.6057],[-78.3732,-1.5995],[-78.374,-1.5912],[-78.3773,-1.5852],[-78.3722,-1.5824],[-78.3705,-1.5757],[-78.3734,-1.5715],[-78.3724,-1.5655],[-78.3763,-1.5584],[-78.3739,-1.5439],[-78.3767,-1.5362],[-78.3647,-1.5331],[-78.364,-1.5294],[-78.3638,-1.5236],[-78.358,-1.5216],[-78.3593,-1.5168],[-78.3645,-1.5141],[-78.3646,-1.497],[-78.3687,-1.4977],[-78.3748,-1.4934],[-78.3823,-1.4924],[-78.3871,-1.4938],[-78.392,-1.492],[-78.3954,-1.4851],[-78.411,-1.4878],[-78.4233,-1.486],[-78.4446,-1.4699],[-78.4483,-1.4678],[-78.4822,-1.4527],[-78.4934,-1.4451],[-78.4977,-1.44],[-78.4964,-1.435],[-78.501,-1.4343],[-78.505,-1.4384],[-78.5042,-1.443],[-78.5075,-1.4497],[-78.5129,-1.472],[-78.5149,-1.4837],[-78.5128,-1.4872],[-78.5156,-1.4907],[-78.5138,-1.4955],[-78.522,-1.5087],[-78.5223,-1.5164],[-78.5181,-1.5208],[-78.5182,-1.5241],[-78.534,-1.5337],[-78.5343,-1.5415],[-78.5397,-1.5432],[-78.5391,-1.5489],[-78.5378,-1.5537],[-78.5336,-1.5557],[-78.5359,-1.5647],[-78.5366,-1.5768],[-78.5333,-1.5789],[-78.535,-1.5894],[-78.5387,-1.5936],[-78.5404,-1.5908],[-78.5484,-1.5917],[-78.5397,-1.5985],[-78.5371,-1.604],[-78.5283,-1.6034],[-78.5191,-1.605],[-78.5152,-1.6082]]]},"properties":{"poblacion":6739,"dpa_descan":"PENIPE","dpa_provin":"06","dpa_despro":"CHIMBORAZO","dpa_canton":"0609"}},
{"type":"Feature","geometry":{"type":"Polygon","coordinates":[[[-78.3886,-0.804],[-78.3658,-0.7938],[-78.3489,-0.7929],[-78.3418,-0.7867],[-78.3319,-0.7836],[-78.3294,-0.7802],[-78.303,-0.7687],[-78.2762,-0.7632],[-78.2762,-0.759],[-78.2711,-0.7556],[-78.2499,-0.7641],[-78.2519,-0.7695],[-78.2496,-0.7769],[-78.2514,-0.7848],[-78.2543,-0.7861],[-78.2585,-0.8032],[-78.2609,-0.8091],[-78.2547,-0.8137],[-78.2534,-0.8269],[-78.2512,-0.8257],[-78.2493,-0.8336],[-78.2443,-0.839],[-78.2399,-0.8405],[-78.2349,-0.8479],[-78.2325,-0.8447],[-78.221,-0.8573],[-78.2144,-0.8615],[-78.2079,-0.8597],[-78.1956,-0.8623],[-78.1894,-0.8611],[-78.1856,-0.8631],[-78.1729,-0.8648],[-78.1665,-0.8564],[-78.1586,-0.8538],[-78.1573,-0.8496],[-78.1467,-0.8469],[-78.1397,-0.8417],[-78.1348,-0.8402],[-78.1272,-0.8419],[-78.1165,-0.8471],[-78.1114,-0.8466],[-78.0998,-0.8506],[-78.0916,-0.8446],[-78.0875,-0.8442],[-78.0797,-0.8376],[-78.0745,-0.8413],[-78.0691,-0.8415],[-78.0554,-0.8506],[-78.0503,-0.8515],[-78.0468,-0.8582],[-78.0479,-0.8631],[-78.0376,-0.8774],[-78.0402,-0.8808],[-78.0364,-0.8839],[-78.0371,-0.89],[-78.0427,-0.905],[-78.041,-0.9086],[-78.0448,-0.9155],[-78.0434,-0.9182],[-78.0444,-0.9318],[-78.0391,-0.9364],[-78.0383,-0.9401],[-78.0309,-0.9381],[-78.024,-0.9265],[-78.0185,-0.9253],[-78.0069,-0.9176],[-78.0007,-0.9103],[-78.0048,-0.9051],[-78.0068,-0.8972],[-78.0125,-0.8979],[-78.0131,-0.8926],[-78.0093,-0.8838],[-78.0101,-0.8755],[-78.0061,-0.8753],[-78.0028,-0.871],[-77.9965,-0.8752],[-77.9942,-0.8807],[-77.9849,-0.8838],[-77.9762,-0.8976],[-77.969,-0.8965],[-77.967,-0.8875],[-77.9622,-0.8832],[-77.9589,-0.8761],[-77.9492,-0.8685],[-77.9234,-0.8615],[-77.913,-0.8651],[-77.905,-0.8654],[-77.902,-0.8708],[-77.8982,-0.8712],[-77.894,-0.8665],[-77.8787,-0.8722],[-77.8747,-0.8792],[-77.8599,-0.8788],[-77.859,-0.8874],[-77.8633,-0.901],[-77.8585,-0.9014],[-77.8588,-0.9058],[-77.8501,-0.9075],[-77.8463,-0.9152],[-77.8437,-0.9162],[-77.8341,-0.9159],[-77.8281,-0.9135],[-77.8262,-0.9089],[-77.8185,-0.9134],[-77.816,-0.9306],[-77.8178,-0.9371],[-77.7967,-0.9484],[-77.7546,-0.9712],[-77.7516,-0.9687],[-77.743,-0.9702],[-77.7375,-0.9739],[-77.7345,-0.9697],[-77.7286,-0.9745],[-77.7223,-0.9759],[-77.7174,-0.9742],[-77.7118,-0.976],[-77.7,-0.9741],[-77.6952,-0.9752],[-77.693,-0.9622],[-77.6947,-0.9534],[-77.7019,-0.9401],[-77.6981,-0.9309],[-77.7002,-0.9224],[-77.6979,-0.9145],[-77.7012,-0.9122],[-77.7019,-0.9012],[-77.7001,-0.8913],[-77.7007,-0.8817],[-77.6929,-0.8813],[-77.683,-0.8762],[-77.6868,-0.8694],[-77.6855,-0.8561],[-77.6646,-0.8558],[-77.662,-0.8653],[-77.6553,-0.8627],[-77.6379,-0.8674],[-77.6315,-0.8674],[-77.6283,-0.8588],[-77.6212,-0.8535],[-77.613,-0.8422],[-77.6058,-0.8419],[-77.6034,-0.8373],[-77.605,-0.8271],[-77.6024,-0.8219],[-77.6032,-0.8158],[-77.5938,-0.8115],[-77.5846,-0.8024],[-77.5799,-0.8022],[-77.571,-0.8054],[-77.5631,-0.8038],[-77.5562,-0.7986],[-77.5531,-0.7991],[-77.5427,-0.803],[-77.5343,-0.8002],[-77.5414,-0.7954],[-77.5424,-0.7909],[-77.5377,-0.777],[-77.5342,-0.7702],[-77.5358,-0.7629],[-77.5319,-0.7601],[-77.527,-0.7523],[-77.5246,-0.7437],[-77.5284,-0.7431],[-77.519,-0.7304],[-77.5135,-0.728],[-77.5091,-0.7181],[-77.5054,-0.7156],[-77.4966,-0.702],[-77.5124,-0.6884],[-77.5182,-0.6817],[-77.5188,-0.6763],[-77.525,-0.6695],[-77.5276,-0.6618],[-77.5246,-0.6491],[-77.5335,-0.6388],[-77.5349,-0.6324],[-77.5329,-0.6268],[-77.5382,-0.6198],[-77.5587,-0.6186],[-77.5666,-0.6123],[-77.5761,-0.6127],[-77.5807,-0.609],[-77.5796,-0.6057],[-77.588,-0.5957],[-77.5903,-0.5786],[-77.594,-0.5689],[-77.605,-0.5601],[-77.6153,-0.565],[-77.6232,-0.5572],[-77.6275,-0.5414],[-77.6378,-0.5322],[-77.6508,-0.5267],[-77.663,-0.5261],[-77.6776,-0.5188],[-77.6834,-0.5115],[-77.6949,-0.5062],[-77.7,-0.5017],[-77.7118,-0.5026],[-77.7215,-0.4987],[-77.7257,-0.492],[-77.7328,-0.4889],[-77.74,-0.4952],[-77.7388,-0.5037],[-77.7422,-0.506],[-77.7436,-0.5125],[-77.7624,-0.5196],[-77.7702,-0.5193],[-77.7808,-0.5388],[-77.7859,-0.5391],[-77.7903,-0.5456],[-77.7956,-0.546],[-77.7986,-0.5507],[-77.8011,-0.5618],[-77.8046,-0.5657],[-77.8039,-0.5699],[-77.8095,-0.579],[-77.8078,-0.5959],[-77.8166,-0.6035],[-77.8221,-0.6127],[-77.8352,-0.6192],[-77.8433,-0.6246],[-77.8446,-0.6284],[-77.8559,-0.6351],[-77.8591,-0.6405],[-77.8607,-0.6496],[-77.8643,-0.6554],[-77.8726,-0.6627],[-77.8774,-0.6632],[-77.8843,-0.6567],[-77.8854,-0.645],[-77.8918,-0.6424],[-77.9029,-0.6411],[-77.9083,-0.6443],[-77.9134,-0.6592],[-77.9202,-0.6623],[-77.9304,-0.6635],[-77.9393,-0.6579],[-77.9451,-0.649],[-77.9504,-0.6445],[-77.9557,-0.6438],[-77.9666,-0.6395],[-77.9781,-0.6387],[-77.9863,-0.6282],[-77.9927,-0.6237],[-78.002,-0.6139],[-78.0161,-0.6061],[-78.029,-0.6023],[-78.0335,-0.5994],[-78.0489,-0.5995],[-78.0656,-0.6033],[-78.086,-0.607],[-78.0942,-0.6026],[-78.1026,-0.5919],[-78.104,-0.5881],[-78.1141,-0.5845],[-78.1192,-0.5913],[-78.129,-0.5925],[-78.1396,-0.5997],[-78.1496,-0.5942],[-78.1524,-0.5899],[-78.1567,-0.5894],[-78.1646,-0.5812],[-78.1676,-0.5748],[-78.1763,-0.5722],[-78.183,-0.5673],[-78.1855,-0.563],[-78.1831,-0.5587],[-78.1739,-0.5534],[-78.1729,-0.5442],[-78.169,-0.5404],[-78.1637,-0.5236],[-78.1617,-0.5087],[-78.1494,-0.5013],[-78.1456,-0.4971],[-78.142,-0.4849],[-78.1834,-0.4605],[-78.1931,-0.4585],[-78.1996,-0.4605],[-78.2048,-0.4662],[-78.2203,-0.462],[-78.2363,-0.4551],[-78.2456,-0.4673],[-78.249,-0.4759],[-78.2542,-0.4993],[-78.2561,-0.5034],[-78.2656,-0.5083],[-78.2694,-0.5178],[-78.2663,-0.5325],[-78.2697,-0.5372],[-78.271,-0.5447],[-78.2768,-0.5548],[-78.2781,-0.5694],[-78.2885,-0.5769],[-78.2995,-0.5766],[-78.3031,-0.5784],[-78.3122,-0.5884],[-78.3267,-0.6126],[-78.3217,-0.6215],[-78.3215,-0.6272],[-78.3258,-0.6367],[-78.3251,-0.6449],[-78.3325,-0.6588],[-78.343,-0.6599],[-78.3429,-0.6637],[-78.3575,-0.6703],[-78.368,-0.6706],[-78.392,-0.678],[-78.3973,-0.687],[-78.3985,-0.6986],[-78.4077,-0.7101],[-78.4219,-0.7169],[-78.4195,-0.7206],[-78.4132,-0.7225],[-78.4017,-0.731],[-78.3914,-0.7489],[-78.3918,-0.7584],[-78.3975,-0.7656],[-78.3975,-0.7726],[-78.3939,-0.7784],[-78.3889,-0.7795],[-78.395,-0.7853],[-78.3929,-0.7992],[-78.3886,-0.804]]]},"properties":{"poblacion":24970,"dpa_descan":"ARCHIDONA","dpa_provin":"15","dpa_despro":"NAPO","dpa_canton":"1503"}},
{"type":"Feature","geometry":{"type":"Polygon","coordinates":[[[-79.1271,-2.2025],[-79.1425,-2.2027],[-79.152,-2.2014],[-79.1636,-2.2027],[-79.1792,-2.1985],[-79.1891,-2.1923],[-79.1946,-2.1917],[-79.2043,-2.1959],[-79.2211,-2.1995],[-79.2405,-2.1956],[-79.2483,-2.1963],[-79.2495,-2.2113],[-79.253,-2.2108],[-79.2547,-2.2175],[-79.2439,-2.2197],[-79.2332,-2.2119],[-79.2211,-2.2101],[-79.2131,-2.2127],[-79.2085,-2.2108],[-79.1698,-2.2145],[-79.1627,-2.2143],[-79.1558,-2.2116],[-79.141,-2.2131],[-79.1363,-2.2131],[-79.1341,-2.2182],[-79.1353,-2.2242],[-79.1323,-2.2326],[-79.1332,-2.2368],[-79.1303,-2.2424],[-79.1231,-2.2466],[-79.1007,-2.2537],[-79.0965,-2.2619],[-79.092,-2.266],[-79.0901,-2.2784],[-79.0834,-2.2819],[-79.0786,-2.2819],[-79.0716,-2.2851],[-79.0596,-2.2771],[-79.0572,-2.2708],[-79.0474,-2.2588],[-79.043,-2.2611],[-79.0389,-2.2595],[-79.0312,-2.2485],[-79.0234,-2.2419],[-79.0161,-2.2377],[-79.0146,-2.2326],[-79.0005,-2.2274],[-78.9984,-2.2196],[-78.9901,-2.2146],[-78.9843,-2.2094],[-78.9847,-2.2022],[-78.9983,-2.1952],[-79.0034,-2.188],[-79.0136,-2.1866],[-79.0199,-2.1804],[-79.0221,-2.1681],[-79.0252,-2.1642],[-79.0303,-2.15],[-79.0419,-2.1459],[-79.0432,-2.1402],[-79.0466,-2.1373],[-79.0517,-2.1491],[-79.0621,-2.1546],[-79.0679,-2.1639],[-79.0745,-2.1678],[-79.0816,-2.1785],[-79.0876,-2.1838],[-79.1001,-2.1894],[-79.1031,-2.1938],[-79.1081,-2.1956],[-79.1079,-2.1989],[-79.1184,-2.2021],[-79.1271,-2.2025]]]},"properties":{"poblacion":12922,"dpa_descan":"CUMANDA","dpa_provin":"06","dpa_despro":"CHIMBORAZO","dpa_canton":"0610"}},
{"type":"Feature","geometry":{"type":"MultiPolygon","coordinates":[[[[-79.8645,0.6754],[-79.8709,0.6751],[-79.8756,0.6663],[-79.882,0.6627],[-79.8899,0.6624],[-79.8957,0.6627],[-79.9003,0.6695],[-79.9099,0.6805],[-79.9163,0.6813],[-79.9215,0.6846],[-79.9226,0.6885],[-79.9206,0.6964],[-79.9269,0.7061],[-79.9284,0.7119],[-79.9342,0.7134],[-79.9361,0.726],[-79.9316,0.7329],[-79.9453,0.7434],[-79.9502,0.74],[-79.9601,0.7391],[-79.9643,0.7354],[-79.9751,0.7357],[-79.9834,0.7413],[-79.9875,0.7377],[-79.991,0.7385],[-79.9985,0.731],[-80.0003,0.7321],[-80.0075,0.7265],[-80.0143,0.7323],[-80.0121,0.7525],[-80.0059,0.7618],[-80.0081,0.7722],[-80.0053,0.7755],[-79.9985,0.795],[-79.9972,0.7982],[-79.9921,0.7985],[-79.9853,0.8113],[-79.9827,0.814],[-79.9857,0.8177],[-79.9936,0.817],[-80.0102,0.8186],[-80.0134,0.8207],[-80.0226,0.8177],[-80.0249,0.8192],[-80.0344,0.8177],[-80.049,0.8187],[-80.0514,0.8255],[-80.056,0.818],[-80.0603,0.8158],[-80.0736,0.7973],[-80.0806,0.7925],[-80.0835,0.785],[-80.0888,0.7777],[-80.0927,0.7753],[-80.0968,0.764],[-80.0989,0.7501],[-80.0993,0.7383],[-80.0951,0.7219],[-80.0956,0.7078],[-80.102,0.6954],[-80.1,0.6789],[-80.0981,0.6749],[-80.0922,0.6576],[-80.087,0.6492],[-80.0732,0.6539],[-80.0634,0.6484],[-80.059,0.6418],[-80.0531,0.6365],[-80.0499,0.6417],[-80.0454,0.6368],[-80.0377,0.6323],[-80.0285,0.628],[-80.0264,0.6242],[-80.0102,0.6106],[-80.0066,0.6061],[-80.0043,0.5975],[-80.0052,0.5912],[-80.0011,0.5829],[-79.9934,0.5723],[-79.9963,0.5647],[-79.9899,0.5604],[-79.9863,0.5564],[-79.9821,0.5574],[-79.9813,0.556],[-79.9824,0.5483],[-79.9836,0.5464],[-79.9866,0.5461],[-79.9872,0.5412],[-79.9917,0.5371],[-79.9932,0.5365],[-80.0043,0.5517],[-80.0097,0.5491],[-80.0112,0.5306],[-80.0187,0.5115],[-80.0263,0.5058],[-80.0314,0.5093],[-80.0374,0.5024],[-80.0419,0.4944],[-80.0478,0.4938],[-80.0444,0.486],[-80.0467,0.4857],[-80.0491,0.4779],[-80.055,0.4661],[-80.0617,0.4562],[-80.0514,0.4507],[-80.0392,0.4339],[-80.0399,0.431],[-80.0248,0.418],[-80.0167,0.4075],[-80.0111,0.4048],[-80.0022,0.4048],[-79.996,0.402],[-79.9881,0.3919],[-79.9846,0.3818],[-79.9801,0.3636],[-79.9806,0.3502],[-79.9865,0.3301],[-79.9852,0.3263],[-79.9837,0.3053],[-79.985,0.2942],[-79.9789,0.2911],[-79.9696,0.2832],[-79.9675,0.2869],[-79.9724,0.2872],[-79.9739,0.2886],[-79.973,0.2931],[-79.9729,0.2878],[-79.9669,0.2872],[-79.9687,0.2826],[-79.9726,0.2835],[-79.9725,0.2764],[-79.963,0.2724],[-79.9535,0.266],[-79.9467,0.2689],[-79.9412,0.2617],[-79.932,0.2549],[-79.9224,0.2568],[-79.9222,0.2602],[-79.9269,0.2627],[-79.9273,0.2668],[-79.9215,0.2749],[-79.9185,0.2764],[-79.9102,0.2726],[-79.9093,0.2764],[-79.9041,0.2776],[-79.9068,0.2826],[-79.9089,0.2811],[-79.9104,0.2812],[-79.9106,0.2825],[-79.908,0.2949],[-79.9058,0.2939],[-79.9069,0.2885],[-79.9014,0.2924],[-79.9041,0.2973],[-79.9008,0.3013],[-79.8945,0.3026],[-79.8953,0.3129],[-79.9033,0.3123],[-79.9047,0.315],[-79.8883,0.3177],[-79.8852,0.3225],[-79.8809,0.3227],[-79.8764,0.3169],[-79.8653,0.3182],[-79.8643,0.3147],[-79.8524,0.3205],[-79.8378,0.3243],[-79.832,0.3245],[-79.8313,0.3373],[-79.8273,0.3453],[-79.8191,0.3567],[-79.8196,0.369],[-79.8157,0.3777],[-79.805,0.3881],[-79.7997,0.3874],[-79.7909,0.3967],[-79.7841,0.4105],[-79.7821,0.417],[-79.7846,0.4211],[-79.7825,0.4303],[-79.7859,0.4351],[-79.7895,0.4555],[-79.799,0.4568],[-79.8039,0.4627],[-79.8035,0.4688],[-79.8002,0.4743],[-79.8023,0.482],[-79.807,0.488],[-79.8055,0.4978],[-79.8067,0.5023],[-79.8147,0.503],[-79.8154,0.5076],[-79.8066,0.5193],[-79.8031,0.5198],[-79.7903,0.5161],[-79.7796,0.5192],[-79.7675,0.5211],[-79.7633,0.5246],[-79.7518,0.5251],[-79.7528,0.543],[-79.7565,0.5464],[-79.7558,0.5523],[-79.7623,0.557],[-79.754,0.5645],[-79.7505,0.5695],[-79.7398,0.5786],[-79.7398,0.5879],[-79.7442,0.5984],[-79.7519,0.6026],[-79.7534,0.6066],[-79.7612,0.607],[-79.7675,0.5982],[-79.7639,0.5929],[-79.7677,0.5909],[-79.7731,0.5931],[-79.7834,0.5931],[-79.7925,0.5824],[-79.796,0.5757],[-79.802,0.575],[-79.8083,0.5805],[-79.8166,0.5824],[-79.8129,0.5957],[-79.8133,0.6023],[-79.8211,0.6034],[-79.8246,0.6111],[-79.8329,0.6186],[-79.8354,0.6324],[-79.8375,0.6321],[-79.8397,0.6367],[-79.8393,0.646],[-79.847,0.6512],[-79.8483,0.6566],[-79.8589,0.661],[-79.8612,0.6706],[-79.8645,0.6754]]],[[[-79.9975,0.5669],[-80.0047,0.5637],[-80.0011,0.5553],[-80.0026,0.5526],[-80.0001,0.5468],[-79.9957,0.5473],[-79.9885,0.5415],[-79.9872,0.5465],[-79.9836,0.5468],[-79.9815,0.5559],[-79.983,0.5569],[-79.9852,0.556],[-79.9879,0.5568],[-79.9964,0.5642],[-79.9975,0.5669]]],[[[-80.0209,0.6155],[-80.0281,0.6185],[-80.0322,0.6228],[-80.035,0.6202],[-80.0334,0.6154],[-80.0245,0.6007],[-80.0172,0.5861],[-80.0116,0.5696],[-80.0101,0.5609],[-80.0074,0.5572],[-80.006,0.5637],[-79.9945,0.5696],[-80.0056,0.5877],[-80.0069,0.5991],[-80.0138,0.6055],[-80.0165,0.6121],[-80.0203,0.6115],[-80.0209,0.6155]]],[[[-80.0317,0.4002],[-80.0349,0.4028],[-80.0385,0.4005],[-80.0373,0.3936],[-80.0253,0.3737],[-80.004,0.3623],[-80.0006,0.3634],[-79.995,0.3706],[-79.994,0.3819],[-79.9964,0.3891],[-80.0077,0.3943],[-80.0146,0.3953],[-80.0317,0.4002]]]]},"properties":{"poblacion":28474,"dpa_descan":"MUISNE","dpa_provin":"08","dpa_despro":"ESMERALDAS","dpa_canton":"0803"}},
{"type":"Feature","geometry":{"type":"Polygon","coordinates":[[[-77.9665,-1.2242],[-77.9602,-1.2742],[-77.9646,-1.2808],[-77.9703,-1.2845],[-77.97,-1.2931],[-77.9595,-1.3068],[-77.9542,-1.3109],[-77.9522,-1.3165],[-77.9575,-1.3182],[-77.9619,-1.3248],[-77.9555,-1.3295],[-77.9463,-1.3287],[-77.9388,-1.3348],[-77.9371,-1.3486],[-77.9226,-1.357],[-77.917,-1.3565],[-77.9144,-1.3603],[-77.9063,-1.3628],[-77.8972,-1.3594],[-77.8929,-1.3639],[-77.8803,-1.3642],[-77.8783,-1.3622],[-77.8708,-1.3626],[-77.8669,-1.3589],[-77.8602,-1.359],[-77.8574,-1.3547],[-77.8409,-1.3524],[-77.8298,-1.3566],[-77.82,-1.353],[-77.8143,-1.3487],[-77.8084,-1.3284],[-77.8054,-1.3223],[-77.8035,-1.3129],[-77.8018,-1.3117],[-77.8003,-1.3001],[-77.797,-1.2888],[-77.7902,-1.2816],[-77.7893,-1.2769],[-77.7897,-1.2549],[-77.7808,-1.2481],[-77.7791,-1.2449],[-77.7714,-1.2413],[-77.759,-1.2298],[-77.7559,-1.222],[-77.7534,-1.2219],[-77.7496,-1.2105],[-77.7494,-1.2047],[-77.7458,-1.2038],[-77.7421,-1.1986],[-77.7423,-1.1839],[-77.7392,-1.1817],[-77.7364,-1.174],[-77.7377,-1.1692],[-77.7318,-1.1659],[-77.7306,-1.1629],[-77.7322,-1.1599],[-77.74,-1.1613],[-77.7528,-1.1729],[-77.7541,-1.1782],[-77.7661,-1.1782],[-77.7808,-1.1841],[-77.7842,-1.191],[-77.7927,-1.1935],[-77.803,-1.1991],[-77.8053,-1.2024],[-77.8135,-1.2047],[-77.8258,-1.2036],[-77.831,-1.2165],[-77.8414,-1.2165],[-77.8451,-1.2107],[-77.8492,-1.2105],[-77.8521,-1.2066],[-77.8742,-1.2064],[-77.8788,-1.1991],[-77.8826,-1.2102],[-77.8895,-1.2222],[-77.8885,-1.2304],[-77.8827,-1.2357],[-77.8815,-1.2441],[-77.8886,-1.2451],[-77.8949,-1.2429],[-77.8982,-1.2444],[-77.9086,-1.2363],[-77.9123,-1.2367],[-77.9187,-1.2268],[-77.931,-1.2246],[-77.9364,-1.2285],[-77.9446,-1.223],[-77.9435,-1.2124],[-77.9453,-1.2061],[-77.9514,-1.2056],[-77.9586,-1.2106],[-77.9634,-1.2115],[-77.9665,-1.2242]]]},"properties":{"poblacion":3565,"dpa_descan":"SANTA CLARA","dpa_provin":"16","dpa_despro":"PASTAZA","dpa_canton":"1603"}},
{"type":"Feature","geometry":{"type":"Polygon","coordinates":[[[-77.707,-1.4147],[-77.7057,-1.4237],[-77.7073,-1.4329],[-77.7141,-1.4393],[-77.7159,-1.4453],[-77.72,-1.4488],[-77.7183,-1.4554],[-77.7156,-1.4557],[-77.7185,-1.4668],[-77.7162,-1.4704],[-77.7029,-1.4783],[-77.7025,-1.4735],[-77.6935,-1.471],[-77.6854,-1.4631],[-77.6803,-1.4644],[-77.6764,-1.4699],[-77.6678,-1.4675],[-77.6612,-1.4719],[-77.6602,-1.4751],[-77.6565,-1.4716],[-77.6542,-1.4765],[-77.6489,-1.4759],[-77.6486,-1.4696],[-77.6364,-1.4776],[-77.6264,-1.4749],[-77.6238,-1.4785],[-77.6165,-1.4786],[-77.6079,-1.4811],[-77.6085,-1.4782],[-77.598,-1.4811],[-77.5936,-1.4852],[-77.5901,-1.4845],[-77.5867,-1.4886],[-77.5821,-1.4871],[-77.5753,-1.4886],[-77.5746,-1.4937],[-77.5649,-1.4938],[-77.5613,-1.4895],[-77.5536,-1.4875],[-77.5519,-1.4919],[-77.5455,-1.4877],[-77.5397,-1.496],[-77.5341,-1.4955],[-77.529,-1.4915],[-77.523,-1.4961],[-77.5197,-1.4955],[-77.5146,-1.5023],[-77.5095,-1.5033],[-77.5082,-1.508],[-77.5021,-1.5048],[-77.4927,-1.5075],[-77.4847,-1.5059],[-77.4802,-1.4957],[-77.4666,-1.4832],[-77.4617,-1.483],[-77.462,-1.4867],[-77.4576,-1.4954],[-77.4514,-1.4912],[-77.4488,-1.4966],[-77.4454,-1.4919],[-77.4403,-1.4921],[-77.4394,-1.4884],[-77.4282,-1.4938],[-77.4251,-1.4909],[-77.4194,-1.4961],[-77.4156,-1.492],[-77.41,-1.4959],[-77.4122,-1.5001],[-77.406,-1.5036],[-77.4003,-1.5015],[-77.396,-1.503],[-77.3928,-1.4961],[-77.3899,-1.5029],[-77.3831,-1.5009],[-77.3843,-1.5076],[-77.3795,-1.5112],[-77.3741,-1.5049],[-77.3719,-1.5093],[-77.3643,-1.5131],[-77.3602,-1.5104],[-77.357,-1.5141],[-77.343,-1.5126],[-77.3454,-1.5087],[-77.3412,-1.5081],[-77.3384,-1.5013],[-77.3305,-1.5007],[-77.3332,-1.4956],[-77.3254,-1.4979],[-77.3223,-1.5064],[-77.3168,-1.5081],[-77.3097,-1.513],[-77.3047,-1.5127],[-77.3012,-1.5167],[-77.2959,-1.5101],[-77.2909,-1.5148],[-77.2878,-1.5089],[-77.2795,-1.5026],[-77.2757,-1.5043],[-77.2689,-1.5016],[-77.2726,-1.4956],[-77.2664,-1.4977],[-77.265,-1.4939],[-77.2569,-1.4922],[-77.2564,-1.4867],[-77.2515,-1.4848],[-77.2443,-1.4733],[-77.2435,-1.4821],[-77.2383,-1.4809],[-77.2418,-1.4771],[-77.2353,-1.4739],[-77.2327,-1.4779],[-77.2275,-1.4751],[-77.2257,-1.4782],[-77.2203,-1.4768],[-77.2183,-1.4815],[-77.2106,-1.4832],[-77.2063,-1.4817],[-77.198,-1.4841],[-77.1936,-1.4798],[-77.1948,-1.474],[-77.1848,-1.4788],[-77.1771,-1.4738],[-77.1701,-1.4722],[-77.1653,-1.479],[-77.1608,-1.4712],[-77.1578,-1.4701],[-77.1542,-1.4583],[-77.1509,-1.4548],[-77.1431,-1.4549],[-77.1459,-1.4512],[-77.1406,-1.4505],[-77.1387,-1.4473],[-77.1325,-1.4486],[-77.1245,-1.4418],[-77.1196,-1.4487],[-77.1163,-1.4443],[-77.1167,-1.4399],[-77.1091,-1.4412],[-77.1015,-1.4361],[-77.0966,-1.4383],[-77.0857,-1.4372],[-77.0866,-1.4406],[-77.0822,-1.4412],[-77.0753,-1.4384],[-77.0757,-1.4323],[-77.0638,-1.4174],[-77.0575,-1.4203],[-77.054,-1.4132],[-77.0465,-1.4219],[-77.0411,-1.4203],[-77.0403,-1.4147],[-77.0373,-1.4182],[-77.0391,-1.4239],[-77.0327,-1.4173],[-77.0246,-1.4177],[-77.0219,-1.4141],[-77.0124,-1.4078],[-77.0096,-1.4115],[-77.0067,-1.4063],[-76.9958,-1.4011],[-76.9901,-1.4041],[-76.9807,-1.3992],[-76.9757,-1.4016],[-76.9686,-1.4012],[-76.9654,-1.3972],[-76.9592,-1.395],[-76.9555,-1.3966],[-76.9491,-1.3937],[-76.9554,-1.3884],[-76.9501,-1.3879],[-76.9517,-1.3829],[-76.9471,-1.3815],[-76.9426,-1.3851],[-76.9398,-1.3796],[-76.9441,-1.3725],[-76.9361,-1.3737],[-76.9268,-1.3875],[-76.9235,-1.3899],[-76.9075,-1.3904],[-76.9033,-1.3927],[-76.8975,-1.3996],[-76.894,-1.4084],[-76.8893,-1.4113],[-76.8787,-1.4095],[-76.8737,-1.4054],[-76.8686,-1.4071],[-76.8709,-1.4178],[-76.8638,-1.4209],[-76.8588,-1.4134],[-76.8548,-1.4237],[-76.85,-1.4268],[-76.8288,-1.426],[-76.8261,-1.4206],[-76.822,-1.4248],[-76.8158,-1.4267],[-76.8058,-1.426],[-76.8064,-1.4332],[-76.8125,-1.4371],[-76.8091,-1.44],[-76.8019,-1.4363],[-76.7998,-1.4188],[-76.795,-1.4212],[-76.7981,-1.4289],[-76.7961,-1.4328],[-76.7859,-1.437],[-76.7745,-1.4356],[-76.7687,-1.4429],[-76.7648,-1.4408],[-76.7627,-1.4298],[-76.7571,-1.4321],[-76.7576,-1.441],[-76.7499,-1.4414],[-76.7474,-1.4304],[-76.7441,-1.4301],[-76.745,-1.4387],[-76.7426,-1.4463],[-76.7358,-1.4486],[-76.7315,-1.4424],[-76.7343,-1.435],[-76.7295,-1.4326],[-76.7258,-1.4372],[-76.7251,-1.4451],[-76.7183,-1.4466],[-76.7177,-1.4408],[-76.7136,-1.4424],[-76.7153,-1.4551],[-76.7106,-1.4566],[-76.708,-1.4498],[-76.7091,-1.4406],[-76.7026,-1.4378],[-76.702,-1.4482],[-76.6989,-1.4517],[-76.6903,-1.4556],[-76.6943,-1.462],[-76.6898,-1.4626],[-76.684,-1.456],[-76.6792,-1.4552],[-76.6785,-1.459],[-76.6821,-1.4673],[-76.6801,-1.4725],[-76.6763,-1.4737],[-76.6712,-1.471],[-76.6641,-1.474],[-76.6561,-1.4742],[-76.6526,-1.4686],[-76.6488,-1.4743],[-76.6537,-1.482],[-76.634,-1.4899],[-76.6295,-1.4846],[-76.6258,-1.4854],[-76.626,-1.4986],[-76.6211,-1.5002],[-76.6145,-1.4951],[-76.6102,-1.5013],[-76.6055,-1.501],[-76.6009,-1.5041],[-76.5999,-1.5099],[-76.5963,-1.5163],[-76.5925,-1.515],[-76.5938,-1.5068],[-76.598,-1.4998],[-76.5957,-1.4943],[-76.5861,-1.4969],[-76.578,-1.4953],[-76.5761,-1.502],[-76.5716,-1.5028],[-76.5685,-1.499],[-76.5653,-1.5027],[-76.5678,-1.5078],[-76.5646,-1.5118],[-76.5549,-1.5061],[-76.5428,-1.51],[-76.5433,-1.5199],[-76.5393,-1.5219],[-76.5382,-1.5263],[-76.5334,-1.5273],[-76.5298,-1.5323],[-76.5229,-1.5336],[-76.5107,-1.542],[-76.5091,-1.5469],[-76.5054,-1.5452],[-76.5023,-1.5376],[-76.4989,-1.5371],[-76.496,-1.5412],[-76.4993,-1.5476],[-76.4951,-1.5512],[-76.4915,-1.5403],[-76.4888,-1.5379],[-76.4817,-1.5419],[-76.4823,-1.5493],[-76.4728,-1.5508],[-76.4706,-1.5558],[-76.4571,-1.5587],[-76.4487,-1.5559],[-76.4437,-1.5602],[-76.4501,-1.5646],[-76.4505,-1.5681],[-76.4463,-1.5703],[-76.4315,-1.5578],[-76.4251,-1.5616],[-76.4242,-1.5695],[-76.4179,-1.57],[-76.4124,-1.5641],[-76.4079,-1.5638],[-76.4046,-1.5553],[-76.402,-1.5584],[-76.4001,-1.5692],[-76.3934,-1.5696],[-76.3911,-1.5763],[-76.3946,-1.5824],[-76.391,-1.5831],[-76.3861,-1.5779],[-76.376,-1.5746],[-76.3676,-1.576],[-76.3647,-1.571],[-76.361,-1.571],[-76.3555,-1.5757],[-76.3519,-1.5731],[-76.3491,-1.5658],[-76.346,-1.5654],[-76.3436,-1.5704],[-76.344,-1.5793],[-76.3416,-1.5823],[-76.3312,-1.5848],[-76.3249,-1.5809],[-76.3182,-1.5808],[-76.3125,-1.5711],[-76.3131,-1.5801],[-76.3179,-1.5838],[-76.3166,-1.5885],[-76.3122,-1.5904],[-76.31,-1.597],[-76.3075,-1.5966],[-76.3057,-1.5898],[-76.2995,-1.5922],[-76.2931,-1.5888],[-76.2906,-1.5919],[-76.2941,-1.5971],[-76.2931,-1.6052],[-76.285,-1.6053],[-76.2844,-1.6089],[-76.293,-1.6152],[-76.2947,-1.6238],[-76.2849,-1.6222],[-76.2819,-1.6284],[-76.2762,-1.6301],[-76.274,-1.6259],[-76.2675,-1.6283],[-76.2638,-1.625],[-76.2521,-1.622],[-76.2478,-1.6265],[-76.2482,-1.6301],[-76.2437,-1.6287],[-76.2413,-1.6197],[-76.2345,-1.6173],[-76.2307,-1.6242],[-76.2369,-1.6343],[-76.2307,-1.6357],[-76.2253,-1.6316],[-76.2209,-1.6336],[-76.2195,-1.6396],[-76.2098,-1.6412],[-76.201,-1.6382],[-76.202,-1.6306],[-76.2101,-1.6246],[-76.2085,-1.6195],[-76.2042,-1.616],[-76.1973,-1.6174],[-76.1929,-1.6206],[-76.1897,-1.6194],[-76.19,-1.613],[-76.1856,-1.6146],[-76.1792,-1.6255],[-76.1825,-1.6309],[-76.1744,-1.6342],[-76.1763,-1.6375],[-76.1841,-1.6366],[-76.1944,-1.6406],[-76.1917,-1.6483],[-76.1836,-1.6498],[-76.1809,-1.6536],[-76.1748,-1.6524],[-76.1702,-1.6565],[-76.163,-1.6595],[-76.1613,-1.6573],[-76.1633,-1.6473],[-76.1564,-1.6477],[-76.1516,-1.6516],[-76.1507,-1.6562],[-76.1537,-1.668],[-76.1604,-1.6769],[-76.1567,-1.6829],[-76.1458,-1.6827],[-76.1315,-1.6856],[-76.1289,-1.6902],[-76.1335,-1.6976],[-76.1238,-1.7035],[-76.1181,-1.7022],[-76.1126,-1.6936],[-76.117,-1.6888],[-76.1201,-1.6788],[-76.134,-1.6625],[-76.1453,-1.6568],[-76.139,-1.6524],[-76.118,-1.6457],[-76.1107,-1.6458],[-76.1061,-1.6383],[-76.1,-1.6434],[-76.1004,-1.6507],[-76.0882,-1.6492],[-76.0871,-1.6431],[-76.0757,-1.6455],[-76.0686,-1.6428],[-76.0643,-1.6438],[-76.0635,-1.6481],[-76.059,-1.6495],[-76.0586,-1.6443],[-76.0497,-1.6447],[-76.0436,-1.6297],[-76.0366,-1.6218],[-76.0309,-1.62],[-76.0234,-1.6212],[-76.0214,-1.6173],[-76.0109,-1.6157],[-76.0084,-1.6067],[-76.0005,-1.607],[-75.9874,-1.6048],[-75.9811,-1.6068],[-75.9795,-1.61],[-75.9831,-1.6143],[-75.9794,-1.6182],[-75.9684,-1.6191],[-75.9661,-1.6255],[-75.9607,-1.6313],[-75.9613,-1.6341],[-75.9685,-1.6367],[-75.9682,-1.64],[-75.9631,-1.6429],[-75.9647,-1.6509],[-75.9575,-1.6541],[-75.9515,-1.6503],[-75.934,-1.6609],[-75.9339,-1.6655],[-75.93,-1.6664],[-75.9261,-1.6591],[-75.9247,-1.6635],[-75.9234,-1.6797],[-75.9165,-1.6817],[-75.9156,-1.6774],[-75.9209,-1.6642],[-75.9149,-1.6635],[-75.91,-1.6722],[-75.8967,-1.6728],[-75.8932,-1.6667],[-75.8898,-1.6735],[-75.8846,-1.668],[-75.873,-1.6665],[-75.8655,-1.6531],[-75.8653,-1.6474],[-75.8583,-1.6462],[-75.8549,-1.6357],[-75.8459,-1.6391],[-75.8426,-1.6328],[-75.8384,-1.6367],[-75.8436,-1.6457],[-75.8373,-1.6463],[-75.8316,-1.643],[-75.8301,-1.6356],[-75.8367,-1.6285],[-75.8337,-1.6218],[-75.8259,-1.6222],[-75.8219,-1.6148],[-75.8191,-1.6165],[-75.8233,-1.6248],[-75.8214,-1.6285],[-75.8172,-1.6278],[-75.8123,-1.6216],[-75.8085,-1.6097],[-75.8055,-1.6109],[-75.8046,-1.6177],[-75.7967,-1.6204],[-75.7972,-1.624],[-75.8089,-1.6196],[-75.8098,-1.6279],[-75.8034,-1.6341],[-75.8038,-1.638],[-75.8136,-1.6358],[-75.8143,-1.6395],[-75.8093,-1.6485],[-75.7996,-1.6558],[-75.7925,-1.6577],[-75.7765,-1.6564],[-75.7715,-1.6514],[-75.7729,-1.6472],[-75.7793,-1.6418],[-75.7737,-1.6378],[-75.7674,-1.6427],[-75.7692,-1.6545],[-75.7644,-1.6556],[-75.7574,-1.6452],[-75.752,-1.6426],[-75.7464,-1.6464],[-75.7411,-1.6423],[-75.7468,-1.6372],[-75.7544,-1.6336],[-75.7464,-1.632],[-75.7377,-1.6397],[-75.7334,-1.6376],[-75.735,-1.6291],[-75.7248,-1.6201],[-75.7174,-1.6258],[-75.7126,-1.623],[-75.7147,-1.6162],[-75.706,-1.6152],[-75.6986,-1.6106],[-75.693,-1.6096],[-75.6916,-1.6064],[-75.6948,-1.5991],[-75.6882,-1.5951],[-75.6938,-1.585],[-75.6866,-1.5839],[-75.6815,-1.5854],[-75.6756,-1.5839],[-75.6673,-1.5968],[-75.6612,-1.5956],[-75.6633,-1.5866],[-75.6512,-1.5902],[-75.6408,-1.5872],[-75.6381,-1.5887],[-75.6368,-1.5983],[-75.6303,-1.5979],[-75.6317,-1.587],[-75.6284,-1.5857],[-75.6212,-1.5896],[-75.6166,-1.5889],[-75.5852,-1.5494],[-75.5804,-1.547],[-75.5881,-1.5475],[-75.5952,-1.5421],[-75.597,-1.5366],[-75.5897,-1.5304],[-75.5949,-1.5248],[-75.5927,-1.5179],[-75.5886,-1.5136],[-75.5896,-1.5094],[-75.5924,-1.5152],[-75.5954,-1.5136],[-75.5953,-1.5077],[-75.6045,-1.4954],[-75.6085,-1.4936],[-75.6147,-1.5017],[-75.6162,-1.4958],[-75.6233,-1.5011],[-75.6315,-1.5011],[-75.6349,-1.4968],[-75.6315,-1.4925],[-75.6403,-1.4953],[-75.6422,-1.494],[-75.6368,-1.4843],[-75.6414,-1.4851],[-75.6498,-1.4921],[-75.6527,-1.4885],[-75.6489,-1.4869],[-75.6512,-1.4815],[-75.6498,-1.4756],[-75.6598,-1.4766],[-75.6607,-1.4854],[-75.6637,-1.4873],[-75.6665,-1.4793],[-75.6722,-1.4744],[-75.6749,-1.4686],[-75.685,-1.47],[-75.6914,-1.4661],[-75.7002,-1.4658],[-75.7018,-1.4624],[-75.6991,-1.4506],[-75.7015,-1.4483],[-75.7114,-1.4561],[-75.7152,-1.4648],[-75.7198,-1.4632],[-75.7212,-1.457],[-75.7161,-1.4505],[-75.7238,-1.446],[-75.7282,-1.4401],[-75.7377,-1.4388],[-75.7398,-1.4368],[-75.7381,-1.4268],[-75.7393,-1.4187],[-75.7435,-1.4169],[-75.749,-1.4234],[-75.752,-1.4203],[-75.7456,-1.4142],[-75.7453,-1.4113],[-75.752,-1.4056],[-75.7591,-1.4049],[-75.7567,-1.4095],[-75.7602,-1.4159],[-75.7631,-1.4124],[-75.7718,-1.4074],[-75.7756,-1.3976],[-75.7804,-1.3971],[-75.7858,-1.4056],[-75.7974,-1.4054],[-75.8137,-1.3973],[-75.8124,-1.3942],[-75.8028,-1.3932],[-75.8033,-1.391],[-75.8135,-1.3905],[-75.8233,-1.385],[-75.827,-1.39],[-75.8368,-1.3917],[-75.8317,-1.3849],[-75.8315,-1.3813],[-75.8431,-1.3749],[-75.8445,-1.3676],[-75.8407,-1.3637],[-75.8467,-1.3561],[-75.8504,-1.3607],[-75.8552,-1.3622],[-75.8581,-1.3591],[-75.868,-1.3573],[-75.8736,-1.3584],[-75.8806,-1.3567],[-75.8821,-1.3416],[-75.8765,-1.3346],[-75.8835,-1.3367],[-75.8874,-1.3418],[-75.8976,-1.3354],[-75.899,-1.3382],[-75.894,-1.3436],[-75.8929,-1.3494],[-75.9017,-1.3544],[-75.9056,-1.353],[-75.9112,-1.3604],[-75.9183,-1.3599],[-75.9164,-1.3497],[-75.9197,-1.353],[-75.9239,-1.352],[-75.9259,-1.3565],[-75.9326,-1.3621],[-75.9382,-1.3596],[-75.9379,-1.3526],[-75.9412,-1.3523],[-75.9491,-1.3577],[-75.9568,-1.354],[-75.9587,-1.3473],[-75.9682,-1.3472],[-75.9684,-1.3427],[-75.9735,-1.3384],[-75.9722,-1.3329],[-75.9764,-1.3327],[-75.9799,-1.3367],[-75.9835,-1.3352],[-75.9857,-1.3395],[-75.9929,-1.3386],[-75.9975,-1.3341],[-75.9928,-1.3314],[-75.9958,-1.3283],[-75.9954,-1.3214],[-76.0022,-1.3115],[-76.009,-1.3147],[-76.0116,-1.307],[-76.0164,-1.3097],[-76.0243,-1.3092],[-76.0236,-1.3144],[-76.0273,-1.3155],[-76.0284,-1.31],[-76.0339,-1.311],[-76.0363,-1.3146],[-76.0397,-1.3103],[-76.0404,-1.3045],[-76.0447,-1.3054],[-76.0448,-1.298],[-76.05,-1.2971],[-76.0574,-1.3006],[-76.0543,-1.3047],[-76.0575,-1.3078],[-76.0643,-1.3052],[-76.0627,-1.2952],[-76.0575,-1.2881],[-76.0585,-1.2848],[-76.0649,-1.2882],[-76.0678,-1.2863],[-76.0636,-1.2806],[-76.0661,-1.2781],[-76.0729,-1.2814],[-76.0758,-1.2919],[-76.0822,-1.2964],[-76.0887,-1.2904],[-76.0879,-1.2855],[-76.0905,-1.2812],[-76.0973,-1.279],[-76.1011,-1.2817],[-76.1114,-1.2783],[-76.1135,-1.2725],[-76.123,-1.2757],[-76.1268,-1.285],[-76.13,-1.2832],[-76.1304,-1.2773],[-76.1368,-1.2759],[-76.1397,-1.285],[-76.1464,-1.2898],[-76.1476,-1.2834],[-76.1517,-1.2848],[-76.1529,-1.2947],[-76.1575,-1.3005],[-76.1636,-1.3011],[-76.1658,-1.2951],[-76.1698,-1.2946],[-76.1764,-1.3],[-76.1783,-1.2883],[-76.1855,-1.289],[-76.188,-1.2866],[-76.1941,-1.2951],[-76.1988,-1.2943],[-76.2019,-1.2979],[-76.2107,-1.297],[-76.2175,-1.2885],[-76.2213,-1.2863],[-76.2257,-1.2913],[-76.225,-1.2961],[-76.2294,-1.2954],[-76.2373,-1.301],[-76.242,-1.2963],[-76.2448,-1.2875],[-76.249,-1.2887],[-76.2505,-1.3043],[-76.2537,-1.3067],[-76.257,-1.3013],[-76.265,-1.2964],[-76.2715,-1.2962],[-76.2663,-1.3027],[-76.268,-1.3064],[-76.2759,-1.3048],[-76.285,-1.309],[-76.2867,-1.3115],[-76.2834,-1.3158],[-76.2876,-1.3202],[-76.2928,-1.3041],[-76.295,-1.3096],[-76.3046,-1.3066],[-76.3097,-1.2994],[-76.3108,-1.3069],[-76.3189,-1.3031],[-76.3297,-1.3058],[-76.3357,-1.3011],[-76.3427,-1.3008],[-76.3417,-1.2972],[-76.3506,-1.2913],[-76.3658,-1.2945],[-76.3663,-1.2874],[-76.3562,-1.2831],[-76.3578,-1.2799],[-76.3652,-1.2771],[-76.3693,-1.2822],[-76.3714,-1.2801],[-76.3656,-1.2736],[-76.3652,-1.2704],[-76.3715,-1.2674],[-76.3729,-1.2703],[-76.3683,-1.2731],[-76.3737,-1.274],[-76.3795,-1.2697],[-76.3866,-1.271],[-76.392,-1.2669],[-76.3922,-1.2616],[-76.3963,-1.2537],[-76.4081,-1.2596],[-76.4157,-1.2706],[-76.4201,-1.2716],[-76.4297,-1.2663],[-76.4327,-1.2579],[-76.4393,-1.2595],[-76.4367,-1.2657],[-76.4512,-1.2716],[-76.4506,-1.2643],[-76.4558,-1.2611],[-76.4576,-1.257],[-76.4507,-1.2596],[-76.4485,-1.2531],[-76.4516,-1.2503],[-76.4558,-1.253],[-76.4599,-1.2488],[-76.4657,-1.2626],[-76.4663,-1.2585],[-76.4755,-1.2531],[-76.4721,-1.2478],[-76.4823,-1.249],[-76.4827,-1.2448],[-76.4769,-1.2447],[-76.4765,-1.2375],[-76.4846,-1.2361],[-76.4851,-1.23],[-76.4921,-1.2244],[-76.4895,-1.22],[-76.4971,-1.2203],[-76.4998,-1.2143],[-76.5015,-1.2193],[-76.5032,-1.2116],[-76.5082,-1.2075],[-76.5117,-1.2114],[-76.5149,-1.2072],[-76.5189,-1.209],[-76.5184,-1.2026],[-76.5149,-1.1989],[-76.5219,-1.2001],[-76.5211,-1.1951],[-76.5272,-1.1964],[-76.5298,-1.1917],[-76.5265,-1.1812],[-76.5198,-1.1857],[-76.5232,-1.1811],[-76.5208,-1.1759],[-76.5242,-1.1767],[-76.5263,-1.1688],[-76.5288,-1.1672],[-76.5253,-1.1631],[-76.5281,-1.1614],[-76.5248,-1.1488],[-76.5201,-1.1462],[-76.5241,-1.1419],[-76.5207,-1.127],[-76.5163,-1.12],[-76.5224,-1.119],[-76.5213,-1.1139],[-76.5244,-1.1068],[-76.5178,-1.1044],[-76.5142,-1.093],[-76.5182,-1.0865],[-76.5165,-1.0827],[-76.5196,-1.0794],[-76.5153,-1.0758],[-76.514,-1.0699],[-76.5234,-1.0573],[-76.527,-1.0592],[-76.5272,-1.0544],[-76.533,-1.0518],[-76.5446,-1.0635],[-76.548,-1.0685],[-76.5631,-1.0608],[-76.5755,-1.0626],[-76.5853,-1.0673],[-76.5969,-1.0686],[-76.5988,-1.0708],[-76.6124,-1.07],[-76.6146,-1.065],[-76.6196,-1.0665],[-76.6261,-1.0631],[-76.6316,-1.0632],[-76.6332,-1.0596],[-76.6406,-1.0614],[-76.6493,-1.0608],[-76.653,-1.0568],[-76.6669,-1.0679],[-76.676,-1.0695],[-76.6788,-1.0681],[-76.6865,-1.0771],[-76.6933,-1.0778],[-76.7087,-1.0825],[-76.7141,-1.0812],[-76.7202,-1.0829],[-76.7192,-1.0862],[-76.723,-1.0992],[-76.7268,-1.1053],[-76.7322,-1.1014],[-76.7395,-1.1014],[-76.7425,-1.0981],[-76.749,-1.1004],[-76.7515,-1.0943],[-76.7554,-1.0988],[-76.7609,-1.0959],[-76.7623,-1.0988],[-76.7736,-1.0908],[-76.7755,-1.0961],[-76.7877,-1.0965],[-76.7931,-1.1003],[-76.7962,-1.1055],[-76.8033,-1.1108],[-76.812,-1.1111],[-76.8173,-1.1085],[-76.8236,-1.1119],[-76.8292,-1.11],[-76.8317,-1.1258],[-76.8339,-1.1324],[-76.8296,-1.1421],[-76.8329,-1.15],[-76.8314,-1.1584],[-76.8471,-1.1576],[-76.8501,-1.1618],[-76.8577,-1.162],[-76.8631,-1.1572],[-76.868,-1.1571],[-76.8736,-1.1512],[-76.8785,-1.1508],[-76.876,-1.1473],[-76.8848,-1.1428],[-76.8872,-1.137],[-76.891,-1.1375],[-76.8907,-1.1317],[-76.8978,-1.1298],[-76.897,-1.1267],[-76.9053,-1.1278],[-76.9166,-1.125],[-76.9208,-1.1189],[-76.9246,-1.1238],[-76.9449,-1.1202],[-76.9549,-1.1215],[-76.9559,-1.1161],[-76.9603,-1.1181],[-76.9618,-1.1147],[-76.9692,-1.1109],[-76.9696,-1.1065],[-76.975,-1.1034],[-76.9815,-1.1056],[-76.9869,-1.098],[-76.9918,-1.096],[-77.0028,-1.0986],[-77.0063,-1.0951],[-77.0166,-1.0973],[-77.0313,-1.0968],[-77.033,-1.101],[-77.0512,-1.0944],[-77.0593,-1.0878],[-77.0685,-1.0847],[-77.0673,-1.0775],[-77.076,-1.0677],[-77.0747,-1.055],[-77.0821,-1.052],[-77.0877,-1.045],[-77.0876,-1.0383],[-77.0918,-1.0361],[-77.0913,-1.0238],[-77.079,-1.0223],[-77.0691,-1.0189],[-77.0613,-1.0082],[-77.062,-1.0041],[-77.0667,-1.004],[-77.0796,-1.0115],[-77.0811,-1.0144],[-77.096,-1.0112],[-77.0987,-1.0137],[-77.1042,-1.0083],[-77.1104,-1.0084],[-77.1227,-1.0144],[-77.1274,-1.0106],[-77.1363,-1.0182],[-77.1418,-1.02],[-77.1486,-1.0177],[-77.1541,-1.0212],[-77.1658,-1.0178],[-77.1672,-1.0206],[-77.1731,-1.0169],[-77.1818,-1.0223],[-77.1923,-1.0214],[-77.1977,-1.0252],[-77.2041,-1.0258],[-77.2076,-1.0236],[-77.2138,-1.0257],[-77.225,-1.0245],[-77.2295,-1.0264],[-77.2303,-1.0416],[-77.2338,-1.0456],[-77.2353,-1.0525],[-77.2414,-1.0537],[-77.245,-1.0575],[-77.248,-1.0552],[-77.2594,-1.0528],[-77.2683,-1.0572],[-77.2886,-1.0591],[-77.2917,-1.0581],[-77.2998,-1.0611],[-77.3044,-1.0653],[-77.3092,-1.0652],[-77.3166,-1.0707],[-77.326,-1.0721],[-77.3349,-1.0679],[-77.3512,-1.0717],[-77.3516,-1.102],[-77.3542,-1.0992],[-77.3631,-1.1004],[-77.3681,-1.0907],[-77.3703,-1.0954],[-77.3748,-1.0911],[-77.3838,-1.0943],[-77.3897,-1.0891],[-77.391,-1.0839],[-77.4021,-1.0902],[-77.4018,-1.082],[-77.4056,-1.0797],[-77.4142,-1.0842],[-77.4218,-1.0831],[-77.4289,-1.08],[-77.4359,-1.0848],[-77.4408,-1.0781],[-77.4513,-1.0776],[-77.4523,-1.0829],[-77.4498,-1.0898],[-77.4448,-1.0919],[-77.4512,-1.0974],[-77.4534,-1.095],[-77.4567,-1.1001],[-77.4687,-1.1019],[-77.4709,-1.1039],[-77.4756,-1.1026],[-77.4809,-1.1058],[-77.4849,-1.105],[-77.489,-1.1106],[-77.5014,-1.115],[-77.5019,-1.1188],[-77.5061,-1.1209],[-77.5149,-1.1198],[-77.5227,-1.1224],[-77.5272,-1.1278],[-77.5383,-1.1344],[-77.5498,-1.1506],[-77.5539,-1.1505],[-77.5555,-1.1555],[-77.5606,-1.1588],[-77.5687,-1.1544],[-77.568,-1.1526],[-77.5806,-1.1429],[-77.5834,-1.1378],[-77.5944,-1.1261],[-77.6015,-1.13],[-77.6035,-1.1376],[-77.6114,-1.1376],[-77.6141,-1.1477],[-77.6254,-1.1429],[-77.638,-1.1457],[-77.6435,-1.1407],[-77.6466,-1.1348],[-77.6534,-1.1333],[-77.6593,-1.1371],[-77.6605,-1.1425],[-77.6658,-1.1479],[-77.6709,-1.1489],[-77.6696,-1.1451],[-77.6793,-1.1423],[-77.6858,-1.1379],[-77.69,-1.1417],[-77.6953,-1.1425],[-77.7142,-1.1729],[-77.7221,-1.1779],[-77.7303,-1.1763],[-77.7318,-1.1659],[-77.7377,-1.1692],[-77.7364,-1.174],[-77.7392,-1.1817],[-77.7423,-1.1839],[-77.7421,-1.1986],[-77.7458,-1.2038],[-77.7494,-1.2047],[-77.7496,-1.2105],[-77.7534,-1.2219],[-77.7559,-1.222],[-77.759,-1.2298],[-77.7714,-1.2413],[-77.7791,-1.2449],[-77.7808,-1.2481],[-77.7897,-1.2549],[-77.7893,-1.2769],[-77.7902,-1.2816],[-77.797,-1.2888],[-77.8003,-1.3001],[-77.8018,-1.3117],[-77.8035,-1.3129],[-77.8054,-1.3223],[-77.7993,-1.3246],[-77.795,-1.334],[-77.7959,-1.3406],[-77.7874,-1.3442],[-77.7838,-1.3522],[-77.7807,-1.3535],[-77.7802,-1.3609],[-77.7763,-1.3636],[-77.7657,-1.3629],[-77.7618,-1.3535],[-77.7547,-1.3469],[-77.7549,-1.3435],[-77.7341,-1.3406],[-77.7307,-1.3512],[-77.7336,-1.3629],[-77.7336,-1.3696],[-77.7228,-1.3829],[-77.7261,-1.3908],[-77.7214,-1.3962],[-77.7238,-1.3972],[-77.7209,-1.4031],[-77.7171,-1.4019],[-77.7103,-1.4127],[-77.707,-1.4147]]]},"properties":{"poblacion":6491,"dpa_descan":"ARAJUNO","dpa_provin":"16","dpa_despro":"PASTAZA","dpa_canton":"1604"}},
{"type":"Feature","geometry":{"type":"Polygon","coordinates":[[[-80.1959,-1.4591],[-80.1952,-1.4538],[-80.1978,-1.4476],[-80.1954,-1.4443],[-80.1974,-1.4396],[-80.1925,-1.4346],[-80.1953,-1.4218],[-80.1845,-1.4205],[-80.1817,-1.4164],[-80.1759,-1.4212],[-80.1713,-1.4195],[-80.171,-1.4089],[-80.1667,-1.406],[-80.1624,-1.4077],[-80.1566,-1.4062],[-80.1454,-1.4061],[-80.1445,-1.3919],[-80.142,-1.3808],[-80.1527,-1.3649],[-80.1468,-1.3439],[-80.145,-1.3341],[-80.1375,-1.3241],[-80.1097,-1.3227],[-80.102,-1.3286],[-80.0985,-1.3264],[-80.1015,-1.3216],[-80.1032,-1.3111],[-80.1058,-1.3092],[-80.1083,-1.305],[-80.1142,-1.3011],[-80.1231,-1.3021],[-80.1236,-1.295],[-80.1282,-1.2905],[-80.1351,-1.2918],[-80.1419,-1.2957],[-80.1511,-1.3058],[-80.1614,-1.3038],[-80.1675,-1.3063],[-80.1779,-1.3012],[-80.1818,-1.3015],[-80.1872,-1.2976],[-80.1963,-1.2984],[-80.2028,-1.2921],[-80.2141,-1.2966],[-80.2184,-1.2908],[-80.2183,-1.2841],[-80.2232,-1.2725],[-80.2275,-1.2741],[-80.2306,-1.2795],[-80.2412,-1.2766],[-80.249,-1.2858],[-80.2517,-1.2869],[-80.2634,-1.2867],[-80.2703,-1.2922],[-80.2745,-1.2913],[-80.2813,-1.2961],[-80.2845,-1.3026],[-80.2948,-1.3086],[-80.3005,-1.3095],[-80.3016,-1.3147],[-80.2982,-1.3228],[-80.288,-1.3287],[-80.2837,-1.333],[-80.2831,-1.3397],[-80.2795,-1.3459],[-80.2804,-1.3558],[-80.2828,-1.3589],[-80.2813,-1.3667],[-80.2757,-1.3743],[-80.2641,-1.3822],[-80.2693,-1.3936],[-80.2661,-1.4131],[-80.2758,-1.4136],[-80.2799,-1.423],[-80.2837,-1.4266],[-80.2751,-1.4291],[-80.274,-1.4338],[-80.2629,-1.4396],[-80.263,-1.4425],[-80.2564,-1.4454],[-80.2526,-1.4522],[-80.2455,-1.4547],[-80.2388,-1.4537],[-80.2263,-1.4544],[-80.2217,-1.458],[-80.2218,-1.4632],[-80.2189,-1.4698],[-80.2057,-1.4623],[-80.1959,-1.4591]]]},"properties":{"poblacion":9844,"dpa_descan":"OLMEDO","dpa_provin":"13","dpa_despro":"MANABI","dpa_canton":"1318"}},
{"type":"Feature","geometry":{"type":"Polygon","coordinates":[[[-78.6683,-1.1548],[-78.6731,-1.15],[-78.6741,-1.1454],[-78.6859,-1.1475],[-78.6892,-1.151],[-78.7049,-1.1505],[-78.7102,-1.1482],[-78.719,-1.1493],[-78.7259,-1.1472],[-78.7322,-1.14],[-78.7439,-1.1328],[-78.748,-1.1329],[-78.7545,-1.1373],[-78.7588,-1.1362],[-78.7718,-1.1401],[-78.7806,-1.1467],[-78.7895,-1.1433],[-78.7981,-1.1451],[-78.8202,-1.1452],[-78.8237,-1.1488],[-78.8236,-1.1556],[-78.8277,-1.162],[-78.8313,-1.1713],[-78.8393,-1.1783],[-78.854,-1.1825],[-78.8621,-1.1914],[-78.8693,-1.1974],[-78.8735,-1.2034],[-78.8808,-1.2084],[-78.8923,-1.2207],[-78.8933,-1.2237],[-78.8905,-1.2314],[-78.8939,-1.2409],[-78.8914,-1.2507],[-78.8816,-1.2589],[-78.8875,-1.2621],[-78.8872,-1.2682],[-78.8906,-1.2722],[-78.8932,-1.2839],[-78.9108,-1.3201],[-78.9153,-1.3269],[-78.9221,-1.3328],[-78.9212,-1.339],[-78.9274,-1.3488],[-78.9379,-1.3549],[-78.9379,-1.3601],[-78.9267,-1.375],[-78.931,-1.3829],[-78.9256,-1.3919],[-78.9271,-1.3977],[-78.9318,-1.4017],[-78.9238,-1.4072],[-78.9164,-1.41],[-78.913,-1.42],[-78.908,-1.4245],[-78.9092,-1.4296],[-78.9064,-1.4341],[-78.8951,-1.4444],[-78.8864,-1.4586],[-78.8789,-1.4625],[-78.8715,-1.4682],[-78.8564,-1.4714],[-78.8514,-1.4705],[-78.8403,-1.464],[-78.8342,-1.463],[-78.8315,-1.4579],[-78.8201,-1.4545],[-78.8152,-1.4506],[-78.8093,-1.4509],[-78.8043,-1.4433],[-78.7963,-1.4431],[-78.7814,-1.4323],[-78.7728,-1.4299],[-78.7687,-1.434],[-78.7664,-1.428],[-78.7621,-1.4274],[-78.7612,-1.4165],[-78.7562,-1.4078],[-78.7452,-1.4063],[-78.7402,-1.4014],[-78.7486,-1.4011],[-78.748,-1.3946],[-78.7423,-1.3925],[-78.7358,-1.3939],[-78.7288,-1.3896],[-78.723,-1.382],[-78.721,-1.3701],[-78.7159,-1.3653],[-78.7064,-1.3558],[-78.6997,-1.3478],[-78.6842,-1.3327],[-78.6772,-1.328],[-78.6722,-1.3222],[-78.6654,-1.3195],[-78.6615,-1.3229],[-78.6635,-1.3263],[-78.6539,-1.3379],[-78.6507,-1.3316],[-78.6445,-1.3253],[-78.6355,-1.3206],[-78.6391,-1.3407],[-78.6419,-1.3444],[-78.6353,-1.3445],[-78.6042,-1.3284],[-78.5963,-1.3243],[-78.5955,-1.3213],[-78.5909,-1.3066],[-78.5798,-1.3113],[-78.5762,-1.3078],[-78.5815,-1.3026],[-78.5799,-1.2968],[-78.5725,-1.292],[-78.5762,-1.2851],[-78.5709,-1.2795],[-78.5623,-1.2643],[-78.5575,-1.2585],[-78.5488,-1.2352],[-78.5416,-1.2319],[-78.5373,-1.2333],[-78.5379,-1.2232],[-78.5456,-1.2141],[-78.5546,-1.2137],[-78.5551,-1.2056],[-78.5603,-1.2066],[-78.5662,-1.1996],[-78.5629,-1.1932],[-78.5699,-1.1916],[-78.5746,-1.188],[-78.5718,-1.1831],[-78.5707,-1.1706],[-78.5745,-1.1645],[-78.5659,-1.1563],[-78.5662,-1.1516],[-78.5697,-1.1331],[-78.5642,-1.1308],[-78.5658,-1.123],[-78.5713,-1.1165],[-78.5694,-1.1271],[-78.5747,-1.1246],[-78.5799,-1.1252],[-78.5823,-1.1201],[-78.5899,-1.1195],[-78.5909,-1.1142],[-78.6073,-1.1152],[-78.6114,-1.1104],[-78.6153,-1.1121],[-78.6162,-1.117],[-78.6204,-1.1218],[-78.6327,-1.1308],[-78.6406,-1.1308],[-78.6521,-1.1384],[-78.6604,-1.1457],[-78.6653,-1.1541],[-78.6683,-1.1548]]]},"properties":{"poblacion":329856,"dpa_descan":"AMBATO","dpa_provin":"18","dpa_despro":"TUNGURAHUA","dpa_canton":"1801"}},
{"type":"Feature","geometry":{"type":"MultiPolygon","coordinates":[[[[-80.6831,-1.5438],[-80.684,-1.5368],[-80.6913,-1.5355],[-80.6971,-1.5274],[-80.7013,-1.5273],[-80.6969,-1.5224],[-80.7067,-1.5157],[-80.7026,-1.5084],[-80.7047,-1.5005],[-80.7082,-1.4955],[-80.708,-1.4895],[-80.7038,-1.4777],[-80.7053,-1.4666],[-80.6995,-1.4636],[-80.6978,-1.4591],[-80.689,-1.4468],[-80.6829,-1.4332],[-80.6841,-1.4294],[-80.6811,-1.4173],[-80.6862,-1.4162],[-80.6959,-1.4056],[-80.7055,-1.4032],[-80.7117,-1.398],[-80.7111,-1.3842],[-80.7159,-1.3804],[-80.7259,-1.3811],[-80.7343,-1.3837],[-80.7475,-1.3847],[-80.7489,-1.3875],[-80.7563,-1.3899],[-80.7577,-1.3932],[-80.7549,-1.4017],[-80.7517,-1.4204],[-80.7543,-1.4302],[-80.7611,-1.4328],[-80.7672,-1.4374],[-80.7644,-1.4481],[-80.7634,-1.4591],[-80.7655,-1.4711],[-80.7691,-1.4785],[-80.7753,-1.4836],[-80.78,-1.4847],[-80.7919,-1.479],[-80.7921,-1.4919],[-80.7953,-1.497],[-80.8035,-1.4955],[-80.809,-1.5096],[-80.8159,-1.5095],[-80.8178,-1.5206],[-80.8161,-1.5266],[-80.812,-1.5305],[-80.8113,-1.5363],[-80.811,-1.5509],[-80.8144,-1.5609],[-80.8195,-1.563],[-80.8344,-1.5606],[-80.8386,-1.5669],[-80.8423,-1.568],[-80.8407,-1.5727],[-80.8399,-1.5754],[-80.8431,-1.5902],[-80.8526,-1.6009],[-80.8446,-1.61],[-80.8466,-1.6174],[-80.8429,-1.624],[-80.8457,-1.626],[-80.8372,-1.6307],[-80.8319,-1.6384],[-80.8225,-1.6563],[-80.8183,-1.6694],[-80.8148,-1.6735],[-80.811,-1.6835],[-80.8126,-1.6925],[-80.8028,-1.7115],[-80.8002,-1.7118],[-80.7903,-1.7035],[-80.7888,-1.7005],[-80.7795,-1.6978],[-80.7756,-1.6912],[-80.7667,-1.6842],[-80.7644,-1.6849],[-80.7593,-1.6766],[-80.7542,-1.6766],[-80.7479,-1.6684],[-80.7434,-1.6779],[-80.7406,-1.6771],[-80.7285,-1.6864],[-80.7222,-1.6816],[-80.715,-1.6807],[-80.7138,-1.6764],[-80.7079,-1.6738],[-80.6923,-1.6715],[-80.6864,-1.6756],[-80.678,-1.6748],[-80.6756,-1.6692],[-80.6767,-1.6628],[-80.6715,-1.66],[-80.6697,-1.6553],[-80.6684,-1.6351],[-80.6693,-1.6277],[-80.6751,-1.6184],[-80.6729,-1.6101],[-80.6766,-1.6013],[-80.6779,-1.59],[-80.6819,-1.5836],[-80.6807,-1.5741],[-80.6772,-1.5715],[-80.6778,-1.5628],[-80.68,-1.5609],[-80.6779,-1.5521],[-80.6831,-1.5438]]],[[[-80.8676,-1.5918],[-80.8711,-1.5924],[-80.87,-1.5999],[-80.8657,-1.6022],[-80.8596,-1.5958],[-80.8676,-1.5918]]]]},"properties":{"poblacion":20451,"dpa_descan":"PUERTO LOPEZ","dpa_provin":"13","dpa_despro":"MANABI","dpa_canton":"1319"}},
{"type":"Feature","geometry":{"type":"Polygon","coordinates":[[[-80.0829,-0.2364],[-80.0923,-0.2366],[-80.1006,-0.2314],[-80.1048,-0.2197],[-80.1102,-0.2099],[-80.1078,-0.2031],[-80.1091,-0.1976],[-80.1051,-0.188],[-80.1099,-0.1792],[-80.1013,-0.1671],[-80.1009,-0.1609],[-80.1064,-0.1601],[-80.1076,-0.1559],[-80.1118,-0.1546],[-80.1135,-0.1498],[-80.1249,-0.1459],[-80.1259,-0.1373],[-80.1308,-0.1348],[-80.1313,-0.1303],[-80.1245,-0.1244],[-80.117,-0.1244],[-80.1099,-0.1175],[-80.1075,-0.1054],[-80.1034,-0.0995],[-80.1104,-0.0856],[-80.1122,-0.0774],[-80.1195,-0.0686],[-80.126,-0.0631],[-80.1381,-0.0662],[-80.1435,-0.0723],[-80.1492,-0.072],[-80.1542,-0.0665],[-80.16,-0.0673],[-80.1675,-0.0712],[-80.1708,-0.0707],[-80.1786,-0.0784],[-80.1853,-0.0884],[-80.2041,-0.1094],[-80.2344,-0.1388],[-80.2538,-0.1544],[-80.2628,-0.1636],[-80.2667,-0.1624],[-80.2734,-0.1704],[-80.2909,-0.1853],[-80.3022,-0.1889],[-80.3104,-0.1885],[-80.3193,-0.1806],[-80.3258,-0.1719],[-80.3321,-0.1871],[-80.3398,-0.2034],[-80.3457,-0.2101],[-80.3576,-0.2198],[-80.3736,-0.2271],[-80.3791,-0.2329],[-80.3835,-0.2418],[-80.3886,-0.2624],[-80.3921,-0.2732],[-80.3805,-0.2844],[-80.3767,-0.2839],[-80.3718,-0.288],[-80.3684,-0.2954],[-80.369,-0.3021],[-80.3664,-0.3064],[-80.3677,-0.3127],[-80.3638,-0.3228],[-80.3597,-0.3231],[-80.351,-0.334],[-80.3465,-0.3324],[-80.3424,-0.3365],[-80.3312,-0.3365],[-80.3246,-0.3345],[-80.3242,-0.3385],[-80.3165,-0.3453],[-80.3169,-0.3489],[-80.3106,-0.3582],[-80.3096,-0.3672],[-80.3046,-0.362],[-80.2959,-0.3565],[-80.2913,-0.3557],[-80.2898,-0.3486],[-80.2735,-0.3348],[-80.2616,-0.3359],[-80.2541,-0.3353],[-80.2503,-0.3324],[-80.2492,-0.3214],[-80.2445,-0.318],[-80.2357,-0.32],[-80.2316,-0.3244],[-80.2256,-0.3249],[-80.2196,-0.3181],[-80.2171,-0.3124],[-80.2104,-0.3096],[-80.2026,-0.3104],[-80.1926,-0.2989],[-80.1939,-0.293],[-80.2016,-0.2863],[-80.1992,-0.2834],[-80.1914,-0.2845],[-80.1805,-0.2786],[-80.1724,-0.2889],[-80.1662,-0.2893],[-80.1653,-0.2807],[-80.1607,-0.2844],[-80.1476,-0.278],[-80.1341,-0.266],[-80.1317,-0.2591],[-80.1235,-0.2612],[-80.119,-0.255],[-80.1091,-0.2555],[-80.1005,-0.2514],[-80.0902,-0.2529],[-80.0804,-0.2478],[-80.0829,-0.2364]]]},"properties":{"poblacion":23253,"dpa_descan":"JAMA","dpa_provin":"13","dpa_despro":"MANABI","dpa_canton":"1320"}},
{"type":"Feature","geometry":{"type":"Polygon","coordinates":[[[-80.6691,-0.9649],[-80.6761,-0.9827],[-80.6755,-0.991],[-80.6688,-0.993],[-80.6543,-0.9948],[-80.6499,-0.9885],[-80.6416,-0.995],[-80.6402,-0.9994],[-80.6298,-1.0008],[-80.621,-0.9946],[-80.6107,-1.0041],[-80.5975,-1.0057],[-80.593,-1.0138],[-80.581,-1.0202],[-80.5718,-1.0206],[-80.5683,-1.0177],[-80.5568,-1.0182],[-80.5431,-1.0145],[-80.5395,-1.0198],[-80.5345,-1.0168],[-80.5327,-1.0086],[-80.5422,-1.0052],[-80.5426,-0.9921],[-80.551,-0.9835],[-80.5574,-0.9668],[-80.5519,-0.9575],[-80.5577,-0.9535],[-80.5644,-0.9526],[-80.5644,-0.947],[-80.5694,-0.9443],[-80.5755,-0.9358],[-80.5835,-0.9336],[-80.5852,-0.9279],[-80.6,-0.9361],[-80.6177,-0.9442],[-80.6308,-0.9469],[-80.6507,-0.9407],[-80.6554,-0.9357],[-80.6542,-0.9293],[-80.6576,-0.9265],[-80.6639,-0.9283],[-80.6684,-0.9324],[-80.666,-0.9342],[-80.6613,-0.9308],[-80.6581,-0.9354],[-80.661,-0.9488],[-80.668,-0.9541],[-80.6691,-0.9649]]]},"properties":{"poblacion":18486,"dpa_descan":"JARAMIJO","dpa_provin":"13","dpa_despro":"MANABI","dpa_canton":"1321"}},
{"type":"Feature","geometry":{"type":"Polygon","coordinates":[[[-80.2521,-0.603],[-80.2667,-0.5948],[-80.2711,-0.5781],[-80.2675,-0.5729],[-80.2653,-0.5739],[-80.2584,-0.5688],[-80.2564,-0.5566],[-80.2454,-0.5437],[-80.2473,-0.5346],[-80.2453,-0.5258],[-80.2467,-0.5139],[-80.2414,-0.5086],[-80.242,-0.5044],[-80.2378,-0.4998],[-80.223,-0.4941],[-80.2216,-0.4918],[-80.2276,-0.4791],[-80.2329,-0.478],[-80.2343,-0.4734],[-80.2308,-0.4618],[-80.2269,-0.4584],[-80.2284,-0.4554],[-80.2349,-0.4556],[-80.2409,-0.4504],[-80.248,-0.4551],[-80.2515,-0.4512],[-80.2581,-0.4499],[-80.2606,-0.446],[-80.2709,-0.447],[-80.2736,-0.4444],[-80.2751,-0.433],[-80.2787,-0.4286],[-80.2793,-0.423],[-80.2882,-0.4007],[-80.3004,-0.4026],[-80.3037,-0.3837],[-80.3079,-0.3827],[-80.3087,-0.3777],[-80.3134,-0.3755],[-80.3096,-0.3672],[-80.3106,-0.3582],[-80.3169,-0.3489],[-80.3165,-0.3453],[-80.3242,-0.3385],[-80.3246,-0.3345],[-80.3312,-0.3365],[-80.3424,-0.3365],[-80.3465,-0.3324],[-80.351,-0.334],[-80.3597,-0.3231],[-80.3638,-0.3228],[-80.3677,-0.3127],[-80.3664,-0.3064],[-80.369,-0.3021],[-80.3684,-0.2954],[-80.3718,-0.288],[-80.3767,-0.2839],[-80.3805,-0.2844],[-80.3921,-0.2732],[-80.3985,-0.2958],[-80.4038,-0.3074],[-80.4118,-0.3146],[-80.4164,-0.3146],[-80.4274,-0.3339],[-80.4368,-0.3418],[-80.444,-0.3451],[-80.4547,-0.3559],[-80.4698,-0.3665],[-80.4767,-0.3689],[-80.4883,-0.3651],[-80.4929,-0.384],[-80.493,-0.3994],[-80.4843,-0.417],[-80.4829,-0.4249],[-80.4776,-0.4395],[-80.4617,-0.4524],[-80.459,-0.4576],[-80.4485,-0.4953],[-80.444,-0.5167],[-80.4391,-0.5447],[-80.4392,-0.5546],[-80.4351,-0.5616],[-80.426,-0.5676],[-80.4138,-0.5823],[-80.4107,-0.5887],[-80.4071,-0.6036],[-80.4082,-0.6094],[-80.4051,-0.6109],[-80.3965,-0.6232],[-80.3939,-0.635],[-80.3863,-0.6431],[-80.374,-0.644],[-80.3585,-0.6382],[-80.3407,-0.6395],[-80.3265,-0.6445],[-80.3125,-0.6472],[-80.3065,-0.6511],[-80.2943,-0.6538],[-80.2891,-0.6521],[-80.2806,-0.6525],[-80.2817,-0.6458],[-80.2801,-0.6344],[-80.274,-0.6257],[-80.2734,-0.6184],[-80.2758,-0.6095],[-80.2422,-0.6074],[-80.2521,-0.603]]]},"properties":{"poblacion":22025,"dpa_descan":"SAN VICENTE","dpa_provin":"13","dpa_despro":"MANABI","dpa_canton":"1322"}},
{"type":"Feature","geometry":{"type":"Polygon","coordinates":[[[-78.0312,-2.1172],[-78.0346,-2.1148],[-78.0347,-2.1032],[-78.0259,-2.1017],[-78.0273,-2.0844],[-78.0232,-2.0831],[-78.0272,-2.075],[-78.0401,-2.0605],[-78.0477,-2.0634],[-78.0533,-2.0552],[-78.0462,-2.0528],[-78.0463,-2.05],[-78.0547,-2.0521],[-78.0638,-2.0491],[-78.0789,-2.0382],[-78.0897,-2.0325],[-78.0993,-2.0289],[-78.1043,-2.0246],[-78.109,-2.0247],[-78.1159,-2.0193],[-78.125,-2.0216],[-78.1387,-2.0188],[-78.1421,-2.0203],[-78.1466,-2.0152],[-78.1508,-2.0144],[-78.1567,-2.0121],[-78.1631,-2.0164],[-78.1748,-2.0191],[-78.1827,-2.0232],[-78.1982,-2.0264],[-78.2118,-2.0179],[-78.2184,-2.0231],[-78.2246,-2.0225],[-78.2345,-2.0175],[-78.2532,-2.0117],[-78.2626,-2.0162],[-78.273,-2.024],[-78.281,-2.0253],[-78.2847,-2.0166],[-78.3014,-2.0141],[-78.3182,-2.0046],[-78.342,-2.0048],[-78.362,-2.0326],[-78.364,-2.0447],[-78.3777,-2.0489],[-78.3838,-2.0467],[-78.3943,-2.038],[-78.4064,-2.0405],[-78.4137,-2.0369],[-78.4171,-2.0313],[-78.4246,-2.0313],[-78.4292,-2.0292],[-78.436,-2.0326],[-78.4441,-2.0274],[-78.4478,-2.027],[-78.4512,-2.0299],[-78.4538,-2.0655],[-78.4488,-2.07],[-78.4435,-2.0708],[-78.4393,-2.0773],[-78.4412,-2.0827],[-78.4367,-2.0851],[-78.4315,-2.0925],[-78.4378,-2.094],[-78.4433,-2.0977],[-78.4465,-2.1029],[-78.4486,-2.1155],[-78.4531,-2.1183],[-78.4584,-2.1176],[-78.4712,-2.1217],[-78.4799,-2.1282],[-78.4847,-2.1288],[-78.4936,-2.1212],[-78.502,-2.1275],[-78.5064,-2.1273],[-78.5156,-2.1379],[-78.5139,-2.1467],[-78.5165,-2.1548],[-78.5039,-2.1571],[-78.5037,-2.1731],[-78.4999,-2.1933],[-78.5011,-2.2058],[-78.4928,-2.2094],[-78.4877,-2.2175],[-78.4932,-2.2273],[-78.4988,-2.2304],[-78.5004,-2.2412],[-78.5101,-2.2472],[-78.5144,-2.2403],[-78.5251,-2.2433],[-78.5317,-2.2424],[-78.5425,-2.2487],[-78.5427,-2.2575],[-78.5385,-2.2638],[-78.5394,-2.2711],[-78.5361,-2.2787],[-78.5462,-2.291],[-78.5455,-2.2984],[-78.5518,-2.3054],[-78.5631,-2.3074],[-78.5668,-2.3052],[-78.5767,-2.3054],[-78.5849,-2.3108],[-78.5864,-2.3194],[-78.5829,-2.3212],[-78.5811,-2.3289],[-78.576,-2.3308],[-78.5725,-2.3259],[-78.561,-2.3262],[-78.5529,-2.3346],[-78.5459,-2.3351],[-78.5337,-2.3436],[-78.5269,-2.3528],[-78.5236,-2.355],[-78.5176,-2.3544],[-78.5053,-2.3601],[-78.4967,-2.361],[-78.4843,-2.3665],[-78.4874,-2.3829],[-78.4845,-2.3882],[-78.489,-2.394],[-78.4906,-2.4013],[-78.4868,-2.4086],[-78.4782,-2.4171],[-78.47,-2.4146],[-78.4609,-2.4162],[-78.4588,-2.4225],[-78.4729,-2.4269],[-78.4831,-2.4347],[-78.4879,-2.4485],[-78.4832,-2.4513],[-78.4848,-2.4658],[-78.4871,-2.4681],[-78.488,-2.4761],[-78.4929,-2.4865],[-78.4948,-2.4972],[-78.4977,-2.5033],[-78.4743,-2.5037],[-78.4711,-2.4976],[-78.4629,-2.4941],[-78.4505,-2.4934],[-78.4439,-2.4953],[-78.4405,-2.5033],[-78.4283,-2.5028],[-78.4121,-2.5068],[-78.4047,-2.5042],[-78.3964,-2.5036],[-78.3978,-2.5002],[-78.3968,-2.4902],[-78.4012,-2.4782],[-78.3988,-2.4733],[-78.393,-2.4727],[-78.3853,-2.4756],[-78.3809,-2.4679],[-78.3707,-2.4586],[-78.3699,-2.4389],[-78.3625,-2.4393],[-78.3582,-2.4295],[-78.3537,-2.4231],[-78.3458,-2.4174],[-78.3404,-2.4103],[-78.3316,-2.4024],[-78.3221,-2.3964],[-78.3182,-2.3878],[-78.3128,-2.3846],[-78.3077,-2.378],[-78.3014,-2.3589],[-78.2946,-2.35],[-78.2867,-2.3463],[-78.2538,-2.348],[-78.2433,-2.3401],[-78.2358,-2.3414],[-78.2229,-2.359],[-78.2146,-2.3653],[-78.2103,-2.3712],[-78.1984,-2.3699],[-78.1939,-2.372],[-78.1909,-2.3821],[-78.1837,-2.3892],[-78.1748,-2.3903],[-78.161,-2.4003],[-78.1588,-2.3985],[-78.1532,-2.4023],[-78.1482,-2.4013],[-78.1254,-2.4007],[-78.1078,-2.3993],[-78.1022,-2.3976],[-78.089,-2.4016],[-78.0796,-2.3917],[-78.0727,-2.3951],[-78.0715,-2.4032],[-78.0636,-2.4059],[-78.0565,-2.4012],[-78.0472,-2.4],[-78.0414,-2.4027],[-78.0367,-2.3992],[-78.0254,-2.3963],[-78.0229,-2.3993],[-78.0155,-2.4008],[-78.0098,-2.3998],[-78.0082,-2.4069],[-78.0123,-2.4075],[-78.021,-2.4197],[-78.0346,-2.427],[-78.0382,-2.4365],[-78.0377,-2.445],[-78.0395,-2.4548],[-78.0381,-2.4714],[-78.0342,-2.4744],[-78.0323,-2.4807],[-78.0236,-2.4885],[-78.0204,-2.4961],[-78.0199,-2.5099],[-78.0226,-2.5168],[-78.0289,-2.5162],[-78.0363,-2.5285],[-78.0385,-2.5368],[-78.038,-2.5643],[-78.036,-2.5695],[-78.0292,-2.5726],[-78.0296,-2.5786],[-78.0267,-2.5851],[-78.025,-2.5967],[-78.0221,-2.5971],[-78.0185,-2.6072],[-78.0204,-2.6132],[-78.0201,-2.6211],[-78.0119,-2.6178],[-77.9998,-2.6215],[-77.9931,-2.6165],[-77.9809,-2.6111],[-77.9714,-2.6128],[-77.9526,-2.6244],[-77.9427,-2.6327],[-77.9349,-2.6339],[-77.9258,-2.6302],[-77.9139,-2.6317],[-77.9037,-2.6313],[-77.8942,-2.646],[-77.8891,-2.6652],[-77.8841,-2.6734],[-77.8877,-2.6863],[-77.8869,-2.6933],[-77.8894,-2.6984],[-77.8902,-2.7095],[-77.889,-2.7119],[-77.8928,-2.7182],[-77.8886,-2.7257],[-77.8915,-2.7297],[-77.8902,-2.7345],[-77.8931,-2.7402],[-77.8907,-2.7455],[-77.8923,-2.7606],[-77.8945,-2.7662],[-77.8917,-2.7733],[-77.8941,-2.7759],[-77.8886,-2.7806],[-77.8915,-2.7836],[-77.8906,-2.7932],[-77.8928,-2.8015],[-77.8905,-2.8043],[-77.8944,-2.8073],[-77.8952,-2.8148],[-77.8918,-2.816],[-77.8892,-2.823],[-77.893,-2.8247],[-77.9016,-2.8387],[-77.8986,-2.8476],[-77.8941,-2.8529],[-77.8835,-2.8512],[-77.8789,-2.8526],[-77.8816,-2.8435],[-77.8815,-2.8366],[-77.878,-2.8291],[-77.8739,-2.8286],[-77.8721,-2.8232],[-77.8651,-2.8222],[-77.8617,-2.8176],[-77.8501,-2.8188],[-77.8478,-2.829],[-77.8427,-2.8341],[-77.8252,-2.8414],[-77.8202,-2.8421],[-77.8105,-2.8382],[-77.8097,-2.8339],[-77.8032,-2.8343],[-77.7955,-2.8301],[-77.798,-2.8242],[-77.7951,-2.8205],[-77.7979,-2.8123],[-77.7871,-2.8123],[-77.78,-2.8106],[-77.7612,-2.814],[-77.7575,-2.8089],[-77.7424,-2.8059],[-77.7355,-2.807],[-77.7293,-2.8134],[-77.7253,-2.8205],[-77.7256,-2.8281],[-77.7186,-2.834],[-77.7109,-2.8359],[-77.7053,-2.8457],[-77.6963,-2.8538],[-77.6931,-2.8485],[-77.6857,-2.8516],[-77.6806,-2.8361],[-77.6736,-2.8373],[-77.6748,-2.8318],[-77.6705,-2.8272],[-77.6746,-2.8212],[-77.6735,-2.8162],[-77.6678,-2.8207],[-77.6655,-2.8144],[-77.66,-2.8096],[-77.6561,-2.8134],[-77.6454,-2.8115],[-77.6439,-2.8056],[-77.6555,-2.803],[-77.6555,-2.7947],[-77.6586,-2.8056],[-77.6609,-2.7998],[-77.6709,-2.7863],[-77.6745,-2.7767],[-77.6673,-2.7748],[-77.6605,-2.7637],[-77.6669,-2.7601],[-77.6614,-2.7546],[-77.6758,-2.7418],[-77.6763,-2.7355],[-77.6738,-2.7321],[-77.6825,-2.7317],[-77.6833,-2.7241],[-77.6808,-2.7169],[-77.6852,-2.7154],[-77.6824,-2.7085],[-77.686,-2.7033],[-77.6798,-2.7065],[-77.6776,-2.7044],[-77.6825,-2.7007],[-77.6809,-2.6956],[-77.6862,-2.6986],[-77.6883,-2.694],[-77.6843,-2.6929],[-77.6872,-2.6869],[-77.6851,-2.6822],[-77.6888,-2.6798],[-77.6901,-2.6738],[-77.6869,-2.6694],[-77.702,-2.6636],[-77.7095,-2.6669],[-77.7115,-2.6643],[-77.7096,-2.6589],[-77.7153,-2.6608],[-77.7113,-2.6538],[-77.7145,-2.65],[-77.7091,-2.6447],[-77.7034,-2.6467],[-77.7013,-2.6431],[-77.7024,-2.6355],[-77.695,-2.6336],[-77.7017,-2.6316],[-77.6984,-2.6274],[-77.6909,-2.6307],[-77.6892,-2.6267],[-77.6753,-2.6271],[-77.6739,-2.6229],[-77.6793,-2.617],[-77.6785,-2.6135],[-77.6836,-2.6135],[-77.6846,-2.6011],[-77.6893,-2.6037],[-77.6963,-2.5968],[-77.6984,-2.5893],[-77.7017,-2.5879],[-77.6947,-2.5793],[-77.6994,-2.5765],[-77.7019,-2.5809],[-77.7062,-2.577],[-77.7048,-2.5729],[-77.7008,-2.5751],[-77.6987,-2.5671],[-77.708,-2.5703],[-77.7114,-2.5621],[-77.7108,-2.5577],[-77.7169,-2.5563],[-77.7132,-2.5529],[-77.7152,-2.543],[-77.7186,-2.5394],[-77.7159,-2.5364],[-77.7235,-2.5371],[-77.7271,-2.5353],[-77.7226,-2.5305],[-77.7214,-2.5235],[-77.726,-2.5252],[-77.7314,-2.5216],[-77.7341,-2.5118],[-77.7304,-2.5081],[-77.7339,-2.5058],[-77.7341,-2.5013],[-77.7301,-2.4969],[-77.7299,-2.4874],[-77.738,-2.4855],[-77.7342,-2.4825],[-77.7316,-2.4721],[-77.7258,-2.4689],[-77.7207,-2.4703],[-77.7239,-2.4637],[-77.7297,-2.4632],[-77.7262,-2.4564],[-77.7316,-2.4576],[-77.728,-2.4486],[-77.7293,-2.4399],[-77.7227,-2.4345],[-77.7238,-2.4283],[-77.7277,-2.4292],[-77.7323,-2.4213],[-77.7255,-2.4102],[-77.7371,-2.4049],[-77.7458,-2.4071],[-77.748,-2.4001],[-77.746,-2.3859],[-77.7477,-2.3716],[-77.7438,-2.3656],[-77.7473,-2.3489],[-77.7497,-2.3441],[-77.7456,-2.3386],[-77.7446,-2.3323],[-77.7466,-2.3226],[-77.7494,-2.3161],[-77.7465,-2.3128],[-77.7491,-2.3047],[-77.7469,-2.2971],[-77.7463,-2.2685],[-77.7328,-2.2618],[-77.7281,-2.2557],[-77.7249,-2.2464],[-77.7298,-2.2444],[-77.7316,-2.2404],[-77.7277,-2.2318],[-77.7306,-2.2313],[-77.7314,-2.2204],[-77.7378,-2.2183],[-77.7566,-2.223],[-77.7637,-2.2297],[-77.7682,-2.2308],[-77.7761,-2.2273],[-77.7848,-2.2265],[-77.7959,-2.221],[-77.8102,-2.2201],[-77.8142,-2.2171],[-77.815,-2.2117],[-77.8118,-2.2029],[-77.8102,-2.1916],[-77.8111,-2.1853],[-77.8171,-2.1752],[-77.8185,-2.1675],[-77.8073,-2.1425],[-77.8095,-2.1356],[-77.809,-2.1223],[-77.8062,-2.1131],[-77.8084,-2.0828],[-77.8,-2.0666],[-77.8039,-2.0586],[-77.806,-2.0459],[-77.8059,-2.0323],[-77.8037,-2.021],[-77.8074,-2.0168],[-77.8201,-2.0118],[-77.8223,-2.0096],[-77.8243,-2.0153],[-77.8332,-2.0219],[-77.8411,-2.0236],[-77.8432,-2.0197],[-77.86,-2.0106],[-77.8647,-2.0171],[-77.8632,-2.0237],[-77.8585,-2.0317],[-77.8617,-2.0446],[-77.8718,-2.0602],[-77.8808,-2.0657],[-77.8806,-2.0811],[-77.8881,-2.0803],[-77.8964,-2.072],[-77.9034,-2.0762],[-77.9255,-2.0758],[-77.9289,-2.0825],[-77.9389,-2.0883],[-77.9395,-2.0905],[-77.9487,-2.0983],[-77.9558,-2.1038],[-77.9597,-2.1106],[-77.9648,-2.1146],[-77.9858,-2.1189],[-77.9984,-2.1148],[-78.0058,-2.114],[-78.0082,-2.1172],[-78.0188,-2.1183],[-78.0312,-2.1172]]]},"properties":{"poblacion":41155,"dpa_descan":"MORONA","dpa_provin":"14","dpa_despro":"MORONA SANTIAGO","dpa_canton":"1401"}},
{"type":"Feature","geometry":{"type":"Polygon","coordinates":[[[-78.5302,-3.265],[-78.5371,-3.264],[-78.5458,-3.2476],[-78.5444,-3.244],[-78.5467,-3.231],[-78.558,-3.2285],[-78.5608,-3.2198],[-78.5696,-3.2098],[-78.5655,-3.2087],[-78.5617,-3.2028],[-78.5656,-3.1976],[-78.5655,-3.1909],[-78.5622,-3.1861],[-78.5636,-3.1773],[-78.5584,-3.1719],[-78.5583,-3.1687],[-78.5664,-3.1649],[-78.5683,-3.1598],[-78.5772,-3.1593],[-78.5824,-3.1491],[-78.5969,-3.149],[-78.6017,-3.1464],[-78.6096,-3.1189],[-78.6092,-3.1144],[-78.6137,-3.1128],[-78.6185,-3.1062],[-78.6326,-3.097],[-78.6429,-3.0877],[-78.6445,-3.0827],[-78.6482,-3.0814],[-78.651,-3.0783],[-78.6635,-3.0731],[-78.6748,-3.067],[-78.6793,-3.0678],[-78.6849,-3.0704],[-78.6859,-3.0924],[-78.6887,-3.1051],[-78.7036,-3.1274],[-78.7143,-3.1353],[-78.7184,-3.1358],[-78.7305,-3.1415],[-78.7372,-3.1398],[-78.7506,-3.1465],[-78.7503,-3.1527],[-78.7551,-3.1592],[-78.775,-3.1705],[-78.7804,-3.1793],[-78.7892,-3.1899],[-78.7952,-3.1932],[-78.8114,-3.2088],[-78.8195,-3.2188],[-78.8261,-3.2303],[-78.8323,-3.2349],[-78.8304,-3.2393],[-78.8343,-3.2451],[-78.8415,-3.2444],[-78.8482,-3.2339],[-78.8567,-3.2296],[-78.8656,-3.2356],[-78.8661,-3.2404],[-78.8777,-3.2472],[-78.8798,-3.2501],[-78.8917,-3.2517],[-78.9017,-3.2567],[-78.9036,-3.2653],[-78.9144,-3.2735],[-78.9236,-3.2709],[-78.9362,-3.2757],[-78.9358,-3.2882],[-78.9341,-3.2934],[-78.9427,-3.2997],[-78.9489,-3.296],[-78.9536,-3.3004],[-78.9471,-3.3131],[-78.946,-3.3282],[-78.9423,-3.3341],[-78.9431,-3.3414],[-78.942,-3.3474],[-78.9331,-3.3498],[-78.9307,-3.3532],[-78.9316,-3.3596],[-78.9245,-3.3648],[-78.9198,-3.3642],[-78.9156,-3.3679],[-78.9138,-3.3785],[-78.9052,-3.3833],[-78.9051,-3.389],[-78.9006,-3.3939],[-78.8924,-3.3943],[-78.8815,-3.4014],[-78.8805,-3.4132],[-78.874,-3.4217],[-78.8765,-3.4382],[-78.8803,-3.4461],[-78.8784,-3.4523],[-78.8686,-3.4595],[-78.8673,-3.4644],[-78.8674,-3.4824],[-78.8662,-3.4901],[-78.8704,-3.494],[-78.8702,-3.5023],[-78.8619,-3.5107],[-78.8535,-3.5152],[-78.8476,-3.5125],[-78.8408,-3.5208],[-78.8409,-3.5277],[-78.8358,-3.5427],[-78.8316,-3.5494],[-78.8203,-3.544],[-78.8084,-3.5425],[-78.796,-3.5458],[-78.789,-3.5421],[-78.7865,-3.5505],[-78.7764,-3.5577],[-78.7721,-3.5632],[-78.7677,-3.5613],[-78.7619,-3.5633],[-78.7544,-3.5688],[-78.7448,-3.5659],[-78.7386,-3.5621],[-78.7204,-3.5621],[-78.7164,-3.565],[-78.7149,-3.5711],[-78.7056,-3.578],[-78.695,-3.5809],[-78.6887,-3.5862],[-78.6821,-3.5865],[-78.681,-3.5779],[-78.6751,-3.5657],[-78.6713,-3.5602],[-78.6676,-3.5498],[-78.6514,-3.545],[-78.6457,-3.5377],[-78.6389,-3.5388],[-78.6278,-3.5339],[-78.6236,-3.5374],[-78.6166,-3.5373],[-78.6101,-3.5428],[-78.5889,-3.5516],[-78.5847,-3.5522],[-78.5813,-3.5486],[-78.5772,-3.5509],[-78.5686,-3.5483],[-78.5651,-3.5439],[-78.5563,-3.5418],[-78.5492,-3.5424],[-78.5463,-3.5381],[-78.5367,-3.5368],[-78.5343,-3.5393],[-78.5329,-3.5323],[-78.5297,-3.5303],[-78.4511,-3.5283],[-78.3653,-3.5276],[-78.3673,-3.5213],[-78.3662,-3.5122],[-78.3574,-3.5013],[-78.355,-3.4952],[-78.3561,-3.4854],[-78.3534,-3.4815],[-78.3586,-3.4766],[-78.3555,-3.4626],[-78.3524,-3.462],[-78.3454,-3.4499],[-78.3441,-3.434],[-78.3424,-3.4266],[-78.3467,-3.4197],[-78.351,-3.4171],[-78.3557,-3.4037],[-78.3444,-3.3915],[-78.3523,-3.3818],[-78.3498,-3.3656],[-78.3508,-3.3602],[-78.3461,-3.3498],[-78.3469,-3.3463],[-78.3524,-3.3434],[-78.3604,-3.3426],[-78.3724,-3.3342],[-78.3789,-3.3332],[-78.3825,-3.33],[-78.3864,-3.3221],[-78.3981,-3.3171],[-78.4041,-3.308],[-78.4133,-3.3108],[-78.4184,-3.316],[-78.4266,-3.3185],[-78.4365,-3.3194],[-78.4465,-3.3223],[-78.4522,-3.3263],[-78.4618,-3.328],[-78.4671,-3.3309],[-78.4686,-3.3253],[-78.4753,-3.3193],[-78.4746,-3.3156],[-78.4817,-3.3147],[-78.4861,-3.3193],[-78.4998,-3.3194],[-78.5089,-3.313],[-78.5093,-3.3088],[-78.5141,-3.3016],[-78.5189,-3.2976],[-78.5189,-3.2939],[-78.528,-3.2776],[-78.5278,-3.2667],[-78.5302,-3.265]]]},"properties":{"poblacion":17162,"dpa_descan":"GUALAQUIZA","dpa_provin":"14","dpa_despro":"MORONA SANTIAGO","dpa_canton":"1402"}},
{"type":"Feature","geometry":{"type":"Polygon","coordinates":[[[-80.8707,-2.2698],[-80.8706,-2.2702],[-80.8661,-2.2745],[-80.8622,-2.2839],[-80.8637,-2.2855],[-80.8586,-2.2937],[-80.8695,-2.3255],[-80.8589,-2.331],[-80.846,-2.3403],[-80.8219,-2.3602],[-80.8149,-2.3676],[-80.8026,-2.3776],[-80.7966,-2.3783],[-80.7882,-2.382],[-80.7826,-2.3873],[-80.7743,-2.3888],[-80.7608,-2.3873],[-80.7525,-2.3887],[-80.7413,-2.3928],[-80.7342,-2.3915],[-80.7252,-2.3931],[-80.7232,-2.3914],[-80.7158,-2.3934],[-80.6978,-2.4048],[-80.6932,-2.4065],[-80.6838,-2.4039],[-80.6756,-2.4079],[-80.6646,-2.4166],[-80.6606,-2.4178],[-80.6429,-2.4356],[-80.6282,-2.4467],[-80.6113,-2.4626],[-80.5865,-2.4841],[-80.5703,-2.5006],[-80.5619,-2.5057],[-80.5513,-2.495],[-80.5425,-2.4887],[-80.5382,-2.4913],[-80.5297,-2.4889],[-80.5179,-2.4903],[-80.515,-2.4941],[-80.4999,-2.4955],[-80.4954,-2.5002],[-80.4826,-2.4969],[-80.479,-2.493],[-80.4707,-2.4904],[-80.4586,-2.4903],[-80.4676,-2.4772],[-80.4669,-2.4741],[-80.458,-2.4706],[-80.4566,-2.4637],[-80.4521,-2.4532],[-80.4589,-2.4358],[-80.4607,-2.4272],[-80.461,-2.4139],[-80.4526,-2.4068],[-80.4457,-2.3967],[-80.4457,-2.3836],[-80.4477,-2.3757],[-80.4309,-2.3757],[-80.426,-2.3816],[-80.4163,-2.3825],[-80.4035,-2.3747],[-80.3977,-2.3769],[-80.381,-2.3794],[-80.3794,-2.3712],[-80.3819,-2.3664],[-80.3756,-2.3628],[-80.3722,-2.3583],[-80.3745,-2.356],[-80.3742,-2.3466],[-80.3656,-2.3425],[-80.3604,-2.3425],[-80.3539,-2.3486],[-80.3439,-2.3465],[-80.3385,-2.3484],[-80.3289,-2.3468],[-80.3219,-2.3503],[-80.3254,-2.3421],[-80.3204,-2.34],[-80.3166,-2.3418],[-80.3077,-2.3394],[-80.2996,-2.3426],[-80.2947,-2.3378],[-80.2845,-2.3369],[-80.2827,-2.3348],[-80.2812,-2.322],[-80.2875,-2.3106],[-80.2888,-2.3044],[-80.2832,-2.3004],[-80.2804,-2.2858],[-80.2831,-2.2885],[-80.2852,-2.2843],[-80.2812,-2.2828],[-80.2849,-2.2755],[-80.2831,-2.2734],[-80.2677,-2.267],[-80.2647,-2.2645],[-80.261,-2.2463],[-80.2551,-2.2433],[-80.2554,-2.2383],[-80.2477,-2.2405],[-80.2472,-2.2458],[-80.2354,-2.2523],[-80.2321,-2.2429],[-80.2334,-2.2334],[-80.2227,-2.2312],[-80.2177,-2.2325],[-80.2085,-2.2253],[-80.2071,-2.2184],[-80.2031,-2.2181],[-80.2002,-2.2096],[-80.213,-2.202],[-80.2197,-2.1948],[-80.2259,-2.1923],[-80.2321,-2.1945],[-80.2387,-2.1912],[-80.2363,-2.1882],[-80.2409,-2.1735],[-80.24,-2.1695],[-80.2441,-2.161],[-80.2492,-2.1576],[-80.2517,-2.149],[-80.2479,-2.1469],[-80.2448,-2.1334],[-80.2466,-2.1204],[-80.2448,-2.115],[-80.2568,-2.1064],[-80.2573,-2.0963],[-80.2624,-2.0931],[-80.264,-2.081],[-80.2717,-2.0812],[-80.2777,-2.0835],[-80.2816,-2.0906],[-80.2871,-2.0922],[-80.2994,-2.0848],[-80.3092,-2.0743],[-80.311,-2.069],[-80.3034,-2.0673],[-80.3027,-2.0625],[-80.3122,-2.0559],[-80.3198,-2.0482],[-80.3243,-2.0414],[-80.3321,-2.0377],[-80.3334,-2.0304],[-80.3374,-2.0306],[-80.3424,-2.0256],[-80.3441,-2.0054],[-80.3428,-2.0012],[-80.3455,-1.9976],[-80.3509,-1.9977],[-80.364,-1.994],[-80.3686,-1.9951],[-80.3721,-1.9883],[-80.3807,-1.9861],[-80.3922,-1.9813],[-80.4035,-1.9843],[-80.4154,-1.9815],[-80.4177,-1.9699],[-80.4267,-1.9629],[-80.4349,-1.9595],[-80.4364,-1.956],[-80.4418,-1.9566],[-80.4421,-1.9515],[-80.4392,-1.9483],[-80.4404,-1.943],[-80.446,-1.9455],[-80.4553,-1.9406],[-80.4639,-1.9471],[-80.4667,-1.9464],[-80.4651,-1.9406],[-80.4697,-1.9377],[-80.4715,-1.9282],[-80.4813,-1.9261],[-80.4883,-1.9222],[-80.5045,-1.9261],[-80.5118,-1.922],[-80.5163,-1.9226],[-80.5202,-1.9186],[-80.5181,-1.9139],[-80.5168,-1.9026],[-80.527,-1.8942],[-80.5344,-1.8825],[-80.5346,-1.8783],[-80.5412,-1.8738],[-80.5452,-1.8643],[-80.549,-1.8601],[-80.5553,-1.8535],[-80.5568,-1.8481],[-80.564,-1.8412],[-80.5672,-1.8347],[-80.5669,-1.8291],[-80.5609,-1.8304],[-80.5612,-1.8263],[-80.5705,-1.8231],[-80.5643,-1.8196],[-80.5547,-1.7995],[-80.5557,-1.7925],[-80.5522,-1.7886],[-80.5514,-1.7823],[-80.5646,-1.7822],[-80.5762,-1.786],[-80.5871,-1.7843],[-80.5941,-1.7781],[-80.5983,-1.7692],[-80.6042,-1.7644],[-80.6102,-1.7561],[-80.613,-1.7384],[-80.6115,-1.7336],[-80.6202,-1.7284],[-80.6174,-1.7179],[-80.617,-1.7094],[-80.6194,-1.7054],[-80.6244,-1.7057],[-80.6306,-1.7012],[-80.6354,-1.695],[-80.6361,-1.6897],[-80.6449,-1.6814],[-80.6443,-1.6777],[-80.65,-1.6687],[-80.6535,-1.6732],[-80.6596,-1.6747],[-80.6593,-1.6752],[-80.6592,-1.676],[-80.6604,-1.6766],[-80.6617,-1.6759],[-80.6644,-1.6785],[-80.6714,-1.6788],[-80.678,-1.6748],[-80.6864,-1.6756],[-80.6923,-1.6715],[-80.7079,-1.6738],[-80.7138,-1.6764],[-80.715,-1.6807],[-80.7222,-1.6816],[-80.7285,-1.6864],[-80.7406,-1.6771],[-80.7434,-1.6779],[-80.7479,-1.6684],[-80.7542,-1.6766],[-80.7593,-1.6766],[-80.7644,-1.6849],[-80.7667,-1.6842],[-80.7756,-1.6912],[-80.7795,-1.6978],[-80.7888,-1.7005],[-80.7903,-1.7035],[-80.8002,-1.7118],[-80.8028,-1.7115],[-80.7989,-1.716],[-80.7956,-1.7156],[-80.7775,-1.7414],[-80.7695,-1.7615],[-80.7596,-1.7982],[-80.7569,-1.8142],[-80.7607,-1.8192],[-80.7566,-1.8208],[-80.7483,-1.8461],[-80.7473,-1.8514],[-80.7344,-1.8845],[-80.7249,-1.9267],[-80.727,-1.947],[-80.7312,-1.9585],[-80.736,-1.9645],[-80.7435,-1.9698],[-80.7479,-1.9679],[-80.7598,-1.9711],[-80.7631,-1.9764],[-80.7594,-1.9826],[-80.7553,-1.9792],[-80.7511,-1.9822],[-80.7571,-1.9877],[-80.7564,-1.9942],[-80.751,-1.9985],[-80.7495,-2.0085],[-80.751,-2.0117],[-80.7434,-2.0211],[-80.738,-2.0225],[-80.7343,-2.0295],[-80.7345,-2.0494],[-80.739,-2.0787],[-80.7448,-2.0893],[-80.7509,-2.1071],[-80.7565,-2.1144],[-80.7587,-2.12],[-80.7667,-2.1303],[-80.7837,-2.1478],[-80.7959,-2.1558],[-80.806,-2.1582],[-80.817,-2.1552],[-80.8206,-2.161],[-80.8277,-2.1668],[-80.8325,-2.1758],[-80.8436,-2.1895],[-80.8502,-2.1942],[-80.8712,-2.1994],[-80.8763,-2.2053],[-80.8861,-2.2085],[-80.8763,-2.2314],[-80.8699,-2.2413],[-80.8683,-2.2481],[-80.8731,-2.264],[-80.8707,-2.2698]]]},"properties":{"poblacion":144076,"dpa_descan":"SANTA ELENA","dpa_provin":"24","dpa_despro":"SANTA ELENA","dpa_canton":"2401"}},
{"type":"Feature","geometry":{"type":"Polygon","coordinates":[[[-77.9059,-1.6858],[-77.9067,-1.6817],[-77.9114,-1.678],[-77.9168,-1.6611],[-77.9235,-1.6567],[-77.9343,-1.6569],[-77.9424,-1.6526],[-77.9498,-1.653],[-77.957,-1.6561],[-77.9687,-1.6667],[-77.979,-1.6686],[-77.9913,-1.6742],[-78.0008,-1.6743],[-78.0097,-1.6776],[-78.0194,-1.6771],[-78.0247,-1.6693],[-78.0238,-1.6665],[-78.0303,-1.6478],[-78.0371,-1.6304],[-78.0411,-1.6078],[-78.0505,-1.5802],[-78.0563,-1.5715],[-78.0607,-1.5575],[-78.0615,-1.5399],[-78.0634,-1.5275],[-78.0687,-1.524],[-78.0725,-1.5154],[-78.0745,-1.5088],[-78.082,-1.4964],[-78.0866,-1.4943],[-78.0945,-1.4874],[-78.1049,-1.4751],[-78.1193,-1.4606],[-78.1238,-1.4549],[-78.1288,-1.4527],[-78.1426,-1.4513],[-78.1529,-1.4524],[-78.1594,-1.4517],[-78.1629,-1.4478],[-78.167,-1.4478],[-78.1736,-1.4523],[-78.178,-1.448],[-78.1863,-1.4552],[-78.1919,-1.4552],[-78.1949,-1.4677],[-78.198,-1.4699],[-78.1968,-1.4744],[-78.2045,-1.4717],[-78.2111,-1.4719],[-78.2213,-1.4759],[-78.2215,-1.486],[-78.2324,-1.4921],[-78.2426,-1.4919],[-78.2467,-1.4952],[-78.2662,-1.5022],[-78.2759,-1.4982],[-78.2794,-1.4887],[-78.2791,-1.4823],[-78.2859,-1.4787],[-78.2958,-1.4802],[-78.2985,-1.4804],[-78.3102,-1.4885],[-78.3139,-1.4945],[-78.3209,-1.4977],[-78.3264,-1.4963],[-78.3359,-1.5046],[-78.3451,-1.504],[-78.3463,-1.515],[-78.3496,-1.5232],[-78.358,-1.5216],[-78.3638,-1.5236],[-78.364,-1.5294],[-78.3647,-1.5331],[-78.3767,-1.5362],[-78.3739,-1.5439],[-78.3763,-1.5584],[-78.3724,-1.5655],[-78.3734,-1.5715],[-78.3705,-1.5757],[-78.3722,-1.5824],[-78.3773,-1.5852],[-78.374,-1.5912],[-78.3732,-1.5995],[-78.3679,-1.6057],[-78.364,-1.6066],[-78.3666,-1.6136],[-78.364,-1.6317],[-78.3667,-1.6361],[-78.3637,-1.6444],[-78.36,-1.6448],[-78.3503,-1.6505],[-78.3427,-1.6526],[-78.3339,-1.6519],[-78.3189,-1.6426],[-78.3049,-1.6383],[-78.2968,-1.6324],[-78.2909,-1.6368],[-78.2885,-1.642],[-78.2823,-1.6469],[-78.2821,-1.6554],[-78.2732,-1.661],[-78.2707,-1.6685],[-78.2761,-1.6683],[-78.2767,-1.6814],[-78.2662,-1.68],[-78.2603,-1.6829],[-78.2494,-1.6926],[-78.2471,-1.6968],[-78.2405,-1.7001],[-78.2322,-1.7015],[-78.2274,-1.6994],[-78.2196,-1.7055],[-78.2142,-1.7009],[-78.2112,-1.7035],[-78.1992,-1.6952],[-78.1926,-1.7],[-78.1836,-1.7027],[-78.1881,-1.7077],[-78.1888,-1.72],[-78.1774,-1.7235],[-78.1754,-1.7335],[-78.1709,-1.7387],[-78.1726,-1.7428],[-78.1696,-1.7485],[-78.1711,-1.7518],[-78.1692,-1.7616],[-78.1606,-1.7661],[-78.1605,-1.772],[-78.1665,-1.7728],[-78.1683,-1.7807],[-78.1666,-1.7924],[-78.1708,-1.7996],[-78.1683,-1.8137],[-78.1695,-1.8206],[-78.1701,-1.8486],[-78.1652,-1.8556],[-78.1616,-1.8556],[-78.1584,-1.8707],[-78.1502,-1.8709],[-78.1446,-1.8765],[-78.1371,-1.8768],[-78.1309,-1.8806],[-78.122,-1.8774],[-78.1149,-1.8716],[-78.106,-1.8673],[-78.0979,-1.8667],[-78.0873,-1.8585],[-78.0776,-1.8556],[-78.0553,-1.8551],[-78.0407,-1.8516],[-78.0259,-1.8508],[-78.0032,-1.8516],[-77.9895,-1.8587],[-77.9547,-1.8638],[-77.946,-1.8698],[-77.9323,-1.8759],[-77.9234,-1.8764],[-77.9162,-1.8733],[-77.8906,-1.8555],[-77.8852,-1.8554],[-77.8786,-1.8513],[-77.8719,-1.8498],[-77.8621,-1.8553],[-77.855,-1.8563],[-77.8479,-1.8609],[-77.8328,-1.8621],[-77.8348,-1.8558],[-77.8423,-1.8492],[-77.8484,-1.847],[-77.8543,-1.8479],[-77.8548,-1.8407],[-77.8479,-1.8397],[-77.8467,-1.8372],[-77.857,-1.8173],[-77.8615,-1.814],[-77.8572,-1.8093],[-77.8565,-1.8024],[-77.8591,-1.7974],[-77.8644,-1.7979],[-77.8655,-1.7904],[-77.8698,-1.7855],[-77.8651,-1.7731],[-77.8715,-1.7703],[-77.8722,-1.767],[-77.8692,-1.7561],[-77.8722,-1.7555],[-77.8807,-1.7649],[-77.8849,-1.7631],[-77.8868,-1.7502],[-77.8818,-1.7455],[-77.8827,-1.7328],[-77.8828,-1.7121],[-77.8827,-1.7121],[-77.8824,-1.7094],[-77.8907,-1.6893],[-77.8971,-1.6898],[-77.9059,-1.6858]]]},"properties":{"poblacion":6936,"dpa_descan":"PALORA","dpa_provin":"14","dpa_despro":"MORONA SANTIAGO","dpa_canton":"1404"}},
{"type":"Feature","geometry":{"type":"Polygon","coordinates":[[[-78.5564,-2.5601],[-78.5598,-2.5651],[-78.5609,-2.5753],[-78.5675,-2.5907],[-78.5616,-2.6095],[-78.5523,-2.6177],[-78.537,-2.6265],[-78.5333,-2.6269],[-78.5284,-2.6194],[-78.5267,-2.609],[-78.5246,-2.6069],[-78.5229,-2.5958],[-78.5145,-2.5828],[-78.5051,-2.575],[-78.4983,-2.5721],[-78.4807,-2.5728],[-78.4737,-2.577],[-78.4608,-2.5911],[-78.4441,-2.5944],[-78.4363,-2.5997],[-78.4352,-2.607],[-78.4261,-2.6181],[-78.4223,-2.631],[-78.4316,-2.6369],[-78.4348,-2.6437],[-78.4452,-2.6518],[-78.45,-2.6525],[-78.4689,-2.6611],[-78.475,-2.663],[-78.4855,-2.6602],[-78.5019,-2.6719],[-78.5144,-2.6785],[-78.517,-2.686],[-78.5306,-2.6938],[-78.5358,-2.6933],[-78.5456,-2.696],[-78.5568,-2.6965],[-78.5642,-2.7007],[-78.5673,-2.7044],[-78.5779,-2.7073],[-78.5777,-2.7183],[-78.5823,-2.7234],[-78.5922,-2.7445],[-78.5894,-2.7531],[-78.5946,-2.7642],[-78.5993,-2.7615],[-78.6026,-2.7656],[-78.6083,-2.7779],[-78.6168,-2.7859],[-78.6128,-2.7865],[-78.6075,-2.7939],[-78.5944,-2.8188],[-78.5878,-2.8174],[-78.5779,-2.8274],[-78.5772,-2.8418],[-78.5785,-2.8447],[-78.5745,-2.8489],[-78.5829,-2.8562],[-78.588,-2.8587],[-78.6,-2.8718],[-78.6022,-2.8801],[-78.6062,-2.8863],[-78.6114,-2.8902],[-78.6156,-2.8989],[-78.6148,-2.9084],[-78.6026,-2.9137],[-78.597,-2.9042],[-78.593,-2.9045],[-78.586,-2.9109],[-78.5785,-2.9103],[-78.5706,-2.9029],[-78.5581,-2.9046],[-78.5475,-2.9015],[-78.5406,-2.8947],[-78.5326,-2.8897],[-78.5164,-2.8842],[-78.5099,-2.8805],[-78.4997,-2.8804],[-78.4895,-2.8836],[-78.4869,-2.8819],[-78.4657,-2.8839],[-78.4585,-2.8817],[-78.4581,-2.8762],[-78.4533,-2.8685],[-78.4543,-2.8594],[-78.4487,-2.8477],[-78.4449,-2.8423],[-78.4447,-2.832],[-78.4376,-2.8285],[-78.4342,-2.8117],[-78.4156,-2.798],[-78.4101,-2.8011],[-78.4017,-2.7936],[-78.3956,-2.7949],[-78.3894,-2.8013],[-78.3815,-2.8146],[-78.3614,-2.8149],[-78.3466,-2.8111],[-78.3419,-2.8168],[-78.3349,-2.8209],[-78.3353,-2.828],[-78.3319,-2.8293],[-78.3244,-2.8242],[-78.3185,-2.8236],[-78.303,-2.814],[-78.2974,-2.8061],[-78.294,-2.8048],[-78.2839,-2.8073],[-78.2831,-2.8142],[-78.2699,-2.8184],[-78.2609,-2.8196],[-78.2557,-2.8163],[-78.2498,-2.8172],[-78.2455,-2.8251],[-78.2479,-2.8472],[-78.2459,-2.8568],[-78.2471,-2.8746],[-78.2454,-2.8804],[-78.2503,-2.9026],[-78.2558,-2.9095],[-78.2572,-2.916],[-78.2541,-2.9241],[-78.2551,-2.9302],[-78.2463,-2.9418],[-78.2442,-2.9507],[-78.2393,-2.9579],[-78.237,-2.97],[-78.2282,-2.9796],[-78.2284,-2.9819],[-78.2251,-2.9818],[-78.2172,-2.9745],[-78.2115,-2.9736],[-78.2114,-2.9684],[-78.2082,-2.9609],[-78.2091,-2.9562],[-78.1965,-2.9419],[-78.1933,-2.9321],[-78.187,-2.9249],[-78.1808,-2.9218],[-78.1807,-2.9181],[-78.1762,-2.9117],[-78.1683,-2.9108],[-78.162,-2.9076],[-78.1537,-2.9136],[-78.1452,-2.9137],[-78.1455,-2.9051],[-78.1505,-2.8996],[-78.1539,-2.8917],[-78.1538,-2.8837],[-78.1517,-2.8786],[-78.1511,-2.869],[-78.1523,-2.8623],[-78.1604,-2.854],[-78.1592,-2.844],[-78.1544,-2.8383],[-78.1442,-2.8309],[-78.1282,-2.8266],[-78.1214,-2.8186],[-78.119,-2.8069],[-78.1194,-2.8001],[-78.1148,-2.7977],[-78.1076,-2.7881],[-78.111,-2.776],[-78.1008,-2.7565],[-78.0971,-2.7514],[-78.1013,-2.7509],[-78.1196,-2.7438],[-78.1278,-2.7374],[-78.1419,-2.732],[-78.1497,-2.7319],[-78.1818,-2.7383],[-78.1814,-2.7226],[-78.1868,-2.7138],[-78.187,-2.7087],[-78.1938,-2.7054],[-78.193,-2.7018],[-78.1963,-2.693],[-78.2011,-2.6853],[-78.2082,-2.6835],[-78.2061,-2.6786],[-78.2002,-2.6763],[-78.2002,-2.6675],[-78.2089,-2.6575],[-78.2166,-2.6558],[-78.2279,-2.6429],[-78.2361,-2.6382],[-78.2443,-2.6409],[-78.2486,-2.6388],[-78.2441,-2.6281],[-78.2445,-2.623],[-78.2395,-2.6159],[-78.2398,-2.6026],[-78.2413,-2.5966],[-78.2489,-2.5876],[-78.2495,-2.583],[-78.2542,-2.5745],[-78.2652,-2.5746],[-78.2697,-2.5702],[-78.282,-2.5744],[-78.2854,-2.5727],[-78.2876,-2.5765],[-78.3025,-2.5816],[-78.3114,-2.5808],[-78.316,-2.5649],[-78.3375,-2.5633],[-78.3488,-2.559],[-78.3696,-2.5595],[-78.384,-2.5625],[-78.3897,-2.5532],[-78.3982,-2.5505],[-78.403,-2.5456],[-78.4084,-2.546],[-78.4187,-2.539],[-78.428,-2.5273],[-78.4357,-2.5283],[-78.4424,-2.5204],[-78.4487,-2.5159],[-78.453,-2.5154],[-78.4631,-2.5206],[-78.4786,-2.5302],[-78.4933,-2.5279],[-78.4971,-2.5258],[-78.4987,-2.5206],[-78.5045,-2.5213],[-78.5122,-2.5417],[-78.5264,-2.5561],[-78.5288,-2.563],[-78.5393,-2.5675],[-78.5478,-2.5594],[-78.5533,-2.558],[-78.5564,-2.5601]]]},"properties":{"poblacion":9295,"dpa_descan":"SANTIAGO","dpa_provin":"14","dpa_despro":"MORONA SANTIAGO","dpa_canton":"1405"}},
{"type":"Feature","geometry":{"type":"Polygon","coordinates":[[[-78.1482,-2.4013],[-78.1532,-2.4023],[-78.1588,-2.3985],[-78.161,-2.4003],[-78.1748,-2.3903],[-78.1837,-2.3892],[-78.1909,-2.3821],[-78.1939,-2.372],[-78.1984,-2.3699],[-78.2103,-2.3712],[-78.2146,-2.3653],[-78.2229,-2.359],[-78.2358,-2.3414],[-78.2433,-2.3401],[-78.2538,-2.348],[-78.2867,-2.3463],[-78.2946,-2.35],[-78.3014,-2.3589],[-78.3077,-2.378],[-78.3128,-2.3846],[-78.3182,-2.3878],[-78.3221,-2.3964],[-78.3316,-2.4024],[-78.3404,-2.4103],[-78.3458,-2.4174],[-78.3537,-2.4231],[-78.3582,-2.4295],[-78.3625,-2.4393],[-78.3699,-2.4389],[-78.3707,-2.4586],[-78.3809,-2.4679],[-78.3853,-2.4756],[-78.393,-2.4727],[-78.3988,-2.4733],[-78.4012,-2.4782],[-78.3968,-2.4902],[-78.3978,-2.5002],[-78.3964,-2.5036],[-78.4047,-2.5042],[-78.4121,-2.5068],[-78.4283,-2.5028],[-78.4405,-2.5033],[-78.4439,-2.4953],[-78.4505,-2.4934],[-78.4629,-2.4941],[-78.4711,-2.4976],[-78.4743,-2.5037],[-78.4977,-2.5033],[-78.498,-2.5073],[-78.5031,-2.5159],[-78.5045,-2.5213],[-78.4987,-2.5206],[-78.4971,-2.5258],[-78.4933,-2.5279],[-78.4786,-2.5302],[-78.4631,-2.5206],[-78.453,-2.5154],[-78.4487,-2.5159],[-78.4424,-2.5204],[-78.4357,-2.5283],[-78.428,-2.5273],[-78.4187,-2.539],[-78.4084,-2.546],[-78.403,-2.5456],[-78.3982,-2.5505],[-78.3897,-2.5532],[-78.384,-2.5625],[-78.3696,-2.5595],[-78.3488,-2.559],[-78.3375,-2.5633],[-78.316,-2.5649],[-78.3114,-2.5808],[-78.3025,-2.5816],[-78.2876,-2.5765],[-78.2854,-2.5727],[-78.282,-2.5744],[-78.2697,-2.5702],[-78.2652,-2.5746],[-78.2542,-2.5745],[-78.2497,-2.5739],[-78.2442,-2.5698],[-78.2436,-2.5659],[-78.2483,-2.559],[-78.2372,-2.5484],[-78.2307,-2.5477],[-78.2269,-2.5524],[-78.2209,-2.5649],[-78.2108,-2.5684],[-78.2049,-2.5779],[-78.2021,-2.5794],[-78.2002,-2.5878],[-78.1933,-2.5909],[-78.1849,-2.5971],[-78.1853,-2.6039],[-78.1782,-2.6017],[-78.1764,-2.5982],[-78.1654,-2.5908],[-78.1582,-2.5937],[-78.1528,-2.5918],[-78.1481,-2.5989],[-78.1481,-2.6097],[-78.1347,-2.6156],[-78.1278,-2.6103],[-78.1181,-2.6207],[-78.1129,-2.6227],[-78.1089,-2.6201],[-78.1064,-2.6119],[-78.1067,-2.593],[-78.1027,-2.5913],[-78.1008,-2.5864],[-78.0992,-2.5734],[-78.087,-2.5757],[-78.0854,-2.5726],[-78.0772,-2.5743],[-78.0708,-2.5802],[-78.0641,-2.5826],[-78.063,-2.587],[-78.0591,-2.5883],[-78.0542,-2.5949],[-78.0506,-2.5944],[-78.042,-2.6007],[-78.0426,-2.6084],[-78.0389,-2.6167],[-78.0429,-2.6188],[-78.0352,-2.6293],[-78.0203,-2.6225],[-78.0201,-2.6211],[-78.0204,-2.6132],[-78.0185,-2.6072],[-78.0221,-2.5971],[-78.025,-2.5967],[-78.0267,-2.5851],[-78.0296,-2.5786],[-78.0292,-2.5726],[-78.036,-2.5695],[-78.038,-2.5643],[-78.0385,-2.5368],[-78.0363,-2.5285],[-78.0289,-2.5162],[-78.0226,-2.5168],[-78.0199,-2.5099],[-78.0204,-2.4961],[-78.0236,-2.4885],[-78.0323,-2.4807],[-78.0342,-2.4744],[-78.0381,-2.4714],[-78.0395,-2.4548],[-78.0377,-2.445],[-78.0382,-2.4365],[-78.0346,-2.427],[-78.021,-2.4197],[-78.0123,-2.4075],[-78.0082,-2.4069],[-78.0098,-2.3998],[-78.0155,-2.4008],[-78.0229,-2.3993],[-78.0254,-2.3963],[-78.0367,-2.3992],[-78.0414,-2.4027],[-78.0472,-2.4],[-78.0565,-2.4012],[-78.0636,-2.4059],[-78.0715,-2.4032],[-78.0727,-2.3951],[-78.0796,-2.3917],[-78.089,-2.4016],[-78.1022,-2.3976],[-78.1078,-2.3993],[-78.1254,-2.4007],[-78.1482,-2.4013]]]},"properties":{"poblacion":18318,"dpa_descan":"SUCUA","dpa_provin":"14","dpa_despro":"MORONA SANTIAGO","dpa_canton":"1406"}},
{"type":"Feature","geometry":{"type":"Polygon","coordinates":[[[-78.6121,-1.3749],[-78.6138,-1.3737],[-78.6177,-1.3686],[-78.6265,-1.3651],[-78.6378,-1.3579],[-78.643,-1.3583],[-78.6444,-1.3697],[-78.6461,-1.385],[-78.649,-1.3939],[-78.6534,-1.3933],[-78.6771,-1.3992],[-78.6977,-1.3993],[-78.7001,-1.3959],[-78.708,-1.3971],[-78.7164,-1.3943],[-78.7246,-1.399],[-78.7402,-1.4014],[-78.7452,-1.4063],[-78.7562,-1.4078],[-78.7612,-1.4165],[-78.7621,-1.4274],[-78.7664,-1.428],[-78.7687,-1.434],[-78.7633,-1.4398],[-78.7559,-1.4434],[-78.7538,-1.4466],[-78.7414,-1.4531],[-78.7265,-1.4697],[-78.7157,-1.47],[-78.7135,-1.4657],[-78.708,-1.4635],[-78.6973,-1.4482],[-78.691,-1.4448],[-78.683,-1.4459],[-78.6821,-1.439],[-78.6691,-1.4309],[-78.6625,-1.4248],[-78.6562,-1.4268],[-78.6481,-1.4161],[-78.6425,-1.4164],[-78.6376,-1.4085],[-78.6173,-1.3977],[-78.6139,-1.3907],[-78.6108,-1.3897],[-78.6121,-1.3749]]]},"properties":{"poblacion":6777,"dpa_descan":"MOCHA","dpa_provin":"18","dpa_despro":"TUNGURAHUA","dpa_canton":"1804"}},
{"type":"Feature","geometry":{"type":"Polygon","coordinates":[[[-78.4483,-1.3583],[-78.4382,-1.3544],[-78.4183,-1.3469],[-78.4075,-1.3455],[-78.406,-1.3338],[-78.4026,-1.3294],[-78.4035,-1.3224],[-78.3974,-1.3218],[-78.3842,-1.3248],[-78.366,-1.3244],[-78.3662,-1.3126],[-78.3624,-1.3002],[-78.3597,-1.2956],[-78.343,-1.2768],[-78.3439,-1.2622],[-78.3411,-1.2558],[-78.3333,-1.2465],[-78.3318,-1.2398],[-78.3323,-1.2241],[-78.3247,-1.2159],[-78.3316,-1.2075],[-78.3306,-1.2021],[-78.3265,-1.1963],[-78.3319,-1.1952],[-78.3387,-1.1852],[-78.3429,-1.1744],[-78.3504,-1.1737],[-78.3537,-1.1628],[-78.3601,-1.1599],[-78.3709,-1.1608],[-78.3847,-1.1643],[-78.3894,-1.1765],[-78.4027,-1.1851],[-78.4064,-1.1848],[-78.4135,-1.1794],[-78.4207,-1.1883],[-78.4269,-1.1855],[-78.4324,-1.1902],[-78.4355,-1.1972],[-78.4399,-1.2147],[-78.4386,-1.2202],[-78.4531,-1.2267],[-78.4538,-1.2313],[-78.4653,-1.2347],[-78.4755,-1.231],[-78.4795,-1.2277],[-78.4852,-1.2279],[-78.493,-1.2334],[-78.5046,-1.2338],[-78.5069,-1.238],[-78.5146,-1.2433],[-78.5209,-1.244],[-78.5182,-1.2501],[-78.5182,-1.2585],[-78.5112,-1.2684],[-78.5078,-1.2767],[-78.5097,-1.2789],[-78.513,-1.2923],[-78.5154,-1.2947],[-78.5193,-1.3119],[-78.5128,-1.3219],[-78.5117,-1.3307],[-78.5082,-1.3398],[-78.4999,-1.3474],[-78.4989,-1.3516],[-78.493,-1.3575],[-78.491,-1.3628],[-78.4961,-1.3813],[-78.483,-1.3841],[-78.479,-1.3867],[-78.4761,-1.3977],[-78.472,-1.4041],[-78.4713,-1.4061],[-78.4642,-1.4024],[-78.4597,-1.4031],[-78.4584,-1.3995],[-78.4615,-1.3897],[-78.461,-1.3737],[-78.458,-1.3687],[-78.4601,-1.3653],[-78.4483,-1.3583]]]},"properties":{"poblacion":13497,"dpa_descan":"PATATE","dpa_provin":"18","dpa_despro":"TUNGURAHUA","dpa_canton":"1805"}},
{"type":"Feature","geometry":{"type":"Polygon","coordinates":[[[-77.8328,-1.8621],[-77.8479,-1.8609],[-77.855,-1.8563],[-77.8621,-1.8553],[-77.8719,-1.8498],[-77.8786,-1.8513],[-77.8852,-1.8554],[-77.8906,-1.8555],[-77.9162,-1.8733],[-77.9234,-1.8764],[-77.9261,-1.8807],[-77.9338,-1.8843],[-77.9437,-1.8846],[-77.9488,-1.8863],[-77.9506,-1.8824],[-77.9586,-1.8864],[-77.9687,-1.8881],[-77.9755,-1.8841],[-77.9839,-1.8907],[-77.9826,-1.8947],[-77.9952,-1.9107],[-78.0003,-1.9141],[-77.9992,-1.9334],[-78.009,-1.9485],[-78.0149,-1.9439],[-78.0271,-1.9407],[-78.0396,-1.9408],[-78.0441,-1.9381],[-78.0568,-1.9385],[-78.0598,-1.9367],[-78.0689,-1.9466],[-78.082,-1.9432],[-78.09,-1.9449],[-78.0962,-1.9419],[-78.0971,-1.9367],[-78.103,-1.9365],[-78.1094,-1.9418],[-78.1149,-1.9423],[-78.1182,-1.9487],[-78.1276,-1.9541],[-78.129,-1.9573],[-78.1368,-1.9624],[-78.143,-1.97],[-78.1488,-1.9697],[-78.1578,-1.9735],[-78.1691,-1.9763],[-78.1621,-1.9917],[-78.1508,-2.0144],[-78.1466,-2.0152],[-78.1421,-2.0203],[-78.1387,-2.0188],[-78.125,-2.0216],[-78.1159,-2.0193],[-78.109,-2.0247],[-78.1043,-2.0246],[-78.0993,-2.0289],[-78.0897,-2.0325],[-78.0789,-2.0382],[-78.0638,-2.0491],[-78.0547,-2.0521],[-78.0463,-2.05],[-78.0462,-2.0528],[-78.0533,-2.0552],[-78.0477,-2.0634],[-78.0401,-2.0605],[-78.0272,-2.075],[-78.0232,-2.0831],[-78.0273,-2.0844],[-78.0259,-2.1017],[-78.0347,-2.1032],[-78.0346,-2.1148],[-78.0312,-2.1172],[-78.0188,-2.1183],[-78.0082,-2.1172],[-78.0058,-2.114],[-77.9984,-2.1148],[-77.9858,-2.1189],[-77.9648,-2.1146],[-77.9597,-2.1106],[-77.9558,-2.1038],[-77.9487,-2.0983],[-77.9395,-2.0905],[-77.9389,-2.0883],[-77.9289,-2.0825],[-77.9255,-2.0758],[-77.9034,-2.0762],[-77.8964,-2.072],[-77.8881,-2.0803],[-77.8806,-2.0811],[-77.8808,-2.0657],[-77.8718,-2.0602],[-77.8617,-2.0446],[-77.8585,-2.0317],[-77.8632,-2.0237],[-77.8647,-2.0171],[-77.86,-2.0106],[-77.8432,-2.0197],[-77.8411,-2.0236],[-77.8332,-2.0219],[-77.8243,-2.0153],[-77.8223,-2.0096],[-77.8256,-1.9974],[-77.8197,-1.9959],[-77.817,-1.991],[-77.8121,-1.9949],[-77.806,-1.9926],[-77.8019,-1.9962],[-77.7939,-1.996],[-77.7925,-1.9894],[-77.7885,-1.9849],[-77.7809,-1.9813],[-77.7752,-1.9732],[-77.7807,-1.9688],[-77.7946,-1.9525],[-77.7938,-1.9384],[-77.7971,-1.9325],[-77.8042,-1.9331],[-77.8112,-1.9312],[-77.823,-1.9223],[-77.8255,-1.9158],[-77.8277,-1.9087],[-77.8248,-1.9032],[-77.8284,-1.8953],[-77.8272,-1.8857],[-77.8285,-1.881],[-77.8265,-1.8711],[-77.8328,-1.8621]]]},"properties":{"poblacion":8466,"dpa_descan":"HUAMBOYA","dpa_provin":"14","dpa_despro":"MORONA SANTIAGO","dpa_canton":"1407"}},
{"type":"Feature","geometry":{"type":"Polygon","coordinates":[[[-78.5302,-3.265],[-78.5278,-3.2667],[-78.528,-3.2776],[-78.5189,-3.2939],[-78.5189,-3.2976],[-78.5141,-3.3016],[-78.5093,-3.3088],[-78.5089,-3.313],[-78.4998,-3.3194],[-78.4861,-3.3193],[-78.4817,-3.3147],[-78.4746,-3.3156],[-78.4753,-3.3193],[-78.4686,-3.3253],[-78.4671,-3.3309],[-78.4618,-3.328],[-78.4522,-3.3263],[-78.4465,-3.3223],[-78.4365,-3.3194],[-78.4266,-3.3185],[-78.4184,-3.316],[-78.4133,-3.3108],[-78.4041,-3.308],[-78.3981,-3.3171],[-78.3864,-3.3221],[-78.3825,-3.33],[-78.3789,-3.3332],[-78.3724,-3.3342],[-78.3604,-3.3426],[-78.3524,-3.3434],[-78.3469,-3.3463],[-78.3461,-3.3498],[-78.3508,-3.3602],[-78.3498,-3.3656],[-78.3523,-3.3818],[-78.3444,-3.3915],[-78.3469,-3.3838],[-78.341,-3.382],[-78.3354,-3.3838],[-78.3239,-3.3904],[-78.3173,-3.3961],[-78.3101,-3.3957],[-78.302,-3.3998],[-78.2905,-3.3956],[-78.2741,-3.404],[-78.2671,-3.4053],[-78.2601,-3.4028],[-78.2552,-3.4043],[-78.2496,-3.4008],[-78.2464,-3.4064],[-78.2414,-3.4092],[-78.2411,-3.4169],[-78.2439,-3.4222],[-78.2426,-3.4307],[-78.2439,-3.4396],[-78.237,-3.4451],[-78.2351,-3.4528],[-78.2368,-3.4621],[-78.2345,-3.4653],[-78.2295,-3.4816],[-78.2306,-3.4858],[-78.2264,-3.4917],[-78.2326,-3.4962],[-78.2164,-3.5094],[-78.2061,-3.5056],[-78.2006,-3.4957],[-78.1925,-3.5006],[-78.1863,-3.4979],[-78.184,-3.4993],[-78.1807,-3.4917],[-78.1701,-3.4907],[-78.1629,-3.4814],[-78.1489,-3.4807],[-78.147,-3.4785],[-78.1471,-3.4654],[-78.1455,-3.4603],[-78.1485,-3.4585],[-78.1476,-3.448],[-78.1528,-3.4424],[-78.1508,-3.4333],[-78.1531,-3.4318],[-78.1547,-3.4217],[-78.1617,-3.4135],[-78.1684,-3.4094],[-78.1735,-3.4125],[-78.1807,-3.4086],[-78.1826,-3.4025],[-78.1871,-3.3978],[-78.192,-3.3768],[-78.1947,-3.3747],[-78.1914,-3.3709],[-78.1938,-3.3663],[-78.1902,-3.3597],[-78.1774,-3.3553],[-78.1705,-3.3499],[-78.1684,-3.3451],[-78.1607,-3.3406],[-78.1577,-3.3356],[-78.1527,-3.334],[-78.15,-3.3286],[-78.1429,-3.3264],[-78.1278,-3.299],[-78.1241,-3.2944],[-78.113,-3.2857],[-78.1132,-3.2813],[-78.1081,-3.2772],[-78.1077,-3.2631],[-78.0993,-3.2612],[-78.1004,-3.2558],[-78.0959,-3.2536],[-78.0945,-3.2474],[-78.1026,-3.2532],[-78.1092,-3.252],[-78.1137,-3.2566],[-78.1219,-3.2586],[-78.1256,-3.2629],[-78.1333,-3.2639],[-78.1467,-3.2717],[-78.146,-3.2745],[-78.1519,-3.2838],[-78.1685,-3.287],[-78.169,-3.289],[-78.1829,-3.2938],[-78.1856,-3.2986],[-78.1894,-3.2994],[-78.1967,-3.3077],[-78.2024,-3.311],[-78.209,-3.3081],[-78.2127,-3.3106],[-78.2217,-3.3093],[-78.2284,-3.3107],[-78.2342,-3.3028],[-78.232,-3.2962],[-78.2366,-3.2882],[-78.2343,-3.2783],[-78.2282,-3.2734],[-78.2304,-3.2698],[-78.2308,-3.2577],[-78.2244,-3.249],[-78.2255,-3.2429],[-78.2169,-3.2346],[-78.2148,-3.2296],[-78.219,-3.2133],[-78.2223,-3.2055],[-78.2525,-3.2058],[-78.3528,-3.2057],[-78.355,-3.2057],[-78.3556,-3.1984],[-78.3643,-3.1896],[-78.366,-3.1805],[-78.3695,-3.178],[-78.3751,-3.1658],[-78.3854,-3.1654],[-78.3935,-3.1583],[-78.4082,-3.1551],[-78.4155,-3.1503],[-78.4192,-3.1502],[-78.4219,-3.1603],[-78.4313,-3.1702],[-78.4441,-3.1669],[-78.4468,-3.1593],[-78.4557,-3.1612],[-78.4642,-3.1557],[-78.4696,-3.1476],[-78.4786,-3.1465],[-78.4806,-3.1413],[-78.4814,-3.1379],[-78.4869,-3.1337],[-78.4976,-3.0815],[-78.5002,-3.0659],[-78.5056,-3.0549],[-78.502,-3.0503],[-78.4979,-3.0364],[-78.4935,-3.0319],[-78.4891,-3.0106],[-78.501,-3.0126],[-78.499,-3.0179],[-78.5059,-3.0261],[-78.5207,-3.0183],[-78.528,-3.0185],[-78.5427,-3.0236],[-78.5504,-3.0242],[-78.5628,-3.0375],[-78.5642,-3.0413],[-78.577,-3.0469],[-78.5797,-3.0509],[-78.5855,-3.0531],[-78.5951,-3.0541],[-78.6041,-3.0599],[-78.6072,-3.0597],[-78.614,-3.0658],[-78.6235,-3.0693],[-78.6345,-3.0716],[-78.6402,-3.0688],[-78.6508,-3.0682],[-78.6581,-3.0662],[-78.6635,-3.0731],[-78.651,-3.0783],[-78.6482,-3.0814],[-78.6445,-3.0827],[-78.6429,-3.0877],[-78.6326,-3.097],[-78.6185,-3.1062],[-78.6137,-3.1128],[-78.6092,-3.1144],[-78.6096,-3.1189],[-78.6017,-3.1464],[-78.5969,-3.149],[-78.5824,-3.1491],[-78.5772,-3.1593],[-78.5683,-3.1598],[-78.5664,-3.1649],[-78.5583,-3.1687],[-78.5584,-3.1719],[-78.5636,-3.1773],[-78.5622,-3.1861],[-78.5655,-3.1909],[-78.5656,-3.1976],[-78.5617,-3.2028],[-78.5655,-3.2087],[-78.5696,-3.2098],[-78.5608,-3.2198],[-78.558,-3.2285],[-78.5467,-3.231],[-78.5444,-3.244],[-78.5458,-3.2476],[-78.5371,-3.264],[-78.5302,-3.265]]]},"properties":{"poblacion":3908,"dpa_descan":"SAN JUAN BOSCO","dpa_provin":"14","dpa_despro":"MORONA SANTIAGO","dpa_canton":"1408"}},
{"type":"Feature","geometry":{"type":"Polygon","coordinates":[[[-78.6157,-1.5001],[-78.6085,-1.4965],[-78.6077,-1.4923],[-78.6024,-1.4892],[-78.5965,-1.4908],[-78.5851,-1.4898],[-78.5706,-1.4786],[-78.5634,-1.4758],[-78.5466,-1.4754],[-78.5399,-1.4798],[-78.5375,-1.4734],[-78.54,-1.4692],[-78.5399,-1.4628],[-78.5427,-1.4604],[-78.5434,-1.4522],[-78.546,-1.4476],[-78.5432,-1.4378],[-78.5506,-1.4265],[-78.5566,-1.4216],[-78.5596,-1.4161],[-78.5603,-1.4201],[-78.5657,-1.4126],[-78.5657,-1.4063],[-78.5718,-1.3995],[-78.5662,-1.399],[-78.565,-1.3786],[-78.57,-1.3786],[-78.5737,-1.3731],[-78.579,-1.3604],[-78.5902,-1.3522],[-78.5905,-1.3567],[-78.5969,-1.3666],[-78.6032,-1.3665],[-78.6057,-1.3714],[-78.6121,-1.3749],[-78.6108,-1.3897],[-78.6139,-1.3907],[-78.6173,-1.3977],[-78.6376,-1.4085],[-78.6425,-1.4164],[-78.6481,-1.4161],[-78.6562,-1.4268],[-78.6625,-1.4248],[-78.6691,-1.4309],[-78.6821,-1.439],[-78.683,-1.4459],[-78.691,-1.4448],[-78.6973,-1.4482],[-78.708,-1.4635],[-78.7135,-1.4657],[-78.7157,-1.47],[-78.7265,-1.4697],[-78.7229,-1.4775],[-78.7113,-1.4909],[-78.7023,-1.4967],[-78.697,-1.4977],[-78.6765,-1.4954],[-78.667,-1.4998],[-78.6579,-1.4974],[-78.6508,-1.4997],[-78.6404,-1.4943],[-78.6337,-1.4959],[-78.6327,-1.504],[-78.6276,-1.5084],[-78.6204,-1.5061],[-78.6157,-1.5001]]]},"properties":{"poblacion":19205,"dpa_descan":"QUERO","dpa_provin":"18","dpa_despro":"TUNGURAHUA","dpa_canton":"1806"}},
{"type":"Feature","geometry":{"type":"Polygon","coordinates":[[[-78.5097,-1.2789],[-78.5078,-1.2767],[-78.5112,-1.2684],[-78.5182,-1.2585],[-78.5182,-1.2501],[-78.5209,-1.244],[-78.5245,-1.2375],[-78.5332,-1.2384],[-78.5373,-1.2333],[-78.5416,-1.2319],[-78.5488,-1.2352],[-78.5575,-1.2585],[-78.5623,-1.2643],[-78.5709,-1.2795],[-78.5762,-1.2851],[-78.5725,-1.292],[-78.5799,-1.2968],[-78.5815,-1.3026],[-78.5762,-1.3078],[-78.5798,-1.3113],[-78.5909,-1.3066],[-78.5955,-1.3213],[-78.5963,-1.3243],[-78.5971,-1.3291],[-78.5939,-1.3374],[-78.5888,-1.3431],[-78.5902,-1.3522],[-78.579,-1.3604],[-78.5737,-1.3731],[-78.57,-1.3786],[-78.565,-1.3786],[-78.5662,-1.399],[-78.5718,-1.3995],[-78.5657,-1.4063],[-78.5657,-1.4126],[-78.5603,-1.4201],[-78.5596,-1.4161],[-78.5566,-1.4216],[-78.5506,-1.4265],[-78.5432,-1.4378],[-78.546,-1.4476],[-78.5434,-1.4522],[-78.5427,-1.4604],[-78.5399,-1.4628],[-78.54,-1.4692],[-78.5375,-1.4734],[-78.5399,-1.4798],[-78.5321,-1.4827],[-78.5332,-1.4796],[-78.5299,-1.4693],[-78.5129,-1.472],[-78.5075,-1.4497],[-78.5042,-1.443],[-78.505,-1.4384],[-78.501,-1.4343],[-78.4964,-1.435],[-78.4977,-1.44],[-78.4934,-1.4451],[-78.4822,-1.4527],[-78.4483,-1.4678],[-78.4536,-1.4535],[-78.4679,-1.4343],[-78.4722,-1.421],[-78.4784,-1.4132],[-78.4767,-1.4064],[-78.472,-1.4041],[-78.4761,-1.3977],[-78.479,-1.3867],[-78.483,-1.3841],[-78.4961,-1.3813],[-78.491,-1.3628],[-78.493,-1.3575],[-78.4989,-1.3516],[-78.4999,-1.3474],[-78.5082,-1.3398],[-78.5117,-1.3307],[-78.5128,-1.3219],[-78.5193,-1.3119],[-78.5154,-1.2947],[-78.513,-1.2923],[-78.5097,-1.2789]]]},"properties":{"poblacion":56573,"dpa_descan":"SAN PEDRO DE PELILEO","dpa_provin":"18","dpa_despro":"TUNGURAHUA","dpa_canton":"1807"}},
{"type":"Feature","geometry":{"type":"Polygon","coordinates":[[[-79.6486,-3.6254],[-79.6492,-3.6221],[-79.6411,-3.6058],[-79.6336,-3.595],[-79.6271,-3.5889],[-79.6185,-3.5744],[-79.6172,-3.5607],[-79.612,-3.5492],[-79.6068,-3.5473],[-79.6008,-3.5408],[-79.6047,-3.5345],[-79.6061,-3.5271],[-79.6128,-3.5178],[-79.6214,-3.5152],[-79.6249,-3.5103],[-79.6344,-3.5038],[-79.6388,-3.5082],[-79.6456,-3.5132],[-79.6504,-3.514],[-79.6602,-3.5111],[-79.6703,-3.5153],[-79.6734,-3.5122],[-79.6924,-3.5098],[-79.6966,-3.5037],[-79.7036,-3.4996],[-79.7079,-3.4974],[-79.7111,-3.4903],[-79.7209,-3.4845],[-79.722,-3.4806],[-79.7292,-3.4758],[-79.7332,-3.4694],[-79.7399,-3.4642],[-79.7612,-3.4658],[-79.765,-3.4622],[-79.7634,-3.4694],[-79.7662,-3.4751],[-79.777,-3.4699],[-79.7816,-3.4744],[-79.7833,-3.4798],[-79.7906,-3.4901],[-79.7927,-3.4993],[-79.7962,-3.5068],[-79.7965,-3.5185],[-79.8001,-3.5238],[-79.8047,-3.5223],[-79.8137,-3.5229],[-79.8243,-3.5192],[-79.8274,-3.5216],[-79.8303,-3.5187],[-79.8363,-3.523],[-79.8389,-3.5301],[-79.8295,-3.5437],[-79.8191,-3.5483],[-79.8169,-3.5524],[-79.8047,-3.5574],[-79.7972,-3.5661],[-79.7917,-3.5694],[-79.7861,-3.5687],[-79.7768,-3.563],[-79.7726,-3.569],[-79.7763,-3.5746],[-79.7716,-3.5826],[-79.7754,-3.5876],[-79.78,-3.5858],[-79.7841,-3.5896],[-79.8019,-3.5899],[-79.8058,-3.5967],[-79.8064,-3.6037],[-79.8162,-3.6153],[-79.8314,-3.6198],[-79.8215,-3.6208],[-79.8086,-3.6298],[-79.8084,-3.638],[-79.806,-3.6405],[-79.7946,-3.6363],[-79.7829,-3.619],[-79.7737,-3.6149],[-79.7627,-3.6056],[-79.7547,-3.586],[-79.7475,-3.5851],[-79.7408,-3.5747],[-79.7289,-3.5783],[-79.7225,-3.5759],[-79.7135,-3.5794],[-79.7039,-3.6018],[-79.7043,-3.6127],[-79.6984,-3.6218],[-79.6996,-3.6282],[-79.6954,-3.6336],[-79.692,-3.6419],[-79.6808,-3.6523],[-79.6742,-3.646],[-79.6668,-3.6425],[-79.6538,-3.6408],[-79.6528,-3.6416],[-79.6522,-3.6385],[-79.6486,-3.6254]]]},"properties":{"poblacion":5833,"dpa_descan":"ATAHUALPA","dpa_provin":"07","dpa_despro":"EL ORO","dpa_canton":"0703"}},
{"type":"Feature","geometry":{"type":"Polygon","coordinates":[[[-77.4276,-2.1263],[-77.4384,-2.1197],[-77.4476,-2.1185],[-77.4536,-2.115],[-77.461,-2.1162],[-77.4681,-2.1081],[-77.4725,-2.1062],[-77.4837,-2.1065],[-77.4911,-2.1029],[-77.4966,-2.0975],[-77.5022,-2.0949],[-77.506,-2.0841],[-77.5163,-2.0819],[-77.5235,-2.0839],[-77.5334,-2.0774],[-77.5424,-2.0745],[-77.5614,-2.0722],[-77.5682,-2.0756],[-77.5775,-2.0756],[-77.5827,-2.0701],[-77.5941,-2.0523],[-77.6014,-2.054],[-77.6108,-2.0492],[-77.6169,-2.0413],[-77.6249,-2.043],[-77.6419,-2.0426],[-77.6475,-2.0454],[-77.6491,-2.05],[-77.6612,-2.0522],[-77.6667,-2.0509],[-77.6745,-2.0447],[-77.6802,-2.0428],[-77.6844,-2.0364],[-77.6971,-2.0252],[-77.7127,-2.0268],[-77.7232,-2.0166],[-77.7298,-2.0051],[-77.7333,-1.994],[-77.7342,-1.9847],[-77.7378,-1.9817],[-77.7591,-1.9793],[-77.7621,-1.9769],[-77.7752,-1.9732],[-77.7809,-1.9813],[-77.7885,-1.9849],[-77.7925,-1.9894],[-77.7939,-1.996],[-77.8019,-1.9962],[-77.806,-1.9926],[-77.8121,-1.9949],[-77.817,-1.991],[-77.8197,-1.9959],[-77.8256,-1.9974],[-77.8223,-2.0096],[-77.8201,-2.0118],[-77.8074,-2.0168],[-77.8037,-2.021],[-77.8059,-2.0323],[-77.806,-2.0459],[-77.8039,-2.0586],[-77.8,-2.0666],[-77.8084,-2.0828],[-77.8062,-2.1131],[-77.809,-2.1223],[-77.8095,-2.1356],[-77.8073,-2.1425],[-77.8185,-2.1675],[-77.8171,-2.1752],[-77.8111,-2.1853],[-77.8102,-2.1916],[-77.8118,-2.2029],[-77.815,-2.2117],[-77.8142,-2.2171],[-77.8102,-2.2201],[-77.7959,-2.221],[-77.7848,-2.2265],[-77.7761,-2.2273],[-77.7682,-2.2308],[-77.7637,-2.2297],[-77.7566,-2.223],[-77.7378,-2.2183],[-77.7314,-2.2204],[-77.7306,-2.2313],[-77.7277,-2.2318],[-77.7316,-2.2404],[-77.7298,-2.2444],[-77.7249,-2.2464],[-77.7281,-2.2557],[-77.7328,-2.2618],[-77.7463,-2.2685],[-77.7469,-2.2971],[-77.7491,-2.3047],[-77.7465,-2.3128],[-77.7494,-2.3161],[-77.7466,-2.3226],[-77.7446,-2.3323],[-77.7456,-2.3386],[-77.7497,-2.3441],[-77.7473,-2.3489],[-77.7438,-2.3656],[-77.7477,-2.3716],[-77.746,-2.3859],[-77.748,-2.4001],[-77.7458,-2.4071],[-77.7371,-2.4049],[-77.7255,-2.4102],[-77.7323,-2.4213],[-77.7277,-2.4292],[-77.7238,-2.4283],[-77.7227,-2.4345],[-77.7293,-2.4399],[-77.728,-2.4486],[-77.7316,-2.4576],[-77.7262,-2.4564],[-77.7297,-2.4632],[-77.7239,-2.4637],[-77.7207,-2.4703],[-77.7258,-2.4689],[-77.7316,-2.4721],[-77.7342,-2.4825],[-77.738,-2.4855],[-77.7299,-2.4874],[-77.7301,-2.4969],[-77.7341,-2.5013],[-77.7339,-2.5058],[-77.7304,-2.5081],[-77.7341,-2.5118],[-77.7314,-2.5216],[-77.726,-2.5252],[-77.7214,-2.5235],[-77.7226,-2.5305],[-77.7271,-2.5353],[-77.7235,-2.5371],[-77.7159,-2.5364],[-77.7186,-2.5394],[-77.7152,-2.543],[-77.7132,-2.5529],[-77.7169,-2.5563],[-77.7108,-2.5577],[-77.7114,-2.5621],[-77.708,-2.5703],[-77.6987,-2.5671],[-77.7008,-2.5751],[-77.7048,-2.5729],[-77.7062,-2.577],[-77.7019,-2.5809],[-77.6994,-2.5765],[-77.6947,-2.5793],[-77.7017,-2.5879],[-77.6984,-2.5893],[-77.6963,-2.5968],[-77.6893,-2.6037],[-77.6846,-2.6011],[-77.6836,-2.6135],[-77.6785,-2.6135],[-77.6793,-2.617],[-77.6739,-2.6229],[-77.6753,-2.6271],[-77.6892,-2.6267],[-77.6909,-2.6307],[-77.6984,-2.6274],[-77.7017,-2.6316],[-77.695,-2.6336],[-77.7024,-2.6355],[-77.7013,-2.6431],[-77.7034,-2.6467],[-77.7091,-2.6447],[-77.7145,-2.65],[-77.7113,-2.6538],[-77.7153,-2.6608],[-77.7096,-2.6589],[-77.7115,-2.6643],[-77.7095,-2.6669],[-77.702,-2.6636],[-77.6869,-2.6694],[-77.6901,-2.6738],[-77.6888,-2.6798],[-77.6851,-2.6822],[-77.6872,-2.6869],[-77.6843,-2.6929],[-77.6883,-2.694],[-77.6862,-2.6986],[-77.6809,-2.6956],[-77.6825,-2.7007],[-77.6776,-2.7044],[-77.6798,-2.7065],[-77.686,-2.7033],[-77.6824,-2.7085],[-77.6852,-2.7154],[-77.6808,-2.7169],[-77.6833,-2.7241],[-77.6825,-2.7317],[-77.6738,-2.7321],[-77.6763,-2.7355],[-77.6758,-2.7418],[-77.6614,-2.7546],[-77.6669,-2.7601],[-77.6605,-2.7637],[-77.6673,-2.7748],[-77.6745,-2.7767],[-77.6709,-2.7863],[-77.6609,-2.7998],[-77.6586,-2.8056],[-77.6555,-2.7947],[-77.6555,-2.803],[-77.6439,-2.8056],[-77.6375,-2.8091],[-77.6325,-2.8043],[-77.6274,-2.8028],[-77.628,-2.7974],[-77.6241,-2.7959],[-77.6206,-2.8012],[-77.6182,-2.7818],[-77.6137,-2.7775],[-77.6073,-2.7791],[-77.6079,-2.7856],[-77.6049,-2.7877],[-77.602,-2.7831],[-77.5953,-2.7826],[-77.5872,-2.7714],[-77.589,-2.779],[-77.5881,-2.7854],[-77.5918,-2.7918],[-77.5903,-2.7934],[-77.5899,-2.913],[-77.525,-2.8912],[-77.4137,-2.8536],[-77.3917,-2.8462],[-77.0249,-2.7224],[-76.693,-2.6103],[-76.7027,-2.602],[-76.7069,-2.596],[-76.717,-2.5919],[-76.7219,-2.588],[-76.7276,-2.5797],[-76.7336,-2.5622],[-76.737,-2.5562],[-76.7424,-2.5555],[-76.7477,-2.5624],[-76.7512,-2.5633],[-76.7633,-2.5582],[-76.7681,-2.5543],[-76.7779,-2.5525],[-76.7893,-2.5661],[-76.7966,-2.5701],[-76.8056,-2.5675],[-76.8133,-2.5604],[-76.8142,-2.5502],[-76.8217,-2.5423],[-76.8339,-2.5461],[-76.8374,-2.5487],[-76.8415,-2.5568],[-76.8491,-2.5567],[-76.8546,-2.5598],[-76.8618,-2.5584],[-76.8773,-2.5622],[-76.8798,-2.5659],[-76.8855,-2.5664],[-76.8911,-2.5568],[-76.8984,-2.554],[-76.9027,-2.5609],[-76.9144,-2.5653],[-76.9241,-2.5581],[-76.9253,-2.5464],[-76.9298,-2.5443],[-76.9389,-2.5538],[-76.9449,-2.5545],[-76.9499,-2.5474],[-76.9544,-2.5352],[-76.9594,-2.5293],[-76.9644,-2.5144],[-76.969,-2.5092],[-76.9753,-2.5104],[-76.9894,-2.5163],[-76.9952,-2.5157],[-76.9988,-2.5112],[-76.9964,-2.4966],[-76.9963,-2.4824],[-77.0008,-2.4706],[-77.0005,-2.462],[-77.0065,-2.4571],[-77.0264,-2.4541],[-77.0319,-2.4494],[-77.0468,-2.4117],[-77.0543,-2.3989],[-77.0644,-2.3877],[-77.0843,-2.3724],[-77.0869,-2.363],[-77.0867,-2.3505],[-77.0888,-2.3454],[-77.1058,-2.3293],[-77.1197,-2.3194],[-77.1296,-2.3136],[-77.1443,-2.3081],[-77.1627,-2.3027],[-77.1716,-2.2967],[-77.1786,-2.289],[-77.187,-2.277],[-77.1946,-2.2706],[-77.2112,-2.2688],[-77.2298,-2.2613],[-77.2302,-2.261],[-77.2378,-2.2497],[-77.2443,-2.2422],[-77.2521,-2.2376],[-77.2683,-2.2201],[-77.27,-2.2115],[-77.2741,-2.2009],[-77.2778,-2.1962],[-77.2908,-2.1957],[-77.3054,-2.1863],[-77.3098,-2.1857],[-77.3145,-2.181],[-77.3214,-2.1779],[-77.3301,-2.1708],[-77.3497,-2.1606],[-77.3659,-2.1553],[-77.3856,-2.1507],[-77.4186,-2.1329],[-77.4276,-2.1263]]]},"properties":{"poblacion":18437,"dpa_descan":"TAISHA","dpa_provin":"14","dpa_despro":"MORONA SANTIAGO","dpa_canton":"1409"}},
{"type":"Feature","geometry":{"type":"Polygon","coordinates":[[[-78.392,-1.492],[-78.3871,-1.4938],[-78.3823,-1.4924],[-78.3748,-1.4934],[-78.3687,-1.4977],[-78.3646,-1.497],[-78.3645,-1.5141],[-78.3593,-1.5168],[-78.358,-1.5216],[-78.3496,-1.5232],[-78.3463,-1.515],[-78.3451,-1.504],[-78.3359,-1.5046],[-78.3264,-1.4963],[-78.3209,-1.4977],[-78.3139,-1.4945],[-78.3102,-1.4885],[-78.2985,-1.4804],[-78.2958,-1.4802],[-78.2859,-1.4787],[-78.2791,-1.4823],[-78.2794,-1.4887],[-78.2759,-1.4982],[-78.2662,-1.5022],[-78.2467,-1.4952],[-78.2426,-1.4919],[-78.2324,-1.4921],[-78.2215,-1.486],[-78.2213,-1.4759],[-78.2111,-1.4719],[-78.2045,-1.4717],[-78.1968,-1.4744],[-78.198,-1.4699],[-78.1949,-1.4677],[-78.1919,-1.4552],[-78.1863,-1.4552],[-78.178,-1.448],[-78.1694,-1.4359],[-78.1568,-1.4336],[-78.1516,-1.4304],[-78.1493,-1.4198],[-78.1432,-1.4136],[-78.1493,-1.4069],[-78.1464,-1.396],[-78.1397,-1.396],[-78.1343,-1.3883],[-78.1286,-1.3846],[-78.1253,-1.3786],[-78.128,-1.3735],[-78.1275,-1.3677],[-78.12,-1.363],[-78.1173,-1.3507],[-78.1213,-1.3374],[-78.121,-1.3339],[-78.1152,-1.3215],[-78.1188,-1.3007],[-78.119,-1.2635],[-78.1198,-1.2585],[-78.1166,-1.2516],[-78.1199,-1.2447],[-78.1189,-1.241],[-78.1209,-1.2314],[-78.1246,-1.2261],[-78.123,-1.2224],[-78.1186,-1.2113],[-78.1178,-1.2006],[-78.1253,-1.1932],[-78.1287,-1.1925],[-78.1327,-1.1855],[-78.1396,-1.1812],[-78.1515,-1.1793],[-78.1605,-1.184],[-78.1684,-1.1864],[-78.1719,-1.1902],[-78.1809,-1.1832],[-78.1861,-1.1837],[-78.1899,-1.1798],[-78.1869,-1.1671],[-78.1901,-1.1585],[-78.1983,-1.1569],[-78.2038,-1.1527],[-78.2067,-1.1476],[-78.2136,-1.1462],[-78.2185,-1.1426],[-78.2293,-1.14],[-78.2391,-1.1472],[-78.2463,-1.1541],[-78.2573,-1.1542],[-78.2636,-1.1571],[-78.2659,-1.1558],[-78.2644,-1.1419],[-78.2689,-1.1394],[-78.2751,-1.1443],[-78.2818,-1.1413],[-78.287,-1.1428],[-78.2968,-1.142],[-78.304,-1.1363],[-78.3076,-1.1377],[-78.3175,-1.1495],[-78.3175,-1.1596],[-78.3198,-1.1645],[-78.3346,-1.1644],[-78.3411,-1.1691],[-78.3429,-1.1744],[-78.3387,-1.1852],[-78.3319,-1.1952],[-78.3265,-1.1963],[-78.3306,-1.2021],[-78.3316,-1.2075],[-78.3247,-1.2159],[-78.3323,-1.2241],[-78.3318,-1.2398],[-78.3333,-1.2465],[-78.3411,-1.2558],[-78.3439,-1.2622],[-78.343,-1.2768],[-78.3597,-1.2956],[-78.3624,-1.3002],[-78.3662,-1.3126],[-78.366,-1.3244],[-78.3842,-1.3248],[-78.3974,-1.3218],[-78.4035,-1.3224],[-78.4026,-1.3294],[-78.406,-1.3338],[-78.4075,-1.3455],[-78.4183,-1.3469],[-78.4382,-1.3544],[-78.4483,-1.3583],[-78.4601,-1.3653],[-78.458,-1.3687],[-78.461,-1.3737],[-78.4615,-1.3897],[-78.4584,-1.3995],[-78.4597,-1.4031],[-78.4642,-1.4024],[-78.4713,-1.4061],[-78.472,-1.4041],[-78.4767,-1.4064],[-78.4784,-1.4132],[-78.4722,-1.421],[-78.4679,-1.4343],[-78.4536,-1.4535],[-78.4483,-1.4678],[-78.4446,-1.4699],[-78.4233,-1.486],[-78.411,-1.4878],[-78.3954,-1.4851],[-78.392,-1.492]]]},"properties":{"poblacion":20018,"dpa_descan":"BAÑOS DE AGUA SANTA","dpa_provin":"18","dpa_despro":"TUNGURAHUA","dpa_canton":"1802"}},
{"type":"Feature","geometry":{"type":"Polygon","coordinates":[[[-77.351,0.1332],[-77.3557,0.1454],[-77.3586,0.1481],[-77.3769,0.1754],[-77.3826,0.1768],[-77.382,0.1837],[-77.388,0.1878],[-77.3948,0.1961],[-77.3877,0.2099],[-77.3857,0.2164],[-77.3865,0.2296],[-77.3925,0.2358],[-77.3888,0.2371],[-77.3859,0.2428],[-77.3912,0.2442],[-77.3947,0.2383],[-77.4002,0.24],[-77.4084,0.2468],[-77.4188,0.2618],[-77.4241,0.2621],[-77.427,0.2655],[-77.4264,0.2733],[-77.4173,0.2914],[-77.4133,0.2929],[-77.4122,0.2993],[-77.4154,0.3066],[-77.3938,0.3079],[-77.3926,0.3112],[-77.3946,0.3273],[-77.3936,0.3315],[-77.3963,0.34],[-77.4005,0.3414],[-77.4104,0.3401],[-77.4195,0.355],[-77.4232,0.3583],[-77.4181,0.3615],[-77.4204,0.3736],[-77.4171,0.3752],[-77.4194,0.3759],[-77.4281,0.3712],[-77.4307,0.3657],[-77.4263,0.3578],[-77.4274,0.3544],[-77.4255,0.3438],[-77.4285,0.3383],[-77.4324,0.3258],[-77.4298,0.3174],[-77.4355,0.3098],[-77.4461,0.3045],[-77.4538,0.303],[-77.4561,0.2943],[-77.4535,0.2851],[-77.4557,0.2793],[-77.4619,0.2708],[-77.4608,0.2664],[-77.4688,0.2596],[-77.4795,0.2539],[-77.4972,0.2533],[-77.4961,0.2482],[-77.4995,0.242],[-77.5089,0.2344],[-77.5209,0.2325],[-77.5207,0.2359],[-77.5259,0.2349],[-77.5366,0.2418],[-77.5422,0.2398],[-77.546,0.2432],[-77.5552,0.2406],[-77.5587,0.2437],[-77.5644,0.2392],[-77.5689,0.2403],[-77.5739,0.2411],[-77.5769,0.2333],[-77.5906,0.2391],[-77.5982,0.2366],[-77.5992,0.2342],[-77.6086,0.2327],[-77.613,0.2285],[-77.6195,0.2264],[-77.6219,0.2216],[-77.629,0.2147],[-77.6282,0.2052],[-77.6291,0.1958],[-77.6374,0.1944],[-77.6375,0.1915],[-77.6427,0.1891],[-77.6478,0.1834],[-77.6564,0.1833],[-77.6618,0.1811],[-77.6666,0.1702],[-77.6712,0.1669],[-77.6754,0.1676],[-77.6803,0.1639],[-77.6795,0.1601],[-77.6745,0.1587],[-77.6766,0.1511],[-77.6857,0.1439],[-77.6881,0.1393],[-77.6928,0.1374],[-77.6961,0.1326],[-77.7006,0.1385],[-77.7085,0.1445],[-77.7078,0.1571],[-77.7105,0.1651],[-77.7084,0.1748],[-77.7086,0.1842],[-77.7111,0.1972],[-77.7144,0.198],[-77.723,0.2062],[-77.7207,0.2138],[-77.7284,0.2203],[-77.7418,0.2224],[-77.7426,0.2281],[-77.7398,0.2363],[-77.7448,0.2423],[-77.7517,0.2469],[-77.7602,0.2437],[-77.764,0.2464],[-77.7711,0.2474],[-77.7727,0.2518],[-77.7786,0.2575],[-77.7863,0.2611],[-77.7921,0.2714],[-77.8107,0.2843],[-77.8153,0.2865],[-77.8198,0.2969],[-77.83,0.3059],[-77.832,0.3139],[-77.8294,0.3179],[-77.8246,0.319],[-77.8258,0.3226],[-77.833,0.3179],[-77.8397,0.307],[-77.8505,0.3044],[-77.8509,0.2994],[-77.8449,0.2952],[-77.8472,0.2867],[-77.8468,0.276],[-77.8287,0.2729],[-77.8318,0.2674],[-77.8404,0.2618],[-77.8476,0.2593],[-77.8479,0.2507],[-77.8514,0.2472],[-77.8488,0.2418],[-77.851,0.2387],[-77.8562,0.239],[-77.8654,0.2312],[-77.8696,0.2189],[-77.8732,0.2159],[-77.8705,0.209],[-77.8821,0.2005],[-77.8876,0.2001],[-77.8931,0.2036],[-77.901,0.2024],[-77.9049,0.2057],[-77.9118,0.2049],[-77.9245,0.1979],[-77.9236,0.1902],[-77.9254,0.1812],[-77.9284,0.1777],[-77.9336,0.1774],[-77.9414,0.18],[-77.9456,0.1701],[-77.9565,0.157],[-77.9615,0.1594],[-77.9652,0.158],[-77.9655,0.1513],[-77.9706,0.1475],[-77.9723,0.1404],[-77.9702,0.1377],[-77.9753,0.1281],[-77.973,0.1231],[-77.9793,0.1081],[-77.9767,0.1057],[-77.9725,0.1104],[-77.9622,0.1129],[-77.9538,0.1083],[-77.946,0.0989],[-77.9366,0.1038],[-77.9253,0.0912],[-77.9217,0.0845],[-77.914,0.0806],[-77.8975,0.0849],[-77.8903,0.0831],[-77.8837,0.0761],[-77.8788,0.0749],[-77.8772,0.0708],[-77.871,0.0692],[-77.8635,0.0629],[-77.8594,0.0621],[-77.8571,0.0536],[-77.8586,0.0514],[-77.8573,0.0305],[-77.8521,0.0231],[-77.8465,0.0268],[-77.8396,0.0274],[-77.832,0.0297],[-77.8253,0.0338],[-77.8184,0.033],[-77.8138,0.03],[-77.812,0.0241],[-77.8018,0.0235],[-77.7987,0.0267],[-77.7937,0.0215],[-77.7856,0.02],[-77.7795,0.0108],[-77.7882,0.0022],[-77.7867,-0.0065],[-77.794,-0.0132],[-77.7949,-0.0162],[-77.7913,-0.0234],[-77.7865,-0.0271],[-77.7856,-0.0387],[-77.7833,-0.0473],[-77.7852,-0.0527],[-77.78,-0.0715],[-77.7823,-0.083],[-77.7732,-0.083],[-77.768,-0.085],[-77.7628,-0.0816],[-77.7527,-0.0821],[-77.7414,-0.0781],[-77.7333,-0.072],[-77.7374,-0.0634],[-77.7374,-0.0569],[-77.729,-0.0543],[-77.7174,-0.0577],[-77.7095,-0.0666],[-77.7088,-0.0756],[-77.701,-0.0796],[-77.6946,-0.0779],[-77.683,-0.0813],[-77.6751,-0.0771],[-77.6622,-0.081],[-77.6517,-0.0795],[-77.6392,-0.0756],[-77.629,-0.078],[-77.6259,-0.0771],[-77.6197,-0.0813],[-77.6142,-0.0814],[-77.6038,-0.0881],[-77.6012,-0.0935],[-77.5966,-0.0959],[-77.5947,-0.1011],[-77.5899,-0.1043],[-77.5912,-0.1092],[-77.5833,-0.1083],[-77.5812,-0.1021],[-77.5709,-0.0956],[-77.5682,-0.0885],[-77.5644,-0.0889],[-77.5598,-0.0849],[-77.5601,-0.0797],[-77.5526,-0.0761],[-77.5502,-0.0703],[-77.5449,-0.066],[-77.5387,-0.0647],[-77.5395,-0.0598],[-77.5342,-0.0547],[-77.5272,-0.0558],[-77.5256,-0.0606],[-77.5104,-0.0629],[-77.5053,-0.0571],[-77.5053,-0.0467],[-77.5077,-0.0422],[-77.5031,-0.0401],[-77.4872,-0.0403],[-77.486,-0.0278],[-77.4842,-0.0259],[-77.4738,-0.0236],[-77.4714,-0.0192],[-77.4612,-0.0192],[-77.4562,-0.0245],[-77.4563,-0.0311],[-77.453,-0.0385],[-77.4538,-0.0433],[-77.4557,-0.0496],[-77.451,-0.0528],[-77.4504,-0.06],[-77.4463,-0.0617],[-77.4411,-0.0592],[-77.4383,-0.0628],[-77.4425,-0.0683],[-77.4495,-0.0711],[-77.4496,-0.0775],[-77.457,-0.0845],[-77.4506,-0.0875],[-77.4501,-0.0938],[-77.4444,-0.0974],[-77.4475,-0.102],[-77.4499,-0.1118],[-77.4547,-0.1153],[-77.4516,-0.1227],[-77.4543,-0.1289],[-77.4532,-0.1372],[-77.447,-0.1367],[-77.4397,-0.1297],[-77.4269,-0.1313],[-77.4138,-0.1357],[-77.3937,-0.1375],[-77.3896,-0.1415],[-77.3861,-0.1492],[-77.3777,-0.1526],[-77.3725,-0.1472],[-77.364,-0.1415],[-77.3573,-0.1389],[-77.3438,-0.1268],[-77.339,-0.1184],[-77.3394,-0.1098],[-77.337,-0.1034],[-77.3203,-0.0865],[-77.3077,-0.0722],[-77.3051,-0.0652],[-77.3055,-0.0599],[-77.302,-0.052],[-77.2939,-0.0505],[-77.2879,-0.0473],[-77.2778,-0.0491],[-77.279,-0.0421],[-77.2836,-0.0379],[-77.2888,-0.0376],[-77.2884,-0.0243],[-77.2795,-0.0189],[-77.2741,-0.0017],[-77.2773,0.001],[-77.27,0.0125],[-77.2615,0.0125],[-77.2554,0.0186],[-77.2542,0.0254],[-77.2589,0.0286],[-77.2603,0.0406],[-77.2593,0.0477],[-77.2705,0.0468],[-77.2715,0.0495],[-77.2652,0.0601],[-77.2649,0.0632],[-77.272,0.0715],[-77.2755,0.0813],[-77.2914,0.0859],[-77.3022,0.0967],[-77.3111,0.1021],[-77.3184,0.1042],[-77.3225,0.1121],[-77.3331,0.1199],[-77.3442,0.1314],[-77.351,0.1332]]]},"properties":{"poblacion":8599,"dpa_descan":"GONZALO PIZARRO","dpa_provin":"21","dpa_despro":"SUCUMBIOS","dpa_canton":"2102"}},
{"type":"Feature","geometry":{"type":"Polygon","coordinates":[[[-75.5932,-0.1178],[-75.59,-0.1228],[-75.5872,-0.1204],[-75.5775,-0.1208],[-75.5688,-0.1264],[-75.5688,-0.1318],[-75.5498,-0.1283],[-75.5496,-0.1245],[-75.5416,-0.1218],[-75.5411,-0.1165],[-75.5383,-0.122],[-75.5357,-0.1217],[-75.5355,-0.1158],[-75.5255,-0.1189],[-75.5163,-0.115],[-75.5088,-0.1204],[-75.505,-0.1189],[-75.5029,-0.1283],[-75.4962,-0.1322],[-75.4848,-0.1303],[-75.4841,-0.1333],[-75.4785,-0.1331],[-75.4775,-0.1366],[-75.4688,-0.1394],[-75.4665,-0.1448],[-75.4602,-0.1525],[-75.4499,-0.1502],[-75.4498,-0.1552],[-75.4331,-0.1537],[-75.4229,-0.1574],[-75.4235,-0.1609],[-75.4187,-0.1613],[-75.4191,-0.1646],[-75.4035,-0.1707],[-75.3976,-0.1654],[-75.3918,-0.1652],[-75.3836,-0.1694],[-75.382,-0.1668],[-75.3737,-0.1649],[-75.3691,-0.161],[-75.3651,-0.1469],[-75.3571,-0.1496],[-75.3549,-0.1558],[-75.3567,-0.1622],[-75.3498,-0.1639],[-75.3411,-0.1568],[-75.3307,-0.1572],[-75.3227,-0.1601],[-75.3189,-0.158],[-75.3156,-0.1608],[-75.3132,-0.1575],[-75.3046,-0.1574],[-75.3039,-0.1541],[-75.2956,-0.1489],[-75.2889,-0.1547],[-75.2842,-0.1418],[-75.2748,-0.133],[-75.2602,-0.1278],[-75.256,-0.1199],[-75.2585,-0.1134],[-75.2648,-0.1199],[-75.2761,-0.1235],[-75.287,-0.1172],[-75.2957,-0.1078],[-75.3075,-0.1048],[-75.3186,-0.1061],[-75.3268,-0.1053],[-75.3379,-0.1013],[-75.3525,-0.0918],[-75.3647,-0.0897],[-75.3885,-0.0993],[-75.3959,-0.0977],[-75.4111,-0.0911],[-75.4152,-0.0864],[-75.4209,-0.0837],[-75.4298,-0.0831],[-75.4412,-0.0743],[-75.4459,-0.0723],[-75.4529,-0.0643],[-75.468,-0.0507],[-75.4915,-0.0492],[-75.4972,-0.0507],[-75.5068,-0.0459],[-75.5127,-0.0349],[-75.5232,-0.0265],[-75.5278,-0.0256],[-75.5407,-0.0273],[-75.5511,-0.0237],[-75.5639,-0.0261],[-75.5734,-0.0255],[-75.5816,-0.0179],[-75.5829,-0.0079],[-75.5793,0],[-75.5802,0.0117],[-75.5867,0.0174],[-75.6001,0.0147],[-75.6074,0.017],[-75.6135,0.0217],[-75.6293,0.0281],[-75.6327,0.0339],[-75.6325,0.0424],[-75.6407,0.0472],[-75.6443,0.0342],[-75.6471,0.0301],[-75.6541,0.0315],[-75.6647,0.0408],[-75.6815,0.0403],[-75.6908,0.0371],[-75.7045,0.0375],[-75.7116,0.0389],[-75.7328,0.0368],[-75.748,0.0362],[-75.7715,0.0417],[-75.7876,0.056],[-75.8019,0.0503],[-75.8115,0.054],[-75.8135,0.0594],[-75.8141,0.0773],[-75.8245,0.0903],[-75.839,0.1038],[-75.8468,0.1183],[-75.8498,0.1285],[-75.8594,0.1351],[-75.8647,0.1339],[-75.8691,0.1285],[-75.8706,0.1206],[-75.8788,0.1193],[-75.8812,0.125],[-75.8813,0.1346],[-75.8842,0.1397],[-75.8903,0.1415],[-75.9017,0.1361],[-75.9059,0.138],[-75.9055,0.1446],[-75.8965,0.154],[-75.8964,0.1591],[-75.9002,0.164],[-75.9145,0.1711],[-75.9226,0.1795],[-75.9272,0.1889],[-75.9381,0.2003],[-75.9537,0.2015],[-75.9592,0.211],[-75.9448,0.224],[-75.946,0.2298],[-75.9511,0.2215],[-75.9584,0.2251],[-75.9599,0.2346],[-75.9638,0.2383],[-75.9766,0.2429],[-75.9901,0.2429],[-75.996,0.2465],[-76.0023,0.2474],[-76.0053,0.2524],[-76.003,0.2551],[-75.9893,0.2536],[-75.9849,0.2554],[-75.9849,0.263],[-75.9959,0.2653],[-75.9979,0.2719],[-75.9977,0.2824],[-76.0048,0.296],[-76.0153,0.3027],[-76.0375,0.3053],[-76.0464,0.3119],[-76.05,0.3273],[-76.0562,0.3346],[-76.0628,0.3365],[-76.0801,0.337],[-76.088,0.3333],[-76.0957,0.3192],[-76.1013,0.3151],[-76.1092,0.3134],[-76.1153,0.317],[-76.1211,0.3247],[-76.1182,0.3413],[-76.1203,0.3496],[-76.126,0.3576],[-76.1276,0.3642],[-76.1324,0.3721],[-76.1464,0.3783],[-76.1588,0.3891],[-76.1634,0.3869],[-76.1678,0.3751],[-76.1751,0.372],[-76.1866,0.3719],[-76.198,0.374],[-76.2048,0.384],[-76.208,0.3861],[-76.2195,0.3817],[-76.2246,0.3743],[-76.2283,0.3763],[-76.2294,0.3929],[-76.2321,0.4006],[-76.241,0.4049],[-76.2521,0.4014],[-76.2585,0.4027],[-76.262,0.4063],[-76.2591,0.4235],[-76.2633,0.4289],[-76.2731,0.4351],[-76.2791,0.4368],[-76.2865,0.4317],[-76.2937,0.4221],[-76.3015,0.4216],[-76.3054,0.4242],[-76.3109,0.4341],[-76.3141,0.4345],[-76.3218,0.4267],[-76.3312,0.4151],[-76.3338,0.3998],[-76.3338,0.3897],[-76.3418,0.3816],[-76.3541,0.3791],[-76.3587,0.3833],[-76.3638,0.3917],[-76.3685,0.3941],[-76.3748,0.394],[-76.3863,0.387],[-76.3971,0.3821],[-76.412,0.3799],[-76.4117,0.3333],[-76.4121,0.2416],[-76.4052,0.245],[-76.4005,0.2447],[-76.3944,0.2394],[-76.3895,0.2413],[-76.3884,0.2499],[-76.3946,0.2573],[-76.3916,0.2625],[-76.3882,0.2606],[-76.3856,0.2542],[-76.3731,0.2426],[-76.3666,0.2387],[-76.3616,0.2252],[-76.3553,0.2237],[-76.3503,0.2272],[-76.342,0.2284],[-76.3356,0.232],[-76.3316,0.2266],[-76.3391,0.218],[-76.336,0.2138],[-76.3284,0.2142],[-76.319,0.2202],[-76.3138,0.2286],[-76.3067,0.2349],[-76.2965,0.2326],[-76.2869,0.2332],[-76.2856,0.2369],[-76.2884,0.2449],[-76.2827,0.2445],[-76.274,0.2402],[-76.2708,0.2341],[-76.2725,0.2264],[-76.2669,0.2232],[-76.2624,0.2266],[-76.2577,0.2247],[-76.2582,0.2162],[-76.2504,0.2142],[-76.2442,0.2216],[-76.2365,0.2188],[-76.2361,0.2117],[-76.2467,0.2104],[-76.2493,0.2127],[-76.2526,0.2062],[-76.2575,0.2017],[-76.2667,0.1983],[-76.2725,0.205],[-76.2796,0.2021],[-76.2828,0.1978],[-76.2825,0.1918],[-76.2876,0.1924],[-76.2925,0.1841],[-76.2916,0.1778],[-76.2937,0.1746],[-76.3004,0.1733],[-76.3034,0.1684],[-76.3159,0.1653],[-76.3193,0.1689],[-76.3335,0.1684],[-76.3426,0.1652],[-76.3539,0.1637],[-76.3571,0.1561],[-76.3612,0.1531],[-76.3646,0.1454],[-76.3722,0.1431],[-76.38,0.1388],[-76.3844,0.1312],[-76.388,0.1351],[-76.3984,0.1328],[-76.4026,0.1289],[-76.4143,0.1291],[-76.4247,0.1189],[-76.4309,0.1172],[-76.4352,0.0966],[-76.4341,0.0901],[-76.4382,0.0872],[-76.439,0.0825],[-76.4326,0.0786],[-76.4305,0.0725],[-76.4242,0.0688],[-76.4318,0.056],[-76.4308,0.0497],[-76.4275,0.0501],[-76.4291,0.0416],[-76.4242,0.0387],[-76.4234,0.0338],[-76.4182,0.0377],[-76.4181,0.0347],[-76.4098,0.036],[-76.4073,0.0273],[-76.4011,0.021],[-76.3974,0.0204],[-76.3892,0.0072],[-76.3841,0.005],[-76.3841,-0.0067],[-76.3812,-0.0116],[-76.3821,-0.0189],[-76.3802,-0.0218],[-76.3718,-0.0246],[-76.37,-0.0219],[-76.3644,-0.0241],[-76.3641,-0.0271],[-76.3577,-0.0318],[-76.3464,-0.0297],[-76.3427,-0.0328],[-76.3357,-0.0345],[-76.3315,-0.0313],[-76.3269,-0.0333],[-76.3241,-0.0303],[-76.3123,-0.0296],[-76.306,-0.0312],[-76.3008,-0.029],[-76.3002,-0.0241],[-76.2933,-0.0295],[-76.2893,-0.0295],[-76.2833,-0.0364],[-76.2678,-0.0377],[-76.2603,-0.0332],[-76.256,-0.0335],[-76.2471,-0.0382],[-76.2425,-0.0356],[-76.2344,-0.0381],[-76.2259,-0.0387],[-76.2212,-0.0368],[-76.2156,-0.0399],[-76.2114,-0.0314],[-76.2065,-0.0275],[-76.2009,-0.031],[-76.1966,-0.0249],[-76.1901,-0.026],[-76.1863,-0.0238],[-76.1833,-0.0306],[-76.173,-0.0356],[-76.168,-0.0306],[-76.1648,-0.0319],[-76.1628,-0.0388],[-76.1587,-0.0391],[-76.164,-0.0503],[-76.1668,-0.0601],[-76.1701,-0.0628],[-76.1664,-0.0695],[-76.1618,-0.0719],[-76.1644,-0.0757],[-76.1573,-0.0761],[-76.1519,-0.081],[-76.149,-0.0877],[-76.1451,-0.0938],[-76.1375,-0.0974],[-76.131,-0.0977],[-76.1291,-0.0925],[-76.1227,-0.0942],[-76.1239,-0.0859],[-76.1137,-0.0896],[-76.1121,-0.0945],[-76.1033,-0.0956],[-76.1028,-0.099],[-76.0909,-0.1075],[-76.0813,-0.106],[-76.075,-0.1069],[-76.0664,-0.1116],[-76.0496,-0.1074],[-76.0387,-0.0998],[-76.043,-0.0965],[-76.0332,-0.0947],[-76.0322,-0.0995],[-76.018,-0.0939],[-76.0092,-0.0949],[-76.0042,-0.1067],[-75.9985,-0.1077],[-75.9914,-0.1059],[-75.9888,-0.1113],[-75.9892,-0.1233],[-75.9923,-0.123],[-75.9899,-0.1289],[-75.982,-0.1326],[-75.9758,-0.1315],[-75.9698,-0.1263],[-75.9689,-0.1206],[-75.9632,-0.1247],[-75.9583,-0.1239],[-75.9555,-0.1344],[-75.9596,-0.1386],[-75.9634,-0.1521],[-75.9603,-0.1594],[-75.9532,-0.1629],[-75.9461,-0.1643],[-75.9433,-0.1625],[-75.9442,-0.1571],[-75.9368,-0.1577],[-75.9362,-0.1643],[-75.9289,-0.1501],[-75.9032,-0.0965],[-75.9017,-0.0944],[-75.8937,-0.0981],[-75.8913,-0.102],[-75.8858,-0.1023],[-75.8791,-0.107],[-75.8758,-0.1051],[-75.8676,-0.1059],[-75.8666,-0.1119],[-75.8624,-0.1077],[-75.863,-0.1207],[-75.8578,-0.1215],[-75.8568,-0.1258],[-75.8492,-0.1272],[-75.849,-0.1317],[-75.8421,-0.1334],[-75.8328,-0.1322],[-75.8302,-0.13],[-75.8139,-0.1317],[-75.8038,-0.1273],[-75.7987,-0.1282],[-75.7985,-0.1326],[-75.7937,-0.1305],[-75.7859,-0.1321],[-75.7787,-0.1389],[-75.7713,-0.1384],[-75.7628,-0.1421],[-75.7588,-0.1471],[-75.7548,-0.144],[-75.7507,-0.1495],[-75.7468,-0.1508],[-75.7412,-0.1588],[-75.7367,-0.1603],[-75.7317,-0.1584],[-75.7256,-0.1658],[-75.7179,-0.1616],[-75.7134,-0.1649],[-75.6974,-0.1649],[-75.6922,-0.1683],[-75.6769,-0.169],[-75.6731,-0.1708],[-75.6664,-0.1651],[-75.6546,-0.1632],[-75.6521,-0.1573],[-75.6398,-0.1493],[-75.6423,-0.1385],[-75.6381,-0.1378],[-75.6361,-0.1328],[-75.6331,-0.1351],[-75.6274,-0.1248],[-75.6259,-0.1263],[-75.6183,-0.1142],[-75.6105,-0.1136],[-75.6063,-0.1096],[-75.6008,-0.1099],[-75.5982,-0.1155],[-75.5932,-0.1178]]]},"properties":{"poblacion":10174,"dpa_descan":"PUTUMAYO","dpa_provin":"21","dpa_despro":"SUCUMBIOS","dpa_canton":"2103"}},
{"type":"Feature","geometry":{"type":"Polygon","coordinates":[[[-76.514,-0.0904],[-76.5188,-0.0878],[-76.5327,-0.0887],[-76.541,-0.0819],[-76.545,-0.0706],[-76.5496,-0.0651],[-76.5583,-0.0681],[-76.5638,-0.0676],[-76.5744,-0.06],[-76.5849,-0.0644],[-76.5934,-0.065],[-76.5957,-0.0633],[-76.5961,-0.0538],[-76.6038,-0.0485],[-76.6059,-0.0302],[-76.6119,-0.0264],[-76.6221,-0.0315],[-76.6267,-0.0307],[-76.6309,-0.0192],[-76.6359,-0.0122],[-76.6406,-0.0094],[-76.6535,-0.0072],[-76.658,-0.0079],[-76.6581,-0.091],[-76.661,-0.0942],[-76.6677,-0.0947],[-76.6705,-0.0978],[-76.6799,-0.0986],[-76.6804,-0.1018],[-76.6928,-0.1035],[-76.7012,-0.1102],[-76.7098,-0.111],[-76.7163,-0.1134],[-76.7224,-0.1136],[-76.7305,-0.1206],[-76.7342,-0.1192],[-76.738,-0.1154],[-76.7418,-0.1169],[-76.7457,-0.1125],[-76.7571,-0.1171],[-76.7671,-0.1238],[-76.791,-0.1326],[-76.7971,-0.1298],[-76.8022,-0.1186],[-76.8063,-0.1156],[-76.8132,-0.1204],[-76.8182,-0.1152],[-76.8257,-0.1194],[-76.8376,-0.1168],[-76.8445,-0.1109],[-76.8469,-0.1053],[-76.8586,-0.098],[-76.8692,-0.096],[-76.8789,-0.0981],[-76.8875,-0.0951],[-76.8972,-0.088],[-76.9046,-0.0844],[-76.9046,-0.0939],[-76.9014,-0.1088],[-76.8964,-0.1082],[-76.8933,-0.1153],[-76.8752,-0.1284],[-76.8743,-0.1367],[-76.8682,-0.142],[-76.8666,-0.1485],[-76.8627,-0.1493],[-76.8547,-0.1689],[-76.8522,-0.1714],[-76.8361,-0.1882],[-76.8301,-0.1906],[-76.8257,-0.2029],[-76.8131,-0.2121],[-76.8077,-0.2204],[-76.8009,-0.2346],[-76.7925,-0.2387],[-76.7852,-0.2484],[-76.7802,-0.248],[-76.7725,-0.2564],[-76.7658,-0.256],[-76.7624,-0.2616],[-76.7631,-0.2627],[-76.7602,-0.2679],[-76.7644,-0.2816],[-76.7527,-0.2879],[-76.7507,-0.2931],[-76.7512,-0.3017],[-76.7462,-0.3066],[-76.7443,-0.3119],[-76.7391,-0.3127],[-76.7363,-0.3203],[-76.7294,-0.3233],[-76.7261,-0.3299],[-76.72,-0.3354],[-76.7269,-0.3464],[-76.7154,-0.3514],[-76.7064,-0.3504],[-76.7015,-0.3522],[-76.6971,-0.3601],[-76.6884,-0.366],[-76.6875,-0.3711],[-76.674,-0.3734],[-76.6594,-0.3901],[-76.6511,-0.3931],[-76.6446,-0.3934],[-76.6361,-0.398],[-76.6335,-0.4041],[-76.6406,-0.4141],[-76.6404,-0.4184],[-76.627,-0.4293],[-76.6112,-0.4274],[-76.6073,-0.4259],[-76.6012,-0.4303],[-76.5974,-0.4256],[-76.5876,-0.4186],[-76.5685,-0.4106],[-76.552,-0.4137],[-76.5273,-0.4403],[-76.5114,-0.4408],[-76.5045,-0.444],[-76.4912,-0.469],[-76.4742,-0.4854],[-76.4657,-0.4895],[-76.4508,-0.4882],[-76.4381,-0.4848],[-76.4218,-0.4861],[-76.414,-0.4913],[-76.4027,-0.5022],[-76.3857,-0.521],[-76.3768,-0.52],[-76.3661,-0.5169],[-76.3599,-0.5118],[-76.3506,-0.4986],[-76.3441,-0.4926],[-76.3351,-0.4869],[-76.3218,-0.4821],[-76.3094,-0.4816],[-76.2958,-0.4791],[-76.2917,-0.4772],[-76.2834,-0.4696],[-76.2718,-0.4549],[-76.2623,-0.4475],[-76.2473,-0.4462],[-76.2331,-0.4489],[-76.2183,-0.445],[-76.2114,-0.4416],[-76.1967,-0.4382],[-76.1726,-0.4415],[-76.1576,-0.4424],[-76.1473,-0.4448],[-76.129,-0.452],[-76.1039,-0.4415],[-76.0943,-0.4392],[-76.0869,-0.4401],[-76.0792,-0.4442],[-76.0747,-0.4562],[-76.0728,-0.4796],[-76.0642,-0.4976],[-76.0593,-0.5051],[-76.044,-0.5161],[-76.0281,-0.5259],[-76.0021,-0.5467],[-75.9949,-0.5531],[-75.9858,-0.5583],[-75.9734,-0.5622],[-75.9516,-0.5656],[-75.9408,-0.566],[-75.9302,-0.5685],[-75.9302,-0.5596],[-75.9355,-0.5555],[-75.9428,-0.5533],[-75.9473,-0.549],[-75.946,-0.5386],[-75.8757,-0.4181],[-75.8753,-0.4179],[-75.9222,-0.4085],[-75.9144,-0.4053],[-75.9153,-0.3848],[-75.9343,-0.3896],[-75.9356,-0.384],[-75.9423,-0.3869],[-75.9476,-0.3815],[-75.9542,-0.3783],[-75.9645,-0.3692],[-75.9697,-0.3699],[-75.973,-0.365],[-75.9666,-0.3586],[-75.981,-0.3539],[-76.0023,-0.358],[-76.0066,-0.361],[-76.0113,-0.3589],[-76.0145,-0.3517],[-76.0199,-0.3498],[-76.0169,-0.3363],[-76.0216,-0.3204],[-76.0244,-0.3183],[-76.0239,-0.3115],[-76.0312,-0.3113],[-76.0384,-0.3063],[-76.0445,-0.2957],[-76.0512,-0.2926],[-76.0576,-0.2961],[-76.0632,-0.3022],[-76.0674,-0.3034],[-76.074,-0.2903],[-76.0795,-0.2874],[-76.0835,-0.2888],[-76.0866,-0.2975],[-76.0903,-0.3017],[-76.1009,-0.3004],[-76.1089,-0.2936],[-76.1148,-0.292],[-76.1292,-0.2934],[-76.1386,-0.2903],[-76.146,-0.2944],[-76.1537,-0.2942],[-76.1571,-0.2914],[-76.1596,-0.272],[-76.1638,-0.2635],[-76.1684,-0.2617],[-76.1752,-0.2649],[-76.1871,-0.2777],[-76.199,-0.2757],[-76.2059,-0.2771],[-76.2181,-0.2898],[-76.2315,-0.2854],[-76.2382,-0.2874],[-76.2406,-0.2943],[-76.2523,-0.3012],[-76.2573,-0.2999],[-76.2576,-0.2934],[-76.2622,-0.2875],[-76.2665,-0.2871],[-76.283,-0.2917],[-76.293,-0.2881],[-76.3026,-0.2941],[-76.3137,-0.2965],[-76.3167,-0.3047],[-76.3194,-0.3033],[-76.3203,-0.2955],[-76.3239,-0.2911],[-76.3327,-0.2852],[-76.3397,-0.2884],[-76.35,-0.2863],[-76.3561,-0.2878],[-76.3681,-0.2988],[-76.3715,-0.2998],[-76.3813,-0.2973],[-76.3881,-0.2992],[-76.3968,-0.2971],[-76.4094,-0.2984],[-76.4157,-0.2893],[-76.4221,-0.287],[-76.4304,-0.2867],[-76.424,-0.2807],[-76.4224,-0.2761],[-76.4271,-0.2694],[-76.4247,-0.2546],[-76.4266,-0.2519],[-76.4358,-0.2471],[-76.4411,-0.2402],[-76.4459,-0.2388],[-76.4553,-0.245],[-76.4625,-0.247],[-76.4664,-0.2434],[-76.4625,-0.2346],[-76.4627,-0.2303],[-76.4679,-0.2276],[-76.4736,-0.221],[-76.481,-0.2205],[-76.4847,-0.2261],[-76.4878,-0.2216],[-76.4852,-0.2143],[-76.4792,-0.2087],[-76.4807,-0.2039],[-76.4896,-0.1881],[-76.4973,-0.1899],[-76.5026,-0.187],[-76.5,-0.1771],[-76.5006,-0.1712],[-76.4961,-0.1632],[-76.4993,-0.1544],[-76.5101,-0.1485],[-76.5076,-0.1383],[-76.5078,-0.1291],[-76.5163,-0.1184],[-76.5139,-0.1061],[-76.5165,-0.1023],[-76.5164,-0.0958],[-76.514,-0.0904]]]},"properties":{"poblacion":44328,"dpa_descan":"SHUSHUFINDI","dpa_provin":"21","dpa_despro":"SUCUMBIOS","dpa_canton":"2104"}},
{"type":"Feature","geometry":{"type":"Polygon","coordinates":[[[-77.5156,0.545],[-77.5118,0.5505],[-77.5095,0.5598],[-77.5104,0.5656],[-77.5032,0.5685],[-77.503,0.5752],[-77.4977,0.5808],[-77.4925,0.5822],[-77.488,0.5875],[-77.4867,0.6001],[-77.4819,0.6056],[-77.4799,0.614],[-77.4807,0.6299],[-77.479,0.6407],[-77.4828,0.6452],[-77.4834,0.6502],[-77.4805,0.6562],[-77.4891,0.6585],[-77.4919,0.6625],[-77.5067,0.6555],[-77.511,0.6574],[-77.5219,0.658],[-77.5319,0.6524],[-77.5316,0.6489],[-77.5376,0.648],[-77.5399,0.6447],[-77.5494,0.6417],[-77.5564,0.6413],[-77.5665,0.6345],[-77.5739,0.6378],[-77.5914,0.6384],[-77.5985,0.6401],[-77.6044,0.6359],[-77.6161,0.6417],[-77.6284,0.6398],[-77.6396,0.6366],[-77.6553,0.6471],[-77.6635,0.6475],[-77.6682,0.6449],[-77.6725,0.6493],[-77.6807,0.6435],[-77.6863,0.6407],[-77.6876,0.6282],[-77.6897,0.6211],[-77.6857,0.616],[-77.6763,0.6154],[-77.6565,0.6037],[-77.6635,0.5945],[-77.6684,0.5832],[-77.6723,0.5781],[-77.6735,0.5711],[-77.6792,0.5611],[-77.6835,0.5604],[-77.6893,0.5556],[-77.7,0.5529],[-77.7101,0.5479],[-77.7163,0.5365],[-77.7198,0.5327],[-77.7279,0.5341],[-77.7295,0.5265],[-77.7358,0.5214],[-77.741,0.5131],[-77.7508,0.5061],[-77.7559,0.4953],[-77.7538,0.4918],[-77.7604,0.4803],[-77.7711,0.4735],[-77.7742,0.467],[-77.7718,0.4649],[-77.7823,0.4582],[-77.7815,0.454],[-77.7871,0.4475],[-77.7924,0.4457],[-77.7947,0.4411],[-77.7945,0.4347],[-77.807,0.4269],[-77.8046,0.4225],[-77.8073,0.4142],[-77.8117,0.41],[-77.8135,0.4038],[-77.8033,0.3992],[-77.7983,0.3866],[-77.7956,0.3814],[-77.7981,0.3782],[-77.797,0.3683],[-77.8072,0.3633],[-77.8127,0.3568],[-77.8103,0.3537],[-77.8197,0.3446],[-77.8185,0.3403],[-77.8241,0.3332],[-77.8268,0.3299],[-77.8258,0.3226],[-77.8246,0.319],[-77.8294,0.3179],[-77.832,0.3139],[-77.83,0.3059],[-77.8198,0.2969],[-77.8153,0.2865],[-77.8107,0.2843],[-77.7921,0.2714],[-77.7863,0.2611],[-77.7786,0.2575],[-77.7727,0.2518],[-77.7711,0.2474],[-77.764,0.2464],[-77.7602,0.2437],[-77.7517,0.2469],[-77.7448,0.2423],[-77.7398,0.2363],[-77.7426,0.2281],[-77.7418,0.2224],[-77.7284,0.2203],[-77.7207,0.2138],[-77.723,0.2062],[-77.7144,0.198],[-77.7111,0.1972],[-77.7086,0.1842],[-77.7084,0.1748],[-77.7105,0.1651],[-77.7078,0.1571],[-77.7085,0.1445],[-77.7006,0.1385],[-77.6961,0.1326],[-77.6928,0.1374],[-77.6881,0.1393],[-77.6857,0.1439],[-77.6766,0.1511],[-77.6745,0.1587],[-77.6795,0.1601],[-77.6803,0.1639],[-77.6754,0.1676],[-77.6712,0.1669],[-77.6666,0.1702],[-77.6618,0.1811],[-77.6564,0.1833],[-77.6478,0.1834],[-77.6427,0.1891],[-77.6375,0.1915],[-77.6374,0.1944],[-77.6291,0.1958],[-77.6282,0.2052],[-77.629,0.2147],[-77.6219,0.2216],[-77.6195,0.2264],[-77.613,0.2285],[-77.6086,0.2327],[-77.5992,0.2342],[-77.5982,0.2366],[-77.5906,0.2391],[-77.5769,0.2333],[-77.5739,0.2411],[-77.5689,0.2403],[-77.5644,0.2392],[-77.5587,0.2437],[-77.5552,0.2406],[-77.546,0.2432],[-77.5422,0.2398],[-77.5366,0.2418],[-77.5259,0.2349],[-77.5207,0.2359],[-77.5209,0.2325],[-77.5089,0.2344],[-77.4995,0.242],[-77.4961,0.2482],[-77.4972,0.2533],[-77.4795,0.2539],[-77.4688,0.2596],[-77.4608,0.2664],[-77.4619,0.2708],[-77.4557,0.2793],[-77.4535,0.2851],[-77.4561,0.2943],[-77.4538,0.303],[-77.4461,0.3045],[-77.4355,0.3098],[-77.4298,0.3174],[-77.4324,0.3258],[-77.4285,0.3383],[-77.4255,0.3438],[-77.4274,0.3544],[-77.4263,0.3578],[-77.4307,0.3657],[-77.4281,0.3712],[-77.4194,0.3759],[-77.4171,0.3752],[-77.4086,0.3758],[-77.3981,0.3801],[-77.3893,0.388],[-77.3933,0.3916],[-77.3931,0.3961],[-77.4126,0.4093],[-77.416,0.4196],[-77.4213,0.4222],[-77.4228,0.4278],[-77.4201,0.435],[-77.423,0.4378],[-77.4341,0.4359],[-77.4456,0.427],[-77.4584,0.4267],[-77.5295,0.4061],[-77.5267,0.4125],[-77.5204,0.4208],[-77.521,0.4334],[-77.5205,0.44],[-77.5233,0.4443],[-77.5188,0.4519],[-77.5195,0.4581],[-77.5255,0.4681],[-77.5249,0.4766],[-77.5201,0.4885],[-77.5163,0.4946],[-77.5183,0.5098],[-77.5229,0.5199],[-77.521,0.5246],[-77.5215,0.5319],[-77.5174,0.5362],[-77.5156,0.545]]]},"properties":{"poblacion":3390,"dpa_descan":"SUCUMBIOS","dpa_provin":"21","dpa_despro":"SUCUMBIOS","dpa_canton":"2105"}},
{"type":"Feature","geometry":{"type":"Polygon","coordinates":[[[-77.2888,-0.0376],[-77.2836,-0.0379],[-77.279,-0.0421],[-77.2778,-0.0491],[-77.2547,-0.0572],[-77.2429,-0.0671],[-77.2242,-0.0783],[-77.2112,-0.0835],[-77.2088,-0.0856],[-77.2084,-0.0943],[-77.2042,-0.0986],[-77.189,-0.0966],[-77.1719,-0.0993],[-77.1572,-0.0999],[-77.1599,-0.0815],[-77.1488,-0.083],[-77.1436,-0.0872],[-77.1341,-0.0903],[-77.1236,-0.0917],[-77.117,-0.0965],[-77.117,-0.084],[-77.1063,-0.0844],[-77.1044,-0.0825],[-77.0952,-0.0816],[-77.083,-0.0762],[-77.0778,-0.071],[-77.0638,-0.0677],[-77.0601,-0.0633],[-77.0535,-0.0613],[-77.0485,-0.0548],[-77.0436,-0.0523],[-77.0467,-0.0467],[-77.0494,-0.0345],[-77.0438,-0.0291],[-77.041,-0.0196],[-77.041,0.0419],[-77.0539,0.042],[-77.0609,0.0477],[-77.0773,0.0465],[-77.0893,0.0395],[-77.0953,0.0378],[-77.0953,0.0871],[-77.0997,0.0956],[-77.1001,0.111],[-77.1016,0.126],[-77.11,0.1871],[-77.188,0.2232],[-77.187,0.2322],[-77.1813,0.2322],[-77.1798,0.2411],[-77.1863,0.2499],[-77.1785,0.2526],[-77.1829,0.2544],[-77.1797,0.2596],[-77.1755,0.2557],[-77.1708,0.257],[-77.1729,0.2629],[-77.1713,0.2716],[-77.1664,0.265],[-77.161,0.2612],[-77.1537,0.2653],[-77.1558,0.2708],[-77.151,0.2807],[-77.151,0.2863],[-77.1586,0.2887],[-77.1624,0.294],[-77.165,0.2928],[-77.1644,0.2855],[-77.1697,0.2849],[-77.1818,0.2905],[-77.1882,0.2873],[-77.1935,0.289],[-77.2002,0.2946],[-77.2013,0.299],[-77.211,0.3005],[-77.215,0.3036],[-77.2101,0.3157],[-77.2107,0.323],[-77.2156,0.3234],[-77.2199,0.3182],[-77.2252,0.3187],[-77.232,0.3233],[-77.2315,0.3402],[-77.223,0.345],[-77.2237,0.3535],[-77.2157,0.3599],[-77.2152,0.3652],[-77.22,0.3633],[-77.2247,0.365],[-77.2326,0.3621],[-77.2379,0.3662],[-77.2454,0.3616],[-77.2483,0.3646],[-77.2564,0.3652],[-77.2596,0.3694],[-77.2651,0.3701],[-77.2696,0.3644],[-77.2774,0.3651],[-77.2801,0.3631],[-77.2878,0.3633],[-77.2919,0.3658],[-77.297,0.3651],[-77.3088,0.3722],[-77.3138,0.3809],[-77.3301,0.388],[-77.3412,0.3912],[-77.3503,0.3912],[-77.3575,0.3962],[-77.362,0.3955],[-77.3738,0.4005],[-77.3768,0.3969],[-77.3838,0.396],[-77.3791,0.3902],[-77.3821,0.3853],[-77.3893,0.388],[-77.3981,0.3801],[-77.4086,0.3758],[-77.4171,0.3752],[-77.4204,0.3736],[-77.4181,0.3615],[-77.4232,0.3583],[-77.4195,0.355],[-77.4104,0.3401],[-77.4005,0.3414],[-77.3963,0.34],[-77.3936,0.3315],[-77.3946,0.3273],[-77.3926,0.3112],[-77.3938,0.3079],[-77.4154,0.3066],[-77.4122,0.2993],[-77.4133,0.2929],[-77.4173,0.2914],[-77.4264,0.2733],[-77.427,0.2655],[-77.4241,0.2621],[-77.4188,0.2618],[-77.4084,0.2468],[-77.4002,0.24],[-77.3947,0.2383],[-77.3912,0.2442],[-77.3859,0.2428],[-77.3888,0.2371],[-77.3925,0.2358],[-77.3865,0.2296],[-77.3857,0.2164],[-77.3877,0.2099],[-77.3948,0.1961],[-77.388,0.1878],[-77.382,0.1837],[-77.3826,0.1768],[-77.3769,0.1754],[-77.3586,0.1481],[-77.3557,0.1454],[-77.351,0.1332],[-77.3442,0.1314],[-77.3331,0.1199],[-77.3225,0.1121],[-77.3184,0.1042],[-77.3111,0.1021],[-77.3022,0.0967],[-77.2914,0.0859],[-77.2755,0.0813],[-77.272,0.0715],[-77.2649,0.0632],[-77.2652,0.0601],[-77.2715,0.0495],[-77.2705,0.0468],[-77.2593,0.0477],[-77.2603,0.0406],[-77.2589,0.0286],[-77.2542,0.0254],[-77.2554,0.0186],[-77.2615,0.0125],[-77.27,0.0125],[-77.2773,0.001],[-77.2741,-0.0017],[-77.2795,-0.0189],[-77.2884,-0.0243],[-77.2888,-0.0376]]]},"properties":{"poblacion":11104,"dpa_descan":"CASCALES","dpa_provin":"21","dpa_despro":"SUCUMBIOS","dpa_canton":"2106"}},
{"type":"Feature","geometry":{"type":"Polygon","coordinates":[[[-76.3506,-0.4986],[-76.3599,-0.5118],[-76.3661,-0.5169],[-76.3768,-0.52],[-76.3857,-0.521],[-76.4027,-0.5022],[-76.414,-0.4913],[-76.4218,-0.4861],[-76.4381,-0.4848],[-76.4508,-0.4882],[-76.4657,-0.4895],[-76.4742,-0.4854],[-76.4912,-0.469],[-76.5045,-0.444],[-76.5114,-0.4408],[-76.5273,-0.4403],[-76.552,-0.4137],[-76.5685,-0.4106],[-76.5876,-0.4186],[-76.5974,-0.4256],[-76.6012,-0.4303],[-76.6134,-0.4442],[-76.6196,-0.4487],[-76.634,-0.4534],[-76.6804,-0.457],[-76.6962,-0.456],[-76.7089,-0.4512],[-76.7205,-0.4479],[-76.729,-0.447],[-76.7373,-0.4467],[-76.7503,-0.4438],[-76.759,-0.4387],[-76.7785,-0.4369],[-76.7983,-0.4387],[-76.8204,-0.4464],[-76.8336,-0.4472],[-76.8499,-0.4539],[-76.8659,-0.4586],[-76.8836,-0.462],[-76.9017,-0.4596],[-76.8957,-0.4557],[-76.8992,-0.4419],[-76.9069,-0.4366],[-76.9157,-0.4384],[-76.9222,-0.4415],[-76.9301,-0.4393],[-76.9359,-0.435],[-76.9398,-0.4261],[-76.9397,-0.416],[-76.9381,-0.4073],[-76.9441,-0.3999],[-76.9435,-0.3928],[-76.9472,-0.393],[-76.949,-0.3885],[-76.9927,-0.3886],[-76.987,-0.3808],[-76.9841,-0.3715],[-76.9859,-0.354],[-77.0026,-0.3447],[-77.0131,-0.3399],[-77.0183,-0.3335],[-77.0232,-0.3242],[-77.0225,-0.3088],[-77.0359,-0.2917],[-77.0433,-0.2869],[-77.0512,-0.2751],[-77.0537,-0.2577],[-77.0531,-0.2503],[-77.0544,-0.2378],[-77.0577,-0.2273],[-77.0547,-0.2034],[-77.055,-0.1994],[-77.0625,-0.1932],[-77.0675,-0.1917],[-77.0722,-0.1851],[-77.0796,-0.1663],[-77.0834,-0.1616],[-77.097,-0.1567],[-77.1016,-0.1499],[-77.1083,-0.1346],[-77.1095,-0.1254],[-77.1132,-0.1221],[-77.127,-0.1196],[-77.1538,-0.1007],[-77.1572,-0.0999],[-77.1719,-0.0993],[-77.189,-0.0966],[-77.2042,-0.0986],[-77.2084,-0.0943],[-77.2088,-0.0856],[-77.2112,-0.0835],[-77.2242,-0.0783],[-77.2429,-0.0671],[-77.2547,-0.0572],[-77.2778,-0.0491],[-77.2879,-0.0473],[-77.2939,-0.0505],[-77.302,-0.052],[-77.3055,-0.0599],[-77.2992,-0.0601],[-77.2971,-0.0655],[-77.3017,-0.0712],[-77.2944,-0.0796],[-77.2931,-0.0925],[-77.286,-0.1029],[-77.2858,-0.1235],[-77.2801,-0.1305],[-77.2782,-0.1363],[-77.2937,-0.1402],[-77.2974,-0.1509],[-77.2932,-0.1576],[-77.2971,-0.1586],[-77.2957,-0.1706],[-77.2961,-0.1788],[-77.2999,-0.183],[-77.2971,-0.1884],[-77.2991,-0.2022],[-77.2936,-0.203],[-77.28,-0.2092],[-77.2809,-0.2127],[-77.2762,-0.2154],[-77.2776,-0.2186],[-77.2687,-0.2393],[-77.2614,-0.2378],[-77.266,-0.2455],[-77.2654,-0.2552],[-77.2716,-0.2534],[-77.2753,-0.259],[-77.2738,-0.2621],[-77.2666,-0.2626],[-77.2637,-0.2678],[-77.2578,-0.2703],[-77.2603,-0.2771],[-77.2594,-0.2811],[-77.2622,-0.2859],[-77.2577,-0.2946],[-77.257,-0.3061],[-77.2638,-0.3111],[-77.2673,-0.3097],[-77.2697,-0.3145],[-77.2677,-0.3233],[-77.2768,-0.3309],[-77.2749,-0.3377],[-77.2773,-0.3407],[-77.2823,-0.3404],[-77.2876,-0.3434],[-77.2931,-0.3391],[-77.3015,-0.346],[-77.2967,-0.3461],[-77.2928,-0.3563],[-77.2977,-0.3608],[-77.2913,-0.3606],[-77.2824,-0.3646],[-77.2884,-0.3687],[-77.2849,-0.3711],[-77.2813,-0.3691],[-77.2725,-0.3744],[-77.268,-0.3746],[-77.265,-0.3698],[-77.2594,-0.3698],[-77.2444,-0.3765],[-77.2414,-0.3759],[-77.2399,-0.3838],[-77.2343,-0.3885],[-77.2345,-0.3912],[-77.2435,-0.3957],[-77.2501,-0.3927],[-77.2408,-0.41],[-77.2317,-0.4179],[-77.2207,-0.4231],[-77.2098,-0.4335],[-77.2033,-0.4362],[-77.1996,-0.4352],[-77.1959,-0.4404],[-77.1922,-0.437],[-77.19,-0.4415],[-77.1836,-0.4417],[-77.1834,-0.4489],[-77.1789,-0.4404],[-77.1743,-0.4491],[-77.1632,-0.4555],[-77.1596,-0.4557],[-77.1555,-0.4609],[-77.1449,-0.4587],[-77.1452,-0.4437],[-77.1426,-0.441],[-77.1393,-0.4451],[-77.1415,-0.4493],[-77.1353,-0.4648],[-77.1327,-0.4684],[-77.1341,-0.4738],[-77.1314,-0.4853],[-77.1386,-0.4919],[-77.1213,-0.5123],[-77.0953,-0.5368],[-77.0824,-0.5473],[-77.0753,-0.5474],[-77.0787,-0.5562],[-77.0871,-0.57],[-77.0965,-0.5744],[-77.1005,-0.5797],[-77.0978,-0.5893],[-77.0995,-0.5996],[-77.1061,-0.6051],[-77.11,-0.612],[-77.1117,-0.6203],[-77.116,-0.6307],[-77.1195,-0.6445],[-77.1238,-0.6543],[-77.1265,-0.6687],[-77.1309,-0.6795],[-77.1311,-0.6845],[-77.1245,-0.6951],[-77.1156,-0.6992],[-77.1155,-0.7068],[-77.1188,-0.723],[-77.1213,-0.7287],[-77.1296,-0.7355],[-77.1417,-0.7371],[-77.1449,-0.7396],[-77.1475,-0.755],[-77.1624,-0.7629],[-77.1751,-0.7617],[-77.1815,-0.7708],[-77.1911,-0.7802],[-77.1925,-0.7889],[-77.197,-0.7981],[-77.2057,-0.8031],[-77.205,-0.8108],[-77.1982,-0.8293],[-77.1925,-0.836],[-77.1925,-0.8471],[-77.1973,-0.8531],[-77.1928,-0.857],[-77.1828,-0.855],[-77.1737,-0.861],[-77.1726,-0.868],[-77.1649,-0.8728],[-77.1509,-0.8676],[-77.1433,-0.8745],[-77.1424,-0.8961],[-77.1346,-0.8995],[-77.1175,-0.9005],[-77.1141,-0.9051],[-77.0925,-0.912],[-77.0912,-0.9105],[-77.0725,-0.9107],[-77.057,-0.9084],[-77.0393,-0.9153],[-77.0308,-0.9202],[-77.0316,-0.9227],[-77.0379,-0.9235],[-77.0396,-0.9282],[-77.0476,-0.9313],[-77.0531,-0.9356],[-77.0543,-0.9432],[-77.0665,-0.9503],[-77.0722,-0.9521],[-77.0726,-0.9703],[-77.0676,-0.9755],[-77.0592,-0.9779],[-77.0573,-0.9829],[-77.0516,-0.9854],[-77.0433,-0.9844],[-77.0329,-0.9896],[-77.0524,-0.9952],[-77.054,-1.0026],[-77.0506,-1.0071],[-77.0587,-1.006],[-77.0613,-1.0082],[-77.0691,-1.0189],[-77.079,-1.0223],[-77.0913,-1.0238],[-77.0918,-1.0361],[-77.0876,-1.0383],[-77.0877,-1.045],[-77.0821,-1.052],[-77.0747,-1.055],[-77.076,-1.0677],[-77.0673,-1.0775],[-77.0685,-1.0847],[-77.0593,-1.0878],[-77.0512,-1.0944],[-77.033,-1.101],[-77.0313,-1.0968],[-77.0166,-1.0973],[-77.0063,-1.0951],[-77.0028,-1.0986],[-76.9918,-1.096],[-76.9869,-1.098],[-76.9815,-1.1056],[-76.975,-1.1034],[-76.9696,-1.1065],[-76.9692,-1.1109],[-76.9618,-1.1147],[-76.9603,-1.1181],[-76.9559,-1.1161],[-76.9549,-1.1215],[-76.9449,-1.1202],[-76.9246,-1.1238],[-76.9208,-1.1189],[-76.9166,-1.125],[-76.9053,-1.1278],[-76.897,-1.1267],[-76.8978,-1.1298],[-76.8907,-1.1317],[-76.891,-1.1375],[-76.8872,-1.137],[-76.8848,-1.1428],[-76.876,-1.1473],[-76.8785,-1.1508],[-76.8736,-1.1512],[-76.868,-1.1571],[-76.8631,-1.1572],[-76.8577,-1.162],[-76.8501,-1.1618],[-76.8471,-1.1576],[-76.8314,-1.1584],[-76.8329,-1.15],[-76.8296,-1.1421],[-76.8339,-1.1324],[-76.8317,-1.1258],[-76.8292,-1.11],[-76.8236,-1.1119],[-76.8173,-1.1085],[-76.812,-1.1111],[-76.8033,-1.1108],[-76.7962,-1.1055],[-76.7931,-1.1003],[-76.7877,-1.0965],[-76.7755,-1.0961],[-76.7736,-1.0908],[-76.7623,-1.0988],[-76.7609,-1.0959],[-76.7554,-1.0988],[-76.7515,-1.0943],[-76.749,-1.1004],[-76.7425,-1.0981],[-76.7395,-1.1014],[-76.7322,-1.1014],[-76.7268,-1.1053],[-76.723,-1.0992],[-76.7192,-1.0862],[-76.7202,-1.0829],[-76.7141,-1.0812],[-76.7087,-1.0825],[-76.6933,-1.0778],[-76.6865,-1.0771],[-76.6788,-1.0681],[-76.676,-1.0695],[-76.6669,-1.0679],[-76.653,-1.0568],[-76.6493,-1.0608],[-76.6406,-1.0614],[-76.6332,-1.0596],[-76.6316,-1.0632],[-76.6261,-1.0631],[-76.6196,-1.0665],[-76.6146,-1.065],[-76.6124,-1.07],[-76.5988,-1.0708],[-76.5969,-1.0686],[-76.5853,-1.0673],[-76.5854,-1.0033],[-76.5842,-0.8365],[-76.5844,-0.8107],[-76.5809,-0.8131],[-76.5652,-0.8064],[-76.5595,-0.8103],[-76.5529,-0.8107],[-76.547,-0.8004],[-76.5368,-0.8059],[-76.5351,-0.8007],[-76.52,-0.8001],[-76.5217,-0.7961],[-76.5196,-0.7919],[-76.5121,-0.7924],[-76.5075,-0.7965],[-76.4968,-0.7956],[-76.4915,-0.8004],[-76.4834,-0.7919],[-76.4791,-0.7966],[-76.4778,-0.7907],[-76.4725,-0.7965],[-76.4664,-0.7891],[-76.4592,-0.7848],[-76.4536,-0.7839],[-76.4479,-0.7864],[-76.4456,-0.7824],[-76.4319,-0.7764],[-76.433,-0.7726],[-76.4303,-0.7661],[-76.426,-0.766],[-76.4232,-0.758],[-76.4172,-0.7483],[-76.412,-0.7475],[-76.414,-0.7442],[-76.4097,-0.7397],[-76.3987,-0.743],[-76.3962,-0.7376],[-76.3941,-0.7399],[-76.3925,-0.7314],[-76.3855,-0.7322],[-76.3846,-0.726],[-76.3805,-0.7243],[-76.3766,-0.7183],[-76.369,-0.7172],[-76.3701,-0.7118],[-76.3584,-0.7087],[-76.3555,-0.7061],[-76.3491,-0.7097],[-76.3466,-0.7147],[-76.3434,-0.7094],[-76.3389,-0.7196],[-76.336,-0.7186],[-76.3368,-0.7132],[-76.334,-0.7068],[-76.3248,-0.7033],[-76.3259,-0.7095],[-76.3198,-0.7165],[-76.3108,-0.7129],[-76.309,-0.7095],[-76.3125,-0.7027],[-76.2992,-0.7022],[-76.3013,-0.6928],[-76.2943,-0.697],[-76.2945,-0.7041],[-76.2892,-0.7044],[-76.2827,-0.6924],[-76.2788,-0.6928],[-76.2804,-0.6975],[-76.2742,-0.702],[-76.2726,-0.6952],[-76.2689,-0.693],[-76.2667,-0.686],[-76.2608,-0.6825],[-76.2572,-0.6769],[-76.2496,-0.6763],[-76.2539,-0.6724],[-76.2547,-0.6639],[-76.2505,-0.6602],[-76.2515,-0.6565],[-76.2474,-0.6538],[-76.2419,-0.6612],[-76.2377,-0.6523],[-76.235,-0.6534],[-76.2269,-0.6635],[-76.2155,-0.6658],[-76.217,-0.6578],[-76.2061,-0.6528],[-76.2107,-0.6492],[-76.2061,-0.6431],[-76.2063,-0.6502],[-76.1991,-0.6501],[-76.1944,-0.6449],[-76.1833,-0.6441],[-76.1797,-0.6308],[-76.1726,-0.6305],[-76.1726,-0.6363],[-76.154,-0.6401],[-76.1494,-0.6383],[-76.1478,-0.6436],[-76.1419,-0.6449],[-76.1405,-0.6516],[-76.1321,-0.6466],[-76.1307,-0.6434],[-76.1341,-0.6401],[-76.1383,-0.6425],[-76.1412,-0.6367],[-76.1336,-0.6367],[-76.1259,-0.6343],[-76.1238,-0.6384],[-76.1193,-0.6395],[-76.1204,-0.6343],[-76.1119,-0.6309],[-76.1133,-0.6249],[-76.1085,-0.6229],[-76.1048,-0.6354],[-76.1004,-0.6325],[-76.0925,-0.6335],[-76.086,-0.6297],[-76.0905,-0.6255],[-76.0854,-0.6262],[-76.0807,-0.6332],[-76.0766,-0.6331],[-76.0826,-0.6384],[-76.0796,-0.6393],[-76.077,-0.6488],[-76.0782,-0.653],[-76.0737,-0.6529],[-76.075,-0.6454],[-76.0699,-0.6439],[-76.0702,-0.6347],[-76.0651,-0.6302],[-76.0608,-0.6421],[-76.0636,-0.6413],[-76.065,-0.6468],[-76.0549,-0.643],[-76.049,-0.6374],[-76.0519,-0.6442],[-76.0477,-0.6459],[-76.0498,-0.6526],[-76.0474,-0.6545],[-76.0394,-0.6467],[-76.0392,-0.6556],[-76.0313,-0.6547],[-76.0288,-0.6585],[-76.0295,-0.6645],[-76.0228,-0.6676],[-76.0215,-0.6748],[-76.0265,-0.6762],[-76.0225,-0.6785],[-76.0322,-0.6821],[-76.0302,-0.6866],[-76.025,-0.6865],[-76.0231,-0.6958],[-76.0174,-0.6944],[-76.0237,-0.7006],[-76.0262,-0.6991],[-76.0237,-0.7162],[-76.02,-0.7148],[-76.0196,-0.7104],[-76.0125,-0.7106],[-76.0161,-0.705],[-76.0106,-0.7016],[-76.0068,-0.7025],[-76.0047,-0.7117],[-76.0023,-0.7095],[-76.002,-0.7064],[-76.0021,-0.5467],[-76.0281,-0.5259],[-76.044,-0.5161],[-76.0593,-0.5051],[-76.0642,-0.4976],[-76.0728,-0.4796],[-76.0747,-0.4562],[-76.0792,-0.4442],[-76.0869,-0.4401],[-76.0943,-0.4392],[-76.1039,-0.4415],[-76.129,-0.452],[-76.1473,-0.4448],[-76.1576,-0.4424],[-76.1726,-0.4415],[-76.1967,-0.4382],[-76.2114,-0.4416],[-76.2183,-0.445],[-76.2331,-0.4489],[-76.2473,-0.4462],[-76.2623,-0.4475],[-76.2718,-0.4549],[-76.2834,-0.4696],[-76.2917,-0.4772],[-76.2958,-0.4791],[-76.3094,-0.4816],[-76.3218,-0.4821],[-76.3351,-0.4869],[-76.3441,-0.4926],[-76.3506,-0.4986]]]},"properties":{"poblacion":72795,"dpa_descan":"ORELLANA","dpa_provin":"22","dpa_despro":"ORELLANA","dpa_canton":"2201"}},
{"type":"Feature","geometry":{"type":"Polygon","coordinates":[[[-75.3884,-0.936],[-75.3861,-0.9235],[-75.381,-0.9244],[-75.3763,-0.9218],[-75.3666,-0.9286],[-75.3634,-0.9367],[-75.3524,-0.9449],[-75.3454,-0.9483],[-75.3423,-0.9613],[-75.3375,-0.9686],[-75.331,-0.973],[-75.3213,-0.9726],[-75.3156,-0.9762],[-75.3064,-0.9876],[-75.2914,-0.9866],[-75.2795,-0.9744],[-75.2678,-0.971],[-75.2587,-0.9716],[-75.2467,-0.9788],[-75.2366,-0.975],[-75.2297,-0.9743],[-75.2212,-0.9783],[-75.2095,-0.9749],[-75.2022,-0.9796],[-75.1871,-0.9728],[-75.199,-0.9595],[-75.2119,-0.9551],[-75.2251,-0.945],[-75.2312,-0.9376],[-75.2342,-0.9312],[-75.2313,-0.9209],[-75.2265,-0.9153],[-75.2212,-0.9057],[-75.2235,-0.8888],[-75.2215,-0.8705],[-75.2227,-0.8651],[-75.2327,-0.8546],[-75.2405,-0.8539],[-75.2438,-0.8509],[-75.2515,-0.837],[-75.2518,-0.8318],[-75.245,-0.821],[-75.2414,-0.8116],[-75.2409,-0.8047],[-75.2431,-0.7971],[-75.2574,-0.7921],[-75.269,-0.7858],[-75.2679,-0.7784],[-75.2577,-0.7726],[-75.2541,-0.7649],[-75.2617,-0.7544],[-75.2695,-0.7516],[-75.2733,-0.7402],[-75.277,-0.7184],[-75.2748,-0.7138],[-75.2641,-0.7046],[-75.2552,-0.7023],[-75.2489,-0.6982],[-75.2504,-0.6925],[-75.2614,-0.6878],[-75.2723,-0.6742],[-75.2744,-0.6692],[-75.2717,-0.6619],[-75.2629,-0.6551],[-75.2603,-0.6503],[-75.2636,-0.6454],[-75.2743,-0.6462],[-75.2846,-0.6562],[-75.2888,-0.6521],[-75.2879,-0.6405],[-75.2852,-0.6309],[-75.2856,-0.62],[-75.2884,-0.6206],[-75.2997,-0.63],[-75.3077,-0.6303],[-75.3167,-0.6199],[-75.3223,-0.6178],[-75.3343,-0.6189],[-75.3399,-0.6211],[-75.3466,-0.6208],[-75.3579,-0.6135],[-75.3671,-0.6028],[-75.3709,-0.602],[-75.3776,-0.6072],[-75.3849,-0.6082],[-75.3883,-0.6056],[-75.3956,-0.5918],[-75.3958,-0.5771],[-75.4,-0.5687],[-75.4068,-0.563],[-75.4125,-0.5627],[-75.4161,-0.5659],[-75.4285,-0.5642],[-75.4391,-0.5544],[-75.4651,-0.547],[-75.4696,-0.5475],[-75.4737,-0.552],[-75.4857,-0.5582],[-75.4873,-0.5496],[-75.493,-0.5443],[-75.4974,-0.5453],[-75.5051,-0.5559],[-75.5124,-0.5562],[-75.5329,-0.5454],[-75.5417,-0.5455],[-75.5516,-0.5487],[-75.5584,-0.5443],[-75.561,-0.5387],[-75.5592,-0.5235],[-75.5623,-0.5206],[-75.5732,-0.5206],[-75.5741,-0.5177],[-75.5687,-0.5045],[-75.5713,-0.4973],[-75.58,-0.4961],[-75.5841,-0.4975],[-75.5837,-0.5057],[-75.5907,-0.5062],[-75.593,-0.4982],[-75.5922,-0.4923],[-75.5961,-0.4852],[-75.6084,-0.4846],[-75.6153,-0.4809],[-75.6171,-0.4771],[-75.6244,-0.4747],[-75.6337,-0.4744],[-75.6409,-0.4663],[-75.647,-0.4682],[-75.6481,-0.4558],[-75.656,-0.4522],[-75.6589,-0.4566],[-75.6735,-0.4598],[-75.6757,-0.4634],[-75.6835,-0.4674],[-75.6886,-0.4662],[-75.7007,-0.4727],[-75.7184,-0.4638],[-75.7188,-0.456],[-75.7222,-0.4441],[-75.7283,-0.4375],[-75.7312,-0.4368],[-75.7398,-0.4243],[-75.748,-0.4198],[-75.7708,-0.4241],[-75.7762,-0.4194],[-75.7836,-0.4249],[-75.789,-0.4241],[-75.7953,-0.429],[-75.8105,-0.4296],[-75.8144,-0.4331],[-75.8275,-0.4375],[-75.834,-0.4349],[-75.8357,-0.4257],[-75.8472,-0.4248],[-75.8499,-0.4222],[-75.856,-0.4226],[-75.8529,-0.4081],[-75.8594,-0.4039],[-75.8628,-0.4042],[-75.8646,-0.4092],[-75.8707,-0.4167],[-75.8753,-0.4179],[-75.8757,-0.4181],[-75.946,-0.5386],[-75.9473,-0.549],[-75.9428,-0.5533],[-75.9355,-0.5555],[-75.9302,-0.5596],[-75.9302,-0.5685],[-75.9408,-0.566],[-75.9516,-0.5656],[-75.9734,-0.5622],[-75.9858,-0.5583],[-75.9949,-0.5531],[-76.0021,-0.5467],[-76.002,-0.7064],[-76.0023,-0.7095],[-76.0047,-0.7117],[-76.0068,-0.7025],[-76.0106,-0.7016],[-76.0161,-0.705],[-76.0125,-0.7106],[-76.0196,-0.7104],[-76.02,-0.7148],[-76.0237,-0.7162],[-76.0262,-0.6991],[-76.0237,-0.7006],[-76.0174,-0.6944],[-76.0231,-0.6958],[-76.025,-0.6865],[-76.0302,-0.6866],[-76.0322,-0.6821],[-76.0225,-0.6785],[-76.0265,-0.6762],[-76.0215,-0.6748],[-76.0228,-0.6676],[-76.0295,-0.6645],[-76.0288,-0.6585],[-76.0313,-0.6547],[-76.0392,-0.6556],[-76.0394,-0.6467],[-76.0474,-0.6545],[-76.0498,-0.6526],[-76.0477,-0.6459],[-76.0519,-0.6442],[-76.049,-0.6374],[-76.0549,-0.643],[-76.065,-0.6468],[-76.0636,-0.6413],[-76.0608,-0.6421],[-76.0651,-0.6302],[-76.0702,-0.6347],[-76.0699,-0.6439],[-76.075,-0.6454],[-76.0737,-0.6529],[-76.0782,-0.653],[-76.077,-0.6488],[-76.0796,-0.6393],[-76.0826,-0.6384],[-76.0766,-0.6331],[-76.0807,-0.6332],[-76.0854,-0.6262],[-76.0905,-0.6255],[-76.086,-0.6297],[-76.0925,-0.6335],[-76.1004,-0.6325],[-76.1048,-0.6354],[-76.1085,-0.6229],[-76.1133,-0.6249],[-76.1119,-0.6309],[-76.1204,-0.6343],[-76.1193,-0.6395],[-76.1238,-0.6384],[-76.1259,-0.6343],[-76.1336,-0.6367],[-76.1412,-0.6367],[-76.1383,-0.6425],[-76.1341,-0.6401],[-76.1307,-0.6434],[-76.1321,-0.6466],[-76.1405,-0.6516],[-76.1419,-0.6449],[-76.1478,-0.6436],[-76.1494,-0.6383],[-76.154,-0.6401],[-76.1726,-0.6363],[-76.1726,-0.6305],[-76.1797,-0.6308],[-76.1833,-0.6441],[-76.1944,-0.6449],[-76.1991,-0.6501],[-76.2063,-0.6502],[-76.2061,-0.6431],[-76.2107,-0.6492],[-76.2061,-0.6528],[-76.217,-0.6578],[-76.2155,-0.6658],[-76.2269,-0.6635],[-76.235,-0.6534],[-76.2377,-0.6523],[-76.2419,-0.6612],[-76.2474,-0.6538],[-76.2515,-0.6565],[-76.2505,-0.6602],[-76.2547,-0.6639],[-76.2539,-0.6724],[-76.2496,-0.6763],[-76.2572,-0.6769],[-76.2608,-0.6825],[-76.2667,-0.686],[-76.2689,-0.693],[-76.2726,-0.6952],[-76.2742,-0.702],[-76.2804,-0.6975],[-76.2788,-0.6928],[-76.2827,-0.6924],[-76.2892,-0.7044],[-76.2945,-0.7041],[-76.2943,-0.697],[-76.3013,-0.6928],[-76.2992,-0.7022],[-76.3125,-0.7027],[-76.309,-0.7095],[-76.3108,-0.7129],[-76.3198,-0.7165],[-76.3259,-0.7095],[-76.3248,-0.7033],[-76.334,-0.7068],[-76.3368,-0.7132],[-76.336,-0.7186],[-76.3389,-0.7196],[-76.3434,-0.7094],[-76.3466,-0.7147],[-76.3491,-0.7097],[-76.3555,-0.7061],[-76.3584,-0.7087],[-76.3701,-0.7118],[-76.369,-0.7172],[-76.3766,-0.7183],[-76.3805,-0.7243],[-76.3846,-0.726],[-76.3855,-0.7322],[-76.3925,-0.7314],[-76.3941,-0.7399],[-76.3962,-0.7376],[-76.3987,-0.743],[-76.4097,-0.7397],[-76.414,-0.7442],[-76.412,-0.7475],[-76.4172,-0.7483],[-76.4232,-0.758],[-76.426,-0.766],[-76.4303,-0.7661],[-76.433,-0.7726],[-76.4319,-0.7764],[-76.4456,-0.7824],[-76.4479,-0.7864],[-76.4536,-0.7839],[-76.4592,-0.7848],[-76.4664,-0.7891],[-76.4725,-0.7965],[-76.4778,-0.7907],[-76.4791,-0.7966],[-76.4834,-0.7919],[-76.4915,-0.8004],[-76.4968,-0.7956],[-76.5075,-0.7965],[-76.5121,-0.7924],[-76.5196,-0.7919],[-76.5217,-0.7961],[-76.52,-0.8001],[-76.5351,-0.8007],[-76.5368,-0.8059],[-76.547,-0.8004],[-76.5529,-0.8107],[-76.5595,-0.8103],[-76.5652,-0.8064],[-76.5809,-0.8131],[-76.5844,-0.8107],[-76.5842,-0.8365],[-76.5854,-1.0033],[-76.5853,-1.0673],[-76.5755,-1.0626],[-76.5631,-1.0608],[-76.548,-1.0685],[-76.5446,-1.0635],[-76.533,-1.0518],[-76.5272,-1.0544],[-76.527,-1.0592],[-76.5234,-1.0573],[-76.514,-1.0699],[-76.5153,-1.0758],[-76.5196,-1.0794],[-76.5165,-1.0827],[-76.5182,-1.0865],[-76.5142,-1.093],[-76.5178,-1.1044],[-76.5244,-1.1068],[-76.5213,-1.1139],[-76.5224,-1.119],[-76.5163,-1.12],[-76.5207,-1.127],[-76.5241,-1.1419],[-76.5201,-1.1462],[-76.5248,-1.1488],[-76.5281,-1.1614],[-76.5253,-1.1631],[-76.5288,-1.1672],[-76.5263,-1.1688],[-76.5242,-1.1767],[-76.5208,-1.1759],[-76.5232,-1.1811],[-76.5198,-1.1857],[-76.5265,-1.1812],[-76.5298,-1.1917],[-76.5272,-1.1964],[-76.5211,-1.1951],[-76.5219,-1.2001],[-76.5149,-1.1989],[-76.5184,-1.2026],[-76.5189,-1.209],[-76.5149,-1.2072],[-76.5117,-1.2114],[-76.5082,-1.2075],[-76.5032,-1.2116],[-76.5015,-1.2193],[-76.4998,-1.2143],[-76.4971,-1.2203],[-76.4895,-1.22],[-76.4921,-1.2244],[-76.4851,-1.23],[-76.4846,-1.2361],[-76.4765,-1.2375],[-76.4769,-1.2447],[-76.4827,-1.2448],[-76.4823,-1.249],[-76.4721,-1.2478],[-76.4755,-1.2531],[-76.4663,-1.2585],[-76.4657,-1.2626],[-76.4599,-1.2488],[-76.4558,-1.253],[-76.4516,-1.2503],[-76.4485,-1.2531],[-76.4507,-1.2596],[-76.4576,-1.257],[-76.4558,-1.2611],[-76.4506,-1.2643],[-76.4512,-1.2716],[-76.4367,-1.2657],[-76.4393,-1.2595],[-76.4327,-1.2579],[-76.4297,-1.2663],[-76.4201,-1.2716],[-76.4157,-1.2706],[-76.4081,-1.2596],[-76.3963,-1.2537],[-76.3922,-1.2616],[-76.392,-1.2669],[-76.3866,-1.271],[-76.3795,-1.2697],[-76.3737,-1.274],[-76.3683,-1.2731],[-76.3729,-1.2703],[-76.3715,-1.2674],[-76.3652,-1.2704],[-76.3656,-1.2736],[-76.3714,-1.2801],[-76.3693,-1.2822],[-76.3652,-1.2771],[-76.3578,-1.2799],[-76.3562,-1.2831],[-76.3663,-1.2874],[-76.3658,-1.2945],[-76.3506,-1.2913],[-76.3417,-1.2972],[-76.3427,-1.3008],[-76.3357,-1.3011],[-76.3297,-1.3058],[-76.3189,-1.3031],[-76.3108,-1.3069],[-76.3097,-1.2994],[-76.3046,-1.3066],[-76.295,-1.3096],[-76.2928,-1.3041],[-76.2876,-1.3202],[-76.2834,-1.3158],[-76.2867,-1.3115],[-76.285,-1.309],[-76.2759,-1.3048],[-76.268,-1.3064],[-76.2663,-1.3027],[-76.2715,-1.2962],[-76.265,-1.2964],[-76.257,-1.3013],[-76.2537,-1.3067],[-76.2505,-1.3043],[-76.249,-1.2887],[-76.2448,-1.2875],[-76.242,-1.2963],[-76.2373,-1.301],[-76.2294,-1.2954],[-76.225,-1.2961],[-76.2257,-1.2913],[-76.2213,-1.2863],[-76.2175,-1.2885],[-76.2107,-1.297],[-76.2019,-1.2979],[-76.1988,-1.2943],[-76.1941,-1.2951],[-76.188,-1.2866],[-76.1855,-1.289],[-76.1783,-1.2883],[-76.1764,-1.3],[-76.1698,-1.2946],[-76.1658,-1.2951],[-76.1636,-1.3011],[-76.1575,-1.3005],[-76.1529,-1.2947],[-76.1517,-1.2848],[-76.1476,-1.2834],[-76.1464,-1.2898],[-76.1397,-1.285],[-76.1368,-1.2759],[-76.1304,-1.2773],[-76.13,-1.2832],[-76.1268,-1.285],[-76.123,-1.2757],[-76.1135,-1.2725],[-76.1114,-1.2783],[-76.1011,-1.2817],[-76.0973,-1.279],[-76.0905,-1.2812],[-76.0879,-1.2855],[-76.0887,-1.2904],[-76.0822,-1.2964],[-76.0758,-1.2919],[-76.0729,-1.2814],[-76.0661,-1.2781],[-76.0636,-1.2806],[-76.0678,-1.2863],[-76.0649,-1.2882],[-76.0585,-1.2848],[-76.0575,-1.2881],[-76.0627,-1.2952],[-76.0643,-1.3052],[-76.0575,-1.3078],[-76.0543,-1.3047],[-76.0574,-1.3006],[-76.05,-1.2971],[-76.0448,-1.298],[-76.0447,-1.3054],[-76.0404,-1.3045],[-76.0397,-1.3103],[-76.0363,-1.3146],[-76.0339,-1.311],[-76.0284,-1.31],[-76.0273,-1.3155],[-76.0236,-1.3144],[-76.0243,-1.3092],[-76.0164,-1.3097],[-76.0116,-1.307],[-76.009,-1.3147],[-76.0022,-1.3115],[-75.9954,-1.3214],[-75.9958,-1.3283],[-75.9928,-1.3314],[-75.9975,-1.3341],[-75.9929,-1.3386],[-75.9857,-1.3395],[-75.9835,-1.3352],[-75.9799,-1.3367],[-75.9764,-1.3327],[-75.9722,-1.3329],[-75.9735,-1.3384],[-75.9684,-1.3427],[-75.9682,-1.3472],[-75.9587,-1.3473],[-75.9568,-1.354],[-75.9491,-1.3577],[-75.9412,-1.3523],[-75.9379,-1.3526],[-75.9382,-1.3596],[-75.9326,-1.3621],[-75.9259,-1.3565],[-75.9239,-1.352],[-75.9197,-1.353],[-75.9164,-1.3497],[-75.9183,-1.3599],[-75.9112,-1.3604],[-75.9056,-1.353],[-75.9017,-1.3544],[-75.8929,-1.3494],[-75.894,-1.3436],[-75.899,-1.3382],[-75.8976,-1.3354],[-75.8874,-1.3418],[-75.8835,-1.3367],[-75.8765,-1.3346],[-75.8821,-1.3416],[-75.8806,-1.3567],[-75.8736,-1.3584],[-75.868,-1.3573],[-75.8581,-1.3591],[-75.8552,-1.3622],[-75.8504,-1.3607],[-75.8467,-1.3561],[-75.8407,-1.3637],[-75.8445,-1.3676],[-75.8431,-1.3749],[-75.8315,-1.3813],[-75.8317,-1.3849],[-75.8368,-1.3917],[-75.827,-1.39],[-75.8233,-1.385],[-75.8135,-1.3905],[-75.8033,-1.391],[-75.8028,-1.3932],[-75.8124,-1.3942],[-75.8137,-1.3973],[-75.7974,-1.4054],[-75.7858,-1.4056],[-75.7804,-1.3971],[-75.7756,-1.3976],[-75.7718,-1.4074],[-75.7631,-1.4124],[-75.7602,-1.4159],[-75.7567,-1.4095],[-75.7591,-1.4049],[-75.752,-1.4056],[-75.7453,-1.4113],[-75.7456,-1.4142],[-75.752,-1.4203],[-75.749,-1.4234],[-75.7435,-1.4169],[-75.7393,-1.4187],[-75.7381,-1.4268],[-75.7398,-1.4368],[-75.7377,-1.4388],[-75.7282,-1.4401],[-75.7238,-1.446],[-75.7161,-1.4505],[-75.7212,-1.457],[-75.7198,-1.4632],[-75.7152,-1.4648],[-75.7114,-1.4561],[-75.7015,-1.4483],[-75.6991,-1.4506],[-75.7018,-1.4624],[-75.7002,-1.4658],[-75.6914,-1.4661],[-75.685,-1.47],[-75.6749,-1.4686],[-75.6722,-1.4744],[-75.6665,-1.4793],[-75.6637,-1.4873],[-75.6607,-1.4854],[-75.6598,-1.4766],[-75.6498,-1.4756],[-75.6512,-1.4815],[-75.6489,-1.4869],[-75.6527,-1.4885],[-75.6498,-1.4921],[-75.6414,-1.4851],[-75.6368,-1.4843],[-75.6422,-1.494],[-75.6403,-1.4953],[-75.6315,-1.4925],[-75.6349,-1.4968],[-75.6315,-1.5011],[-75.6233,-1.5011],[-75.6162,-1.4958],[-75.6147,-1.5017],[-75.6085,-1.4936],[-75.6045,-1.4954],[-75.5953,-1.5077],[-75.5954,-1.5136],[-75.5924,-1.5152],[-75.5896,-1.5094],[-75.5886,-1.5136],[-75.5927,-1.5179],[-75.5949,-1.5248],[-75.5897,-1.5304],[-75.597,-1.5366],[-75.5952,-1.5421],[-75.5881,-1.5475],[-75.5804,-1.547],[-75.5739,-1.5532],[-75.5691,-1.5547],[-75.5643,-1.5639],[-75.5577,-1.5608],[-75.5591,-1.551],[-75.5559,-1.5494],[-75.451,-1.1651],[-75.3884,-0.936]]]},"properties":{"poblacion":4847,"dpa_descan":"AGUARICO","dpa_provin":"22","dpa_despro":"ORELLANA","dpa_canton":"2202"}},
{"type":"Feature","geometry":{"type":"Polygon","coordinates":[[[-78.6419,-1.3444],[-78.6398,-1.3466],[-78.643,-1.3583],[-78.6378,-1.3579],[-78.6265,-1.3651],[-78.6177,-1.3686],[-78.6138,-1.3737],[-78.6121,-1.3749],[-78.6057,-1.3714],[-78.6032,-1.3665],[-78.5969,-1.3666],[-78.5905,-1.3567],[-78.5902,-1.3522],[-78.5888,-1.3431],[-78.5939,-1.3374],[-78.5971,-1.3291],[-78.5963,-1.3243],[-78.6042,-1.3284],[-78.6353,-1.3445],[-78.6419,-1.3444]]]},"properties":{"poblacion":8163,"dpa_descan":"CEVALLOS","dpa_provin":"18","dpa_despro":"TUNGURAHUA","dpa_canton":"1803"}},
{"type":"Feature","geometry":{"type":"Polygon","coordinates":[[[-76.7631,-0.2627],[-76.7624,-0.2616],[-76.7658,-0.256],[-76.7725,-0.2564],[-76.7802,-0.248],[-76.7852,-0.2484],[-76.7925,-0.2387],[-76.8009,-0.2346],[-76.8077,-0.2204],[-76.8131,-0.2121],[-76.8257,-0.2029],[-76.8301,-0.1906],[-76.8361,-0.1882],[-76.8522,-0.1714],[-76.8547,-0.1689],[-76.8627,-0.1493],[-76.8666,-0.1485],[-76.8682,-0.142],[-76.8743,-0.1367],[-76.8752,-0.1284],[-76.8933,-0.1153],[-76.8964,-0.1082],[-76.9014,-0.1088],[-76.9046,-0.0939],[-76.9046,-0.0844],[-76.9096,-0.0822],[-76.9252,-0.0814],[-76.9339,-0.086],[-76.9334,-0.0595],[-76.9403,-0.06],[-76.946,-0.0647],[-76.9575,-0.0637],[-76.9655,-0.0656],[-76.9697,-0.07],[-76.9793,-0.0717],[-76.9852,-0.0803],[-76.9916,-0.0799],[-76.9987,-0.0824],[-77.0122,-0.0932],[-77.0188,-0.1005],[-77.0244,-0.1016],[-77.0296,-0.1058],[-77.0423,-0.1071],[-77.0541,-0.1134],[-77.0641,-0.1132],[-77.0823,-0.1085],[-77.0942,-0.1111],[-77.0999,-0.1083],[-77.1074,-0.1006],[-77.117,-0.0965],[-77.1236,-0.0917],[-77.1341,-0.0903],[-77.1436,-0.0872],[-77.1488,-0.083],[-77.1599,-0.0815],[-77.1572,-0.0999],[-77.1538,-0.1007],[-77.127,-0.1196],[-77.1132,-0.1221],[-77.1095,-0.1254],[-77.1083,-0.1346],[-77.1016,-0.1499],[-77.097,-0.1567],[-77.0834,-0.1616],[-77.0796,-0.1663],[-77.0722,-0.1851],[-77.0675,-0.1917],[-77.0625,-0.1932],[-77.055,-0.1994],[-77.0547,-0.2034],[-77.0577,-0.2273],[-77.0544,-0.2378],[-77.0531,-0.2503],[-77.0537,-0.2577],[-77.0512,-0.2751],[-77.0433,-0.2869],[-77.0359,-0.2917],[-77.0225,-0.3088],[-77.0232,-0.3242],[-77.0183,-0.3335],[-77.0131,-0.3399],[-77.0026,-0.3447],[-76.9859,-0.354],[-76.9841,-0.3715],[-76.987,-0.3808],[-76.9927,-0.3886],[-76.949,-0.3885],[-76.9472,-0.393],[-76.9435,-0.3928],[-76.9441,-0.3999],[-76.9381,-0.4073],[-76.9397,-0.416],[-76.9398,-0.4261],[-76.9359,-0.435],[-76.9301,-0.4393],[-76.9222,-0.4415],[-76.9157,-0.4384],[-76.9069,-0.4366],[-76.8992,-0.4419],[-76.8957,-0.4557],[-76.9017,-0.4596],[-76.8836,-0.462],[-76.8659,-0.4586],[-76.8499,-0.4539],[-76.8336,-0.4472],[-76.8204,-0.4464],[-76.7983,-0.4387],[-76.7785,-0.4369],[-76.759,-0.4387],[-76.7503,-0.4438],[-76.7373,-0.4467],[-76.729,-0.447],[-76.7205,-0.4479],[-76.7089,-0.4512],[-76.6962,-0.456],[-76.6804,-0.457],[-76.634,-0.4534],[-76.6196,-0.4487],[-76.6134,-0.4442],[-76.6012,-0.4303],[-76.6073,-0.4259],[-76.6112,-0.4274],[-76.627,-0.4293],[-76.6404,-0.4184],[-76.6406,-0.4141],[-76.6335,-0.4041],[-76.6361,-0.398],[-76.6446,-0.3934],[-76.6511,-0.3931],[-76.6594,-0.3901],[-76.674,-0.3734],[-76.6875,-0.3711],[-76.6884,-0.366],[-76.6971,-0.3601],[-76.7015,-0.3522],[-76.7064,-0.3504],[-76.7154,-0.3514],[-76.7269,-0.3464],[-76.72,-0.3354],[-76.7261,-0.3299],[-76.7294,-0.3233],[-76.7363,-0.3203],[-76.7391,-0.3127],[-76.7443,-0.3119],[-76.7462,-0.3066],[-76.7512,-0.3017],[-76.7507,-0.2931],[-76.7527,-0.2879],[-76.7644,-0.2816],[-76.7602,-0.2679],[-76.7631,-0.2627]]]},"properties":{"poblacion":37591,"dpa_descan":"LA JOYA DE LOS SACHAS","dpa_provin":"22","dpa_despro":"ORELLANA","dpa_canton":"2203"}},
{"type":"Feature","geometry":{"type":"Polygon","coordinates":[[[-77.1245,-0.6951],[-77.1311,-0.6845],[-77.1309,-0.6795],[-77.1265,-0.6687],[-77.1238,-0.6543],[-77.1195,-0.6445],[-77.116,-0.6307],[-77.1117,-0.6203],[-77.11,-0.612],[-77.1061,-0.6051],[-77.0995,-0.5996],[-77.0978,-0.5893],[-77.1005,-0.5797],[-77.0965,-0.5744],[-77.0871,-0.57],[-77.0787,-0.5562],[-77.0753,-0.5474],[-77.0824,-0.5473],[-77.0953,-0.5368],[-77.1213,-0.5123],[-77.1386,-0.4919],[-77.1314,-0.4853],[-77.1341,-0.4738],[-77.1327,-0.4684],[-77.1353,-0.4648],[-77.1415,-0.4493],[-77.1393,-0.4451],[-77.1426,-0.441],[-77.1452,-0.4437],[-77.1449,-0.4587],[-77.1555,-0.4609],[-77.1596,-0.4557],[-77.1632,-0.4555],[-77.1743,-0.4491],[-77.1789,-0.4404],[-77.1834,-0.4489],[-77.1836,-0.4417],[-77.19,-0.4415],[-77.1922,-0.437],[-77.1959,-0.4404],[-77.1996,-0.4352],[-77.2033,-0.4362],[-77.2098,-0.4335],[-77.2207,-0.4231],[-77.2317,-0.4179],[-77.2408,-0.41],[-77.2501,-0.3927],[-77.2435,-0.3957],[-77.2345,-0.3912],[-77.2343,-0.3885],[-77.2399,-0.3838],[-77.2414,-0.3759],[-77.2444,-0.3765],[-77.2594,-0.3698],[-77.265,-0.3698],[-77.268,-0.3746],[-77.2725,-0.3744],[-77.2813,-0.3691],[-77.2849,-0.3711],[-77.2884,-0.3687],[-77.2824,-0.3646],[-77.2913,-0.3606],[-77.2977,-0.3608],[-77.2928,-0.3563],[-77.2967,-0.3461],[-77.3015,-0.346],[-77.3073,-0.3535],[-77.3105,-0.3509],[-77.3177,-0.3575],[-77.3232,-0.3699],[-77.3344,-0.3692],[-77.3266,-0.3787],[-77.3255,-0.3928],[-77.3279,-0.3983],[-77.3227,-0.405],[-77.3262,-0.4089],[-77.3288,-0.421],[-77.3251,-0.422],[-77.3294,-0.4251],[-77.3442,-0.42],[-77.3518,-0.419],[-77.3573,-0.4217],[-77.3579,-0.426],[-77.3655,-0.4292],[-77.3679,-0.4347],[-77.3626,-0.4423],[-77.3704,-0.4448],[-77.37,-0.456],[-77.3757,-0.4615],[-77.382,-0.4622],[-77.3849,-0.4687],[-77.3839,-0.4719],[-77.3856,-0.483],[-77.3905,-0.4907],[-77.3906,-0.4943],[-77.4005,-0.4962],[-77.4132,-0.5033],[-77.4177,-0.5045],[-77.4214,-0.5139],[-77.4318,-0.5212],[-77.4403,-0.5122],[-77.4483,-0.5141],[-77.4613,-0.5079],[-77.4615,-0.5056],[-77.472,-0.5025],[-77.4809,-0.4966],[-77.4872,-0.4971],[-77.4938,-0.4918],[-77.5075,-0.4883],[-77.5157,-0.4825],[-77.5181,-0.4773],[-77.5284,-0.4761],[-77.5348,-0.4674],[-77.5368,-0.4613],[-77.543,-0.4597],[-77.547,-0.4526],[-77.5598,-0.4544],[-77.5705,-0.4598],[-77.5711,-0.4626],[-77.5662,-0.4767],[-77.5671,-0.4854],[-77.5595,-0.4945],[-77.5706,-0.5001],[-77.5804,-0.5028],[-77.5943,-0.5145],[-77.6019,-0.519],[-77.6086,-0.52],[-77.6138,-0.524],[-77.6194,-0.5336],[-77.6275,-0.5414],[-77.6232,-0.5572],[-77.6153,-0.565],[-77.605,-0.5601],[-77.594,-0.5689],[-77.5903,-0.5786],[-77.588,-0.5957],[-77.5796,-0.6057],[-77.5807,-0.609],[-77.5761,-0.6127],[-77.5666,-0.6123],[-77.5587,-0.6186],[-77.5382,-0.6198],[-77.5329,-0.6268],[-77.5349,-0.6324],[-77.5335,-0.6388],[-77.5246,-0.6491],[-77.5276,-0.6618],[-77.525,-0.6695],[-77.5188,-0.6763],[-77.5182,-0.6817],[-77.5124,-0.6884],[-77.4966,-0.702],[-77.5054,-0.7156],[-77.5091,-0.7181],[-77.5135,-0.728],[-77.519,-0.7304],[-77.5284,-0.7431],[-77.5246,-0.7437],[-77.527,-0.7523],[-77.5319,-0.7601],[-77.5358,-0.7629],[-77.5342,-0.7702],[-77.5377,-0.777],[-77.5424,-0.7909],[-77.5414,-0.7954],[-77.5343,-0.8002],[-77.53,-0.8088],[-77.5282,-0.8163],[-77.525,-0.8198],[-77.5305,-0.8312],[-77.5289,-0.8401],[-77.5366,-0.8461],[-77.5351,-0.855],[-77.537,-0.8594],[-77.5364,-0.8693],[-77.5344,-0.8743],[-77.5392,-0.8746],[-77.5497,-0.8802],[-77.5514,-0.8845],[-77.5519,-0.9003],[-77.5647,-0.9048],[-77.5782,-0.912],[-77.588,-0.9108],[-77.5879,-0.9188],[-77.5909,-0.9209],[-77.5899,-0.9274],[-77.5828,-0.9337],[-77.5791,-0.9345],[-77.5739,-0.9308],[-77.5686,-0.9322],[-77.5672,-0.9424],[-77.5648,-0.9434],[-77.5564,-0.9393],[-77.5379,-0.9423],[-77.5286,-0.9505],[-77.5206,-0.9476],[-77.5157,-0.9507],[-77.5133,-0.9454],[-77.5083,-0.9461],[-77.5042,-0.9423],[-77.497,-0.9442],[-77.4961,-0.9407],[-77.4849,-0.9363],[-77.4805,-0.9297],[-77.4724,-0.9277],[-77.4692,-0.9239],[-77.4708,-0.9199],[-77.4642,-0.913],[-77.4567,-0.9177],[-77.4524,-0.9157],[-77.4568,-0.9054],[-77.4518,-0.8996],[-77.4447,-0.8962],[-77.4262,-0.9022],[-77.4206,-0.8946],[-77.4222,-0.8906],[-77.4181,-0.8899],[-77.4095,-0.8932],[-77.4041,-0.8921],[-77.4034,-0.8956],[-77.3967,-0.8956],[-77.3895,-0.8886],[-77.3859,-0.8914],[-77.3785,-0.8873],[-77.3792,-0.882],[-77.3727,-0.8827],[-77.3721,-0.8794],[-77.3653,-0.8791],[-77.3696,-0.8759],[-77.37,-0.8705],[-77.3612,-0.8693],[-77.3572,-0.8736],[-77.3518,-0.8712],[-77.3501,-0.8608],[-77.3315,-0.8589],[-77.3332,-0.8539],[-77.3253,-0.8502],[-77.324,-0.8469],[-77.3187,-0.8477],[-77.3091,-0.8402],[-77.305,-0.8449],[-77.2959,-0.844],[-77.2963,-0.8378],[-77.2853,-0.8366],[-77.2809,-0.8388],[-77.2753,-0.8355],[-77.271,-0.8278],[-77.2627,-0.8255],[-77.2645,-0.8223],[-77.2615,-0.8172],[-77.2638,-0.8146],[-77.2527,-0.8016],[-77.2528,-0.7931],[-77.2387,-0.7897],[-77.2349,-0.7797],[-77.2296,-0.7801],[-77.2218,-0.7716],[-77.2179,-0.7742],[-77.2078,-0.7725],[-77.2028,-0.7664],[-77.1993,-0.7669],[-77.2006,-0.7602],[-77.1927,-0.7592],[-77.1893,-0.75],[-77.184,-0.7426],[-77.1861,-0.7385],[-77.174,-0.7308],[-77.1627,-0.7069],[-77.1564,-0.7077],[-77.1432,-0.6952],[-77.136,-0.6939],[-77.1277,-0.698],[-77.1245,-0.6951]]]},"properties":{"poblacion":21163,"dpa_descan":"LORETO","dpa_provin":"22","dpa_despro":"ORELLANA","dpa_canton":"2204"}},
{"type":"Feature","geometry":{"type":"Polygon","coordinates":[[[-79.4072,-0.2836],[-79.4025,-0.2863],[-79.4039,-0.296],[-79.4075,-0.3007],[-79.4072,-0.3056],[-79.401,-0.3153],[-79.4026,-0.3237],[-79.4024,-0.3757],[-79.4057,-0.3822],[-79.4022,-0.387],[-79.4018,-0.4026],[-79.4062,-0.4045],[-79.4094,-0.41],[-79.4166,-0.4146],[-79.4224,-0.422],[-79.4207,-0.4272],[-79.4252,-0.4307],[-79.4289,-0.4385],[-79.437,-0.4411],[-79.4428,-0.4498],[-79.4485,-0.4521],[-79.4491,-0.4558],[-79.4569,-0.4562],[-79.4586,-0.4611],[-79.4561,-0.4663],[-79.4629,-0.468],[-79.4642,-0.4719],[-79.4598,-0.4727],[-79.4587,-0.4785],[-79.454,-0.4773],[-79.4494,-0.4801],[-79.4574,-0.4877],[-79.459,-0.4956],[-79.4599,-0.5037],[-79.459,-0.5097],[-79.4645,-0.5157],[-79.4663,-0.5206],[-79.4661,-0.5293],[-79.4722,-0.5316],[-79.4755,-0.5389],[-79.4787,-0.5383],[-79.4834,-0.5431],[-79.4611,-0.5483],[-79.4579,-0.5523],[-79.4584,-0.5628],[-79.4544,-0.5595],[-79.4519,-0.5498],[-79.4405,-0.5445],[-79.4331,-0.5453],[-79.4167,-0.5388],[-79.4164,-0.5467],[-79.4056,-0.5431],[-79.3906,-0.5435],[-79.3896,-0.5458],[-79.3734,-0.5443],[-79.3726,-0.5398],[-79.3625,-0.54],[-79.3465,-0.5439],[-79.3449,-0.555],[-79.3555,-0.5578],[-79.3523,-0.568],[-79.3496,-0.5709],[-79.3621,-0.573],[-79.3665,-0.5784],[-79.3654,-0.5854],[-79.3567,-0.5888],[-79.3581,-0.5949],[-79.3529,-0.604],[-79.353,-0.6106],[-79.3484,-0.614],[-79.3491,-0.627],[-79.3455,-0.6305],[-79.3525,-0.6327],[-79.3611,-0.6415],[-79.3597,-0.6459],[-79.3627,-0.6495],[-79.3629,-0.6554],[-79.3693,-0.6518],[-79.369,-0.658],[-79.3595,-0.6697],[-79.3621,-0.6768],[-79.3509,-0.6851],[-79.3496,-0.6899],[-79.3442,-0.6901],[-79.3396,-0.6939],[-79.3311,-0.6933],[-79.324,-0.6986],[-79.3146,-0.6976],[-79.3114,-0.6941],[-79.3055,-0.695],[-79.3023,-0.6994],[-79.2935,-0.6991],[-79.2903,-0.6936],[-79.2855,-0.6961],[-79.2848,-0.6877],[-79.2781,-0.6792],[-79.2728,-0.6766],[-79.2663,-0.6685],[-79.2649,-0.6628],[-79.2528,-0.6569],[-79.2491,-0.652],[-79.2436,-0.6505],[-79.2431,-0.6474],[-79.2357,-0.6435],[-79.2164,-0.64],[-79.2137,-0.6361],[-79.2019,-0.6284],[-79.201,-0.6209],[-79.1962,-0.6166],[-79.1967,-0.6087],[-79.1849,-0.5998],[-79.1706,-0.5933],[-79.1602,-0.586],[-79.1519,-0.5757],[-79.1461,-0.5643],[-79.1371,-0.5498],[-79.1249,-0.5428],[-79.1127,-0.542],[-79.1011,-0.5247],[-79.0929,-0.5242],[-79.0807,-0.5278],[-79.0714,-0.5235],[-79.0604,-0.5142],[-79.0559,-0.5048],[-79.0483,-0.4956],[-79.0449,-0.4879],[-79.0386,-0.4877],[-79.0329,-0.4844],[-79.0297,-0.4792],[-79.031,-0.4778],[-79.0311,-0.4721],[-79.0247,-0.462],[-79.0168,-0.4519],[-79.0146,-0.4439],[-79.015,-0.4226],[-79.0081,-0.4155],[-79.0012,-0.4172],[-78.9908,-0.4148],[-78.9863,-0.4107],[-78.977,-0.4101],[-78.9645,-0.4009],[-78.9636,-0.3939],[-78.9686,-0.382],[-78.9621,-0.3696],[-78.9556,-0.3621],[-78.947,-0.3603],[-78.9335,-0.3602],[-78.9341,-0.3476],[-78.9375,-0.3442],[-78.9406,-0.3314],[-78.9481,-0.3274],[-78.9547,-0.3163],[-78.9447,-0.3108],[-78.9427,-0.3133],[-78.9288,-0.3136],[-78.9082,-0.3304],[-78.8983,-0.3354],[-78.893,-0.3319],[-78.8891,-0.3369],[-78.8836,-0.3368],[-78.8754,-0.3303],[-78.8659,-0.3334],[-78.8654,-0.342],[-78.8614,-0.3474],[-78.8554,-0.349],[-78.8515,-0.3461],[-78.8454,-0.3483],[-78.8415,-0.3462],[-78.8253,-0.3439],[-78.8195,-0.3454],[-78.8169,-0.3343],[-78.8082,-0.3318],[-78.8071,-0.3247],[-78.7949,-0.3157],[-78.7874,-0.314],[-78.7874,-0.3056],[-78.7742,-0.2979],[-78.7739,-0.2795],[-78.7594,-0.2824],[-78.7543,-0.2811],[-78.7531,-0.277],[-78.7465,-0.2772],[-78.7492,-0.2674],[-78.7532,-0.2609],[-78.7532,-0.257],[-78.7597,-0.2503],[-78.7597,-0.2397],[-78.7681,-0.2349],[-78.7713,-0.2283],[-78.7776,-0.2247],[-78.783,-0.2131],[-78.787,-0.2111],[-78.7901,-0.215],[-78.7948,-0.2135],[-78.8051,-0.2046],[-78.8104,-0.2038],[-78.8321,-0.1882],[-78.834,-0.1845],[-78.8292,-0.1787],[-78.8379,-0.1707],[-78.8386,-0.168],[-78.8423,-0.1661],[-78.8406,-0.1619],[-78.8336,-0.1604],[-78.8357,-0.151],[-78.8334,-0.142],[-78.8345,-0.1381],[-78.8396,-0.1338],[-78.8508,-0.1363],[-78.8593,-0.1316],[-78.8613,-0.1265],[-78.8675,-0.119],[-78.8777,-0.1153],[-78.8817,-0.1098],[-78.892,-0.1066],[-78.8932,-0.1082],[-78.9093,-0.1079],[-78.9139,-0.1168],[-78.9178,-0.1159],[-78.922,-0.1198],[-78.9282,-0.1207],[-78.941,-0.1137],[-78.9426,-0.1109],[-78.9516,-0.1127],[-78.9557,-0.108],[-78.9665,-0.1015],[-78.9722,-0.108],[-78.9794,-0.1073],[-78.9825,-0.1114],[-78.9875,-0.1097],[-78.9988,-0.1121],[-79.005,-0.1106],[-79.0058,-0.1132],[-79.0132,-0.1099],[-79.0139,-0.1162],[-79.0187,-0.1145],[-79.0236,-0.1174],[-79.0302,-0.1134],[-79.0309,-0.1098],[-79.0403,-0.1081],[-79.0454,-0.1017],[-79.0536,-0.1042],[-79.0598,-0.0957],[-79.0633,-0.0963],[-79.0722,-0.0916],[-79.0756,-0.0943],[-79.0824,-0.0894],[-79.0849,-0.0926],[-79.0915,-0.0898],[-79.0946,-0.0915],[-79.1018,-0.0829],[-79.1047,-0.0886],[-79.1124,-0.0861],[-79.1161,-0.0918],[-79.1167,-0.0873],[-79.125,-0.0867],[-79.1267,-0.0905],[-79.1327,-0.0887],[-79.136,-0.0939],[-79.1406,-0.0901],[-79.1443,-0.0928],[-79.1495,-0.0918],[-79.1484,-0.0852],[-79.1417,-0.0794],[-79.1407,-0.0738],[-79.1328,-0.0647],[-79.127,-0.0491],[-79.1205,-0.0442],[-79.1048,-0.0379],[-79.0999,-0.0343],[-79.0975,-0.0264],[-79.1089,-0.0243],[-79.118,-0.0176],[-79.1203,-0.0198],[-79.1273,-0.0169],[-79.1304,-0.0182],[-79.1483,-0.0147],[-79.1499,-0.0131],[-79.1564,-0.0167],[-79.1606,-0.012],[-79.1689,-0.0153],[-79.1725,-0.0118],[-79.1835,-0.0142],[-79.1853,-0.0093],[-79.1924,-0.0109],[-79.1983,-0.0044],[-79.2162,0.0041],[-79.2236,0.0025],[-79.2268,0.0065],[-79.2319,0.0034],[-79.2378,0.0087],[-79.2441,0.0113],[-79.245,0.0056],[-79.2594,0.0114],[-79.2629,0.0108],[-79.2823,0.015],[-79.2846,0.0178],[-79.2943,0.0172],[-79.2983,0.0121],[-79.2981,0.0083],[-79.3024,0.0059],[-79.3028,-0.0011],[-79.3108,0.0004],[-79.3075,-0.008],[-79.3046,-0.0107],[-79.3081,-0.0145],[-79.3142,-0.0152],[-79.318,-0.0215],[-79.3268,-0.0194],[-79.331,-0.0217],[-79.331,-0.0376],[-79.328,-0.0381],[-79.3154,-0.0453],[-79.3193,-0.0537],[-79.3292,-0.0664],[-79.3325,-0.0727],[-79.343,-0.0861],[-79.3485,-0.091],[-79.355,-0.087],[-79.363,-0.0885],[-79.3511,-0.0946],[-79.3491,-0.0972],[-79.3489,-0.1114],[-79.3523,-0.1087],[-79.3834,-0.109],[-79.3984,-0.1015],[-79.4002,-0.1067],[-79.4113,-0.103],[-79.4149,-0.1035],[-79.4148,-0.1077],[-79.426,-0.1055],[-79.4342,-0.1018],[-79.4314,-0.1108],[-79.4326,-0.1133],[-79.4472,-0.1119],[-79.4499,-0.115],[-79.4564,-0.1115],[-79.4626,-0.114],[-79.4714,-0.1072],[-79.4779,-0.1122],[-79.4791,-0.1087],[-79.4862,-0.1055],[-79.4868,-0.0971],[-79.5067,-0.0972],[-79.5198,-0.0927],[-79.5272,-0.0927],[-79.5269,-0.1016],[-79.5331,-0.1],[-79.5368,-0.1025],[-79.5482,-0.1003],[-79.5466,-0.1072],[-79.5435,-0.1103],[-79.5445,-0.1232],[-79.5403,-0.1265],[-79.541,-0.1336],[-79.5297,-0.1366],[-79.5294,-0.1429],[-79.5235,-0.1487],[-79.5246,-0.1575],[-79.5193,-0.1638],[-79.5114,-0.1651],[-79.5086,-0.1688],[-79.4938,-0.1696],[-79.4924,-0.1675],[-79.4859,-0.1712],[-79.4789,-0.1699],[-79.4696,-0.1755],[-79.4703,-0.1713],[-79.4618,-0.1716],[-79.4554,-0.1783],[-79.4505,-0.1761],[-79.4493,-0.1794],[-79.429,-0.1757],[-79.428,-0.1798],[-79.4169,-0.1907],[-79.4188,-0.1973],[-79.4145,-0.2074],[-79.4102,-0.2086],[-79.4133,-0.2133],[-79.4102,-0.2175],[-79.4106,-0.2271],[-79.4138,-0.2335],[-79.4097,-0.2437],[-79.4111,-0.2672],[-79.4103,-0.2777],[-79.4072,-0.2836]]]},"properties":{"poblacion":368013,"dpa_descan":"SANTO DOMINGO","dpa_provin":"23","dpa_despro":"SANTO DOMINGO DE LOS TSACHILAS","dpa_canton":"2301"}},
{"type":"Feature","geometry":{"type":"Polygon","coordinates":[[[-79.0167,0.2724],[-79.0105,0.2731],[-79.0029,0.2615],[-78.9933,0.2592],[-78.9848,0.2669],[-78.9846,0.2782],[-78.9811,0.2829],[-78.9763,0.2822],[-78.9741,0.2873],[-78.9669,0.2951],[-78.957,0.2932],[-78.9554,0.3003],[-78.9601,0.3078],[-78.9545,0.3116],[-78.9521,0.3195],[-78.9443,0.3291],[-78.9365,0.3319],[-78.932,0.3396],[-78.9248,0.3438],[-78.9255,0.3536],[-78.9229,0.3583],[-78.9235,0.3595],[-78.9292,0.3576],[-78.9378,0.3594],[-78.9539,0.3574],[-78.9692,0.348],[-78.9807,0.3387],[-78.9862,0.331],[-78.9984,0.3217],[-79.0117,0.3169],[-79.0154,0.3125],[-79.0249,0.3068],[-79.0333,0.306],[-79.0473,0.3107],[-79.0568,0.3196],[-79.067,0.3224],[-79.0727,0.3262],[-79.0797,0.3339],[-79.085,0.3331],[-79.0914,0.3363],[-79.1017,0.3329],[-79.1087,0.3362],[-79.1161,0.3349],[-79.1269,0.3385],[-79.1346,0.3427],[-79.1435,0.3418],[-79.1584,0.3471],[-79.1656,0.348],[-79.174,0.3447],[-79.1751,0.348],[-79.1811,0.3473],[-79.1933,0.3401],[-79.2016,0.3442],[-79.2111,0.3462],[-79.22,0.341],[-79.2269,0.3425],[-79.2318,0.3398],[-79.2398,0.3427],[-79.243,0.3382],[-79.2498,0.3419],[-79.2528,0.3398],[-79.2584,0.3415],[-79.274,0.3357],[-79.2747,0.3305],[-79.2686,0.3295],[-79.2732,0.3236],[-79.2701,0.3188],[-79.2647,0.3181],[-79.252,0.3204],[-79.2469,0.3233],[-79.2414,0.3201],[-79.2338,0.3267],[-79.226,0.3243],[-79.224,0.3213],[-79.2167,0.3247],[-79.2132,0.3192],[-79.2049,0.3226],[-79.1892,0.318],[-79.1779,0.3127],[-79.1727,0.3153],[-79.1599,0.3177],[-79.1521,0.3219],[-79.1476,0.3164],[-79.1403,0.3219],[-79.1285,0.3197],[-79.1269,0.3152],[-79.1174,0.3093],[-79.1132,0.2992],[-79.1089,0.3005],[-79.1133,0.3058],[-79.1006,0.3062],[-79.0869,0.2995],[-79.0769,0.3063],[-79.0686,0.3093],[-79.0625,0.3059],[-79.0585,0.3063],[-79.0561,0.2934],[-79.0513,0.2939],[-79.0477,0.2901],[-79.043,0.2949],[-79.0351,0.2943],[-79.0299,0.2919],[-79.0313,0.2833],[-79.0285,0.2806],[-79.0205,0.2794],[-79.0167,0.2724]]]},"properties":{"poblacion":5302,"dpa_descan":"LAS GOLONDRINAS","dpa_provin":"90","dpa_despro":"ZONA NO DELIMITADA","dpa_canton":"9001"}},
{"type":"Feature","geometry":{"type":"Polygon","coordinates":[[[-79.2089,-2.3128],[-79.2158,-2.315],[-79.2237,-2.3142],[-79.2276,-2.316],[-79.2319,-2.3132],[-79.2547,-2.3084],[-79.2597,-2.3113],[-79.2801,-2.3165],[-79.2848,-2.3192],[-79.2915,-2.3163],[-79.3011,-2.3205],[-79.302,-2.3264],[-79.3082,-2.3286],[-79.3123,-2.3361],[-79.3172,-2.3357],[-79.3198,-2.3414],[-79.327,-2.3402],[-79.3323,-2.3459],[-79.3377,-2.3451],[-79.3489,-2.3557],[-79.3486,-2.3577],[-79.3586,-2.3631],[-79.3476,-2.3703],[-79.3481,-2.3679],[-79.3395,-2.3712],[-79.3398,-2.3752],[-79.3353,-2.3728],[-79.3323,-2.3827],[-79.3225,-2.3889],[-79.3227,-2.3932],[-79.3145,-2.3954],[-79.3028,-2.4023],[-79.3011,-2.4149],[-79.2939,-2.4249],[-79.2922,-2.4306],[-79.2909,-2.451],[-79.2884,-2.4538],[-79.2926,-2.4633],[-79.2919,-2.4667],[-79.2853,-2.4669],[-79.2616,-2.4587],[-79.2513,-2.4406],[-79.2414,-2.4357],[-79.2409,-2.4305],[-79.2265,-2.4094],[-79.2113,-2.3961],[-79.2007,-2.3902],[-79.1996,-2.3861],[-79.2108,-2.3752],[-79.2067,-2.3619],[-79.2071,-2.354],[-79.2096,-2.3463],[-79.2067,-2.3406],[-79.1995,-2.3347],[-79.2006,-2.3276],[-79.2055,-2.3241],[-79.2056,-2.3184],[-79.2089,-2.3128]]]},"properties":{"poblacion":6324,"dpa_descan":"EL PIEDRERO","dpa_provin":"90","dpa_despro":"ZONA NO DELIMITADA","dpa_canton":"9004"}},
{"type":"Feature","geometry":{"type":"Polygon","coordinates":[[[-79.3489,-0.1114],[-79.3491,-0.0972],[-79.3511,-0.0946],[-79.363,-0.0885],[-79.355,-0.087],[-79.3485,-0.091],[-79.343,-0.0861],[-79.3325,-0.0727],[-79.3292,-0.0664],[-79.3193,-0.0537],[-79.3154,-0.0453],[-79.328,-0.0381],[-79.331,-0.0376],[-79.331,-0.0217],[-79.3268,-0.0194],[-79.318,-0.0215],[-79.3142,-0.0152],[-79.3081,-0.0145],[-79.3046,-0.0107],[-79.3075,-0.008],[-79.3108,0.0004],[-79.3028,-0.0011],[-79.3024,0.0059],[-79.2981,0.0083],[-79.2983,0.0121],[-79.2943,0.0172],[-79.303,0.0208],[-79.3097,0.0186],[-79.3117,0.0113],[-79.3198,0.0169],[-79.3184,0.0184],[-79.3245,0.0235],[-79.3359,0.0227],[-79.3401,0.0193],[-79.3422,0.0243],[-79.3546,0.0195],[-79.3649,0.0192],[-79.3666,0.0214],[-79.3716,0.0241],[-79.407,0.0261],[-79.4074,0.0231],[-79.4018,0.0144],[-79.4122,0.0179],[-79.4205,0.0228],[-79.4239,0.021],[-79.4273,0.0241],[-79.4293,0.0212],[-79.426,0.0115],[-79.4215,0.0072],[-79.4245,0.0049],[-79.4339,0.006],[-79.4462,0.0046],[-79.4558,-0.0019],[-79.4628,0.0024],[-79.4637,-0.0026],[-79.4595,-0.004],[-79.4532,-0.0103],[-79.4527,-0.0167],[-79.4475,-0.0201],[-79.4488,-0.0229],[-79.4458,-0.0307],[-79.4322,-0.0279],[-79.4355,-0.0329],[-79.4423,-0.0366],[-79.4431,-0.048],[-79.451,-0.0379],[-79.4585,-0.0352],[-79.4681,-0.0341],[-79.4752,-0.0294],[-79.4787,-0.0302],[-79.5129,-0.0275],[-79.5222,-0.028],[-79.5342,-0.0239],[-79.5359,-0.0268],[-79.5402,-0.0244],[-79.5523,-0.0248],[-79.5715,-0.0205],[-79.5759,-0.0232],[-79.58,-0.0179],[-79.5835,-0.0197],[-79.599,-0.0208],[-79.6009,-0.0303],[-79.6036,-0.0222],[-79.6058,-0.0212],[-79.609,-0.0274],[-79.6158,-0.0355],[-79.6149,-0.0405],[-79.6106,-0.0409],[-79.6084,-0.0458],[-79.6092,-0.053],[-79.6034,-0.0555],[-79.6026,-0.0592],[-79.5962,-0.0629],[-79.5951,-0.0665],[-79.5812,-0.0706],[-79.5824,-0.0738],[-79.5788,-0.0792],[-79.5723,-0.0828],[-79.5643,-0.0907],[-79.5579,-0.0905],[-79.5543,-0.0969],[-79.5482,-0.1003],[-79.5368,-0.1025],[-79.5331,-0.1],[-79.5269,-0.1016],[-79.5272,-0.0927],[-79.5198,-0.0927],[-79.5067,-0.0972],[-79.4868,-0.0971],[-79.4862,-0.1055],[-79.4791,-0.1087],[-79.4779,-0.1122],[-79.4714,-0.1072],[-79.4626,-0.114],[-79.4564,-0.1115],[-79.4499,-0.115],[-79.4472,-0.1119],[-79.4326,-0.1133],[-79.4314,-0.1108],[-79.4342,-0.1018],[-79.426,-0.1055],[-79.4148,-0.1077],[-79.4149,-0.1035],[-79.4113,-0.103],[-79.4002,-0.1067],[-79.3984,-0.1015],[-79.3834,-0.109],[-79.3523,-0.1087],[-79.3489,-0.1114]]]},"properties":{"poblacion":42927,"dpa_descan":"LA CONCORDIA","dpa_provin":"23","dpa_despro":"SANTO DOMINGO DE LOS TSACHILAS","dpa_canton":"2302"}},
{"type":"Feature","geometry":{"type":"Polygon","coordinates":[[[-79.2355,-3.0626],[-79.228,-3.0653],[-79.2127,-3.065],[-79.2117,-3.0707],[-79.204,-3.0778],[-79.2033,-3.0809],[-79.196,-3.0826],[-79.1831,-3.0919],[-79.1718,-3.1033],[-79.1528,-3.1114],[-79.1434,-3.117],[-79.1378,-3.1138],[-79.125,-3.1099],[-79.1063,-3.1076],[-79.0988,-3.1118],[-79.0964,-3.119],[-79.0889,-3.1291],[-79.0834,-3.1387],[-79.0763,-3.1395],[-79.0623,-3.1342],[-79.0592,-3.1346],[-79.0555,-3.1528],[-79.0463,-3.1556],[-79.0412,-3.1626],[-79.041,-3.1675],[-79.0341,-3.17],[-79.0289,-3.1759],[-79.0275,-3.1717],[-79.0181,-3.1682],[-79.0063,-3.1577],[-79.0077,-3.1472],[-79.0013,-3.1467],[-79.0031,-3.1426],[-79,-3.1387],[-78.9952,-3.137],[-78.991,-3.1317],[-78.9868,-3.1341],[-78.9763,-3.1302],[-78.9625,-3.1189],[-78.9573,-3.1178],[-78.9414,-3.0961],[-78.9319,-3.0901],[-78.929,-3.0904],[-78.924,-3.0805],[-78.9164,-3.0757],[-78.9041,-3.0722],[-78.8961,-3.0623],[-78.8966,-3.0556],[-78.89,-3.0465],[-78.8775,-3.0382],[-78.8764,-3.0355],[-78.8818,-3.027],[-78.8809,-3.0205],[-78.8762,-3.0133],[-78.8798,-3.008],[-78.8876,-3.005],[-78.8854,-3.0017],[-78.8678,-3.0026],[-78.8666,-2.9984],[-78.8601,-2.9947],[-78.8676,-2.9901],[-78.8796,-2.9783],[-78.8877,-2.9775],[-78.8978,-2.9701],[-78.9028,-2.9612],[-78.9121,-2.9572],[-78.916,-2.9501],[-78.9163,-2.9436],[-78.9078,-2.9299],[-78.9094,-2.9247],[-78.9054,-2.9174],[-78.9005,-2.9124],[-78.8962,-2.9025],[-78.8932,-2.8968],[-78.8916,-2.8902],[-78.8863,-2.8791],[-78.8802,-2.8778],[-78.879,-2.8704],[-78.8706,-2.8708],[-78.8565,-2.8683],[-78.8518,-2.8615],[-78.8482,-2.8525],[-78.8534,-2.8521],[-78.8588,-2.8471],[-78.8606,-2.8414],[-78.8703,-2.8408],[-78.8735,-2.8382],[-78.8808,-2.829],[-78.8837,-2.8349],[-78.8912,-2.8348],[-78.9005,-2.8369],[-78.9119,-2.8365],[-78.9185,-2.8333],[-78.9282,-2.8315],[-78.9417,-2.8309],[-78.9443,-2.8292],[-78.948,-2.8196],[-78.9473,-2.797],[-78.9476,-2.786],[-78.9463,-2.7833],[-78.9533,-2.7686],[-78.9623,-2.762],[-78.9734,-2.7491],[-78.9816,-2.7467],[-78.9873,-2.7493],[-78.9936,-2.7491],[-78.9949,-2.7441],[-78.9891,-2.7366],[-78.9915,-2.7331],[-78.9906,-2.7268],[-79.0046,-2.7246],[-79.004,-2.7176],[-79.0106,-2.7125],[-79.01,-2.7099],[-79.0166,-2.6975],[-79.0198,-2.6955],[-79.0216,-2.6885],[-79.0322,-2.6826],[-79.0357,-2.6782],[-79.0398,-2.6788],[-79.0461,-2.6841],[-79.0588,-2.6906],[-79.0673,-2.6908],[-79.0741,-2.6952],[-79.0799,-2.7081],[-79.0787,-2.7143],[-79.0757,-2.717],[-79.0739,-2.7293],[-79.0779,-2.7303],[-79.0876,-2.7272],[-79.1,-2.7223],[-79.1131,-2.72],[-79.1156,-2.7169],[-79.1225,-2.7152],[-79.1438,-2.7147],[-79.1438,-2.725],[-79.1461,-2.732],[-79.1524,-2.7339],[-79.1633,-2.7305],[-79.1686,-2.7266],[-79.1726,-2.7194],[-79.1783,-2.7194],[-79.1822,-2.7151],[-79.1861,-2.7154],[-79.1905,-2.721],[-79.2045,-2.7199],[-79.2067,-2.7228],[-79.2148,-2.723],[-79.2209,-2.7128],[-79.2253,-2.7105],[-79.2316,-2.7],[-79.2326,-2.6928],[-79.2386,-2.6855],[-79.2399,-2.6785],[-79.2434,-2.6758],[-79.2421,-2.67],[-79.2422,-2.6508],[-79.2438,-2.6429],[-79.2469,-2.6391],[-79.2493,-2.6288],[-79.2454,-2.6143],[-79.2483,-2.6045],[-79.2508,-2.5842],[-79.256,-2.5784],[-79.2553,-2.5738],[-79.272,-2.5635],[-79.2802,-2.5653],[-79.2849,-2.5604],[-79.2948,-2.5658],[-79.3051,-2.562],[-79.3142,-2.5631],[-79.3272,-2.5578],[-79.3449,-2.5658],[-79.3559,-2.5674],[-79.3729,-2.5568],[-79.3769,-2.5397],[-79.3805,-2.5338],[-79.3804,-2.5278],[-79.3853,-2.5144],[-79.3889,-2.51],[-79.393,-2.498],[-79.4015,-2.4966],[-79.4072,-2.4989],[-79.4165,-2.4969],[-79.4267,-2.4988],[-79.4293,-2.5104],[-79.4276,-2.5263],[-79.4209,-2.5303],[-79.4262,-2.5496],[-79.4158,-2.5568],[-79.4253,-2.564],[-79.4277,-2.5783],[-79.4308,-2.5819],[-79.422,-2.5994],[-79.4118,-2.6088],[-79.4218,-2.6095],[-79.4262,-2.6062],[-79.4363,-2.6035],[-79.4454,-2.5987],[-79.4452,-2.6032],[-79.4578,-2.5985],[-79.4638,-2.5987],[-79.4699,-2.5958],[-79.4733,-2.6031],[-79.4705,-2.6053],[-79.4697,-2.6129],[-79.4652,-2.6209],[-79.4715,-2.6208],[-79.4662,-2.6294],[-79.4692,-2.642],[-79.4749,-2.6365],[-79.4803,-2.6366],[-79.4789,-2.6425],[-79.4837,-2.6503],[-79.4804,-2.6536],[-79.4892,-2.6536],[-79.4962,-2.6488],[-79.503,-2.6494],[-79.5006,-2.6566],[-79.5019,-2.6631],[-79.4961,-2.67],[-79.4831,-2.6893],[-79.4883,-2.693],[-79.4883,-2.702],[-79.5031,-2.702],[-79.506,-2.7049],[-79.516,-2.7055],[-79.5252,-2.7025],[-79.5199,-2.7085],[-79.5176,-2.7189],[-79.5218,-2.7237],[-79.528,-2.726],[-79.5279,-2.729],[-79.5348,-2.7361],[-79.5406,-2.7395],[-79.5444,-2.7375],[-79.5505,-2.7406],[-79.5586,-2.7393],[-79.5571,-2.7372],[-79.5607,-2.7314],[-79.5612,-2.739],[-79.5637,-2.7443],[-79.5691,-2.7463],[-79.5784,-2.7439],[-79.5874,-2.7474],[-79.5972,-2.7469],[-79.6015,-2.7503],[-79.6174,-2.7511],[-79.6208,-2.7535],[-79.6214,-2.76],[-79.6251,-2.7611],[-79.6212,-2.7676],[-79.6215,-2.7747],[-79.6163,-2.7766],[-79.6095,-2.7916],[-79.5862,-2.7943],[-79.5772,-2.7911],[-79.558,-2.7887],[-79.5482,-2.7884],[-79.5393,-2.8072],[-79.5399,-2.8109],[-79.5302,-2.8074],[-79.5265,-2.8117],[-79.5276,-2.8176],[-79.5338,-2.8249],[-79.5303,-2.8391],[-79.5333,-2.8391],[-79.5334,-2.8469],[-79.5291,-2.8573],[-79.522,-2.8566],[-79.5187,-2.8635],[-79.515,-2.8657],[-79.5181,-2.8696],[-79.5157,-2.8725],[-79.5055,-2.8725],[-79.5023,-2.8827],[-79.5054,-2.8914],[-79.5084,-2.8946],[-79.5118,-2.892],[-79.5127,-2.8992],[-79.5099,-2.9137],[-79.5027,-2.9187],[-79.4975,-2.9286],[-79.5001,-2.9384],[-79.4838,-2.9473],[-79.4792,-2.9548],[-79.4781,-2.9628],[-79.4731,-2.9722],[-79.4574,-2.9805],[-79.4519,-2.982],[-79.4507,-2.989],[-79.4527,-2.9917],[-79.4484,-2.996],[-79.4354,-2.999],[-79.4271,-3.0028],[-79.4254,-3.0062],[-79.413,-3.0211],[-79.4072,-3.0251],[-79.3975,-3.0266],[-79.3889,-3.0344],[-79.3829,-3.0329],[-79.3766,-3.0383],[-79.3599,-3.0318],[-79.3536,-3.0444],[-79.3502,-3.0444],[-79.3406,-3.0394],[-79.3324,-3.0454],[-79.3299,-3.0536],[-79.3208,-3.0617],[-79.3037,-3.0666],[-79.2922,-3.0716],[-79.2763,-3.0718],[-79.2697,-3.0625],[-79.2641,-3.0587],[-79.2635,-3.0582],[-79.2592,-3.0536],[-79.2522,-3.0503],[-79.2481,-3.0521],[-79.2355,-3.0626]]]},"properties":{"poblacion":505585,"dpa_descan":"CUENCA","dpa_provin":"01","dpa_despro":"AZUAY","dpa_canton":"0101"}},
{"type":"Feature","geometry":{"type":"Polygon","coordinates":[[[-78.2002,-2.6675],[-78.2002,-2.6763],[-78.2061,-2.6786],[-78.2082,-2.6835],[-78.2011,-2.6853],[-78.1963,-2.693],[-78.193,-2.7018],[-78.1938,-2.7054],[-78.187,-2.7087],[-78.1868,-2.7138],[-78.1814,-2.7226],[-78.1818,-2.7383],[-78.1497,-2.7319],[-78.1419,-2.732],[-78.1278,-2.7374],[-78.1196,-2.7438],[-78.1013,-2.7509],[-78.0971,-2.7514],[-78.1008,-2.7565],[-78.111,-2.776],[-78.1076,-2.7881],[-78.1148,-2.7977],[-78.1194,-2.8001],[-78.119,-2.8069],[-78.1214,-2.8186],[-78.1282,-2.8266],[-78.1442,-2.8309],[-78.1544,-2.8383],[-78.1592,-2.844],[-78.1604,-2.854],[-78.1523,-2.8623],[-78.1511,-2.869],[-78.1517,-2.8786],[-78.1538,-2.8837],[-78.1539,-2.8917],[-78.1505,-2.8996],[-78.1455,-2.9051],[-78.1452,-2.9137],[-78.1441,-2.923],[-78.1401,-2.93],[-78.1383,-2.937],[-78.1343,-2.9416],[-78.1269,-2.9657],[-78.1154,-2.979],[-78.1032,-2.9803],[-78.0888,-2.9794],[-78.076,-2.9739],[-78.0619,-2.9662],[-78.0437,-2.9585],[-78.0342,-2.9586],[-78.0222,-2.9626],[-78.0082,-2.9699],[-78.0011,-2.9701],[-77.9951,-2.9666],[-77.995,-2.9554],[-77.9763,-2.9624],[-77.9724,-2.9584],[-77.9718,-2.9513],[-77.9666,-2.9445],[-77.9624,-2.9433],[-77.9575,-2.9492],[-77.9459,-2.9493],[-77.9413,-2.9315],[-77.9372,-2.927],[-77.9222,-2.9337],[-77.9251,-2.9361],[-77.9186,-2.9412],[-77.9161,-2.9344],[-77.9088,-2.9226],[-77.9077,-2.9146],[-77.9008,-2.9085],[-77.9001,-2.9011],[-77.9071,-2.8937],[-77.9031,-2.8889],[-77.8978,-2.8875],[-77.8993,-2.8779],[-77.8969,-2.8732],[-77.8991,-2.8627],[-77.8941,-2.8529],[-77.8986,-2.8476],[-77.9016,-2.8387],[-77.893,-2.8247],[-77.8892,-2.823],[-77.8918,-2.816],[-77.8952,-2.8148],[-77.8944,-2.8073],[-77.8905,-2.8043],[-77.8928,-2.8015],[-77.8906,-2.7932],[-77.8915,-2.7836],[-77.8886,-2.7806],[-77.8941,-2.7759],[-77.8917,-2.7733],[-77.8945,-2.7662],[-77.8923,-2.7606],[-77.8907,-2.7455],[-77.8931,-2.7402],[-77.8902,-2.7345],[-77.8915,-2.7297],[-77.8886,-2.7257],[-77.8928,-2.7182],[-77.889,-2.7119],[-77.8902,-2.7095],[-77.8894,-2.6984],[-77.8869,-2.6933],[-77.8877,-2.6863],[-77.8841,-2.6734],[-77.8891,-2.6652],[-77.8942,-2.646],[-77.9037,-2.6313],[-77.9139,-2.6317],[-77.9258,-2.6302],[-77.9349,-2.6339],[-77.9427,-2.6327],[-77.9526,-2.6244],[-77.9714,-2.6128],[-77.9809,-2.6111],[-77.9931,-2.6165],[-77.9998,-2.6215],[-78.0119,-2.6178],[-78.0201,-2.6211],[-78.0203,-2.6225],[-78.0352,-2.6293],[-78.0429,-2.6188],[-78.0389,-2.6167],[-78.0426,-2.6084],[-78.042,-2.6007],[-78.0506,-2.5944],[-78.0542,-2.5949],[-78.0591,-2.5883],[-78.063,-2.587],[-78.0641,-2.5826],[-78.0708,-2.5802],[-78.0772,-2.5743],[-78.0854,-2.5726],[-78.087,-2.5757],[-78.0992,-2.5734],[-78.1008,-2.5864],[-78.1027,-2.5913],[-78.1067,-2.593],[-78.1064,-2.6119],[-78.1089,-2.6201],[-78.1129,-2.6227],[-78.1181,-2.6207],[-78.1278,-2.6103],[-78.1347,-2.6156],[-78.1481,-2.6097],[-78.1481,-2.5989],[-78.1528,-2.5918],[-78.1582,-2.5937],[-78.1654,-2.5908],[-78.1764,-2.5982],[-78.1782,-2.6017],[-78.1853,-2.6039],[-78.1849,-2.5971],[-78.1933,-2.5909],[-78.2002,-2.5878],[-78.2021,-2.5794],[-78.2049,-2.5779],[-78.2108,-2.5684],[-78.2209,-2.5649],[-78.2269,-2.5524],[-78.2307,-2.5477],[-78.2372,-2.5484],[-78.2483,-2.559],[-78.2436,-2.5659],[-78.2442,-2.5698],[-78.2497,-2.5739],[-78.2542,-2.5745],[-78.2495,-2.583],[-78.2489,-2.5876],[-78.2413,-2.5966],[-78.2398,-2.6026],[-78.2395,-2.6159],[-78.2445,-2.623],[-78.2441,-2.6281],[-78.2486,-2.6388],[-78.2443,-2.6409],[-78.2361,-2.6382],[-78.2279,-2.6429],[-78.2166,-2.6558],[-78.2089,-2.6575],[-78.2002,-2.6675]]]},"properties":{"poblacion":5723,"dpa_descan":"LOGROÑO","dpa_provin":"14","dpa_despro":"MORONA SANTIAGO","dpa_canton":"1410"}},
{"type":"Feature","geometry":{"type":"Polygon","coordinates":[[[-78.4612,-1.9369],[-78.4605,-1.9446],[-78.4652,-1.9503],[-78.4754,-1.9528],[-78.4823,-1.9526],[-78.4891,-1.9586],[-78.4863,-1.9774],[-78.4871,-1.9825],[-78.4849,-1.9915],[-78.478,-2.0009],[-78.4692,-1.9989],[-78.4635,-1.9942],[-78.4583,-1.9937],[-78.4512,-2.0033],[-78.4427,-2.0083],[-78.4418,-2.0129],[-78.4478,-2.0214],[-78.4478,-2.027],[-78.4441,-2.0274],[-78.436,-2.0326],[-78.4292,-2.0292],[-78.4246,-2.0313],[-78.4171,-2.0313],[-78.4137,-2.0369],[-78.4064,-2.0405],[-78.3943,-2.038],[-78.3838,-2.0467],[-78.3777,-2.0489],[-78.364,-2.0447],[-78.362,-2.0326],[-78.342,-2.0048],[-78.3182,-2.0046],[-78.3014,-2.0141],[-78.2847,-2.0166],[-78.281,-2.0253],[-78.273,-2.024],[-78.2626,-2.0162],[-78.2532,-2.0117],[-78.2345,-2.0175],[-78.2246,-2.0225],[-78.2184,-2.0231],[-78.2118,-2.0179],[-78.1982,-2.0264],[-78.1827,-2.0232],[-78.1748,-2.0191],[-78.1631,-2.0164],[-78.1567,-2.0121],[-78.1508,-2.0144],[-78.1621,-1.9917],[-78.1691,-1.9763],[-78.1578,-1.9735],[-78.1488,-1.9697],[-78.143,-1.97],[-78.1368,-1.9624],[-78.129,-1.9573],[-78.1276,-1.9541],[-78.1182,-1.9487],[-78.1149,-1.9423],[-78.1094,-1.9418],[-78.103,-1.9365],[-78.0971,-1.9367],[-78.0962,-1.9419],[-78.09,-1.9449],[-78.082,-1.9432],[-78.0689,-1.9466],[-78.0598,-1.9367],[-78.0568,-1.9385],[-78.0441,-1.9381],[-78.0396,-1.9408],[-78.0271,-1.9407],[-78.0149,-1.9439],[-78.009,-1.9485],[-77.9992,-1.9334],[-78.0003,-1.9141],[-77.9952,-1.9107],[-77.9826,-1.8947],[-77.9839,-1.8907],[-77.9755,-1.8841],[-77.9687,-1.8881],[-77.9586,-1.8864],[-77.9506,-1.8824],[-77.9488,-1.8863],[-77.9437,-1.8846],[-77.9338,-1.8843],[-77.9261,-1.8807],[-77.9234,-1.8764],[-77.9323,-1.8759],[-77.946,-1.8698],[-77.9547,-1.8638],[-77.9895,-1.8587],[-78.0032,-1.8516],[-78.0259,-1.8508],[-78.0407,-1.8516],[-78.0553,-1.8551],[-78.0776,-1.8556],[-78.0873,-1.8585],[-78.0979,-1.8667],[-78.106,-1.8673],[-78.1149,-1.8716],[-78.122,-1.8774],[-78.1309,-1.8806],[-78.1371,-1.8768],[-78.1446,-1.8765],[-78.1502,-1.8709],[-78.1584,-1.8707],[-78.1616,-1.8556],[-78.1652,-1.8556],[-78.1701,-1.8486],[-78.1695,-1.8206],[-78.1683,-1.8137],[-78.1708,-1.7996],[-78.1666,-1.7924],[-78.1683,-1.7807],[-78.1665,-1.7728],[-78.1605,-1.772],[-78.1606,-1.7661],[-78.1692,-1.7616],[-78.1711,-1.7518],[-78.1696,-1.7485],[-78.1726,-1.7428],[-78.1709,-1.7387],[-78.1754,-1.7335],[-78.1774,-1.7235],[-78.1888,-1.72],[-78.1881,-1.7077],[-78.1836,-1.7027],[-78.1926,-1.7],[-78.1992,-1.6952],[-78.2112,-1.7035],[-78.2142,-1.7009],[-78.2196,-1.7055],[-78.2274,-1.6994],[-78.2322,-1.7015],[-78.2405,-1.7001],[-78.2471,-1.6968],[-78.2494,-1.6926],[-78.2603,-1.6829],[-78.2662,-1.68],[-78.2767,-1.6814],[-78.2761,-1.6683],[-78.2707,-1.6685],[-78.2732,-1.661],[-78.2821,-1.6554],[-78.2823,-1.6469],[-78.2885,-1.642],[-78.2909,-1.6368],[-78.2968,-1.6324],[-78.3049,-1.6383],[-78.3189,-1.6426],[-78.3339,-1.6519],[-78.3427,-1.6526],[-78.3503,-1.6505],[-78.36,-1.6448],[-78.3637,-1.6444],[-78.3744,-1.6571],[-78.3816,-1.6546],[-78.3891,-1.6583],[-78.4013,-1.661],[-78.4108,-1.6653],[-78.4089,-1.6747],[-78.412,-1.6815],[-78.4179,-1.6851],[-78.4304,-1.6847],[-78.4352,-1.69],[-78.4364,-1.6973],[-78.443,-1.7046],[-78.4437,-1.7115],[-78.447,-1.7172],[-78.4529,-1.7346],[-78.4592,-1.7397],[-78.4611,-1.7494],[-78.467,-1.7518],[-78.4572,-1.7629],[-78.4463,-1.7622],[-78.4449,-1.7659],[-78.4408,-1.7705],[-78.4382,-1.7906],[-78.435,-1.7951],[-78.4238,-1.8002],[-78.4201,-1.8046],[-78.4226,-1.8117],[-78.4198,-1.8207],[-78.4208,-1.8287],[-78.4135,-1.8369],[-78.409,-1.8446],[-78.4017,-1.8469],[-78.3969,-1.8532],[-78.4022,-1.8619],[-78.4034,-1.8668],[-78.4011,-1.8733],[-78.4044,-1.878],[-78.4198,-1.8841],[-78.4197,-1.8941],[-78.4293,-1.8975],[-78.4333,-1.9082],[-78.4439,-1.9113],[-78.4555,-1.9195],[-78.4575,-1.9287],[-78.4612,-1.9369]]]},"properties":{"poblacion":1823,"dpa_descan":"PABLO SEXTO","dpa_provin":"14","dpa_despro":"MORONA SANTIAGO","dpa_canton":"1411"}},
{"type":"Feature","geometry":{"type":"Polygon","coordinates":[[[-78.2284,-2.9819],[-78.2291,-2.9869],[-78.2217,-2.9949],[-78.2193,-3.0021],[-78.2198,-3.0084],[-78.2178,-3.0155],[-78.2161,-3.031],[-78.2111,-3.0357],[-78.1975,-3.0302],[-78.1824,-3.0296],[-78.1693,-3.0359],[-78.1656,-3.0391],[-78.1536,-3.0381],[-78.1488,-3.0394],[-78.1457,-3.0456],[-78.1354,-3.0506],[-78.1256,-3.058],[-78.1219,-3.0578],[-78.1218,-3.0684],[-78.1292,-3.0825],[-78.1418,-3.0892],[-78.1507,-3.0893],[-78.149,-3.1182],[-78.1445,-3.1322],[-78.1376,-3.1389],[-78.1249,-3.1414],[-78.1195,-3.1447],[-78.1109,-3.145],[-78.1023,-3.1408],[-78.0751,-3.1483],[-78.0729,-3.153],[-78.0633,-3.1496],[-78.0614,-3.1688],[-78.0485,-3.1678],[-78.0426,-3.1645],[-78.0428,-3.1747],[-78.0334,-3.1784],[-78.0326,-3.1884],[-78.0221,-3.1869],[-78.0118,-3.1781],[-78.0103,-3.1741],[-78.0122,-3.1659],[-78.0088,-3.1564],[-77.9968,-3.1472],[-77.9947,-3.1418],[-77.9844,-3.1294],[-77.9831,-3.1196],[-77.972,-3.1187],[-77.9698,-3.1128],[-77.9623,-3.1008],[-77.9615,-3.0952],[-77.9518,-3.0907],[-77.9461,-3.0804],[-77.9471,-3.0722],[-77.9404,-3.0656],[-77.8399,-3.0081],[-77.845,-2.9991],[-77.8007,-2.9841],[-77.7133,-2.9548],[-77.5899,-2.913],[-77.5903,-2.7934],[-77.5918,-2.7918],[-77.5881,-2.7854],[-77.589,-2.779],[-77.5872,-2.7714],[-77.5953,-2.7826],[-77.602,-2.7831],[-77.6049,-2.7877],[-77.6079,-2.7856],[-77.6073,-2.7791],[-77.6137,-2.7775],[-77.6182,-2.7818],[-77.6206,-2.8012],[-77.6241,-2.7959],[-77.628,-2.7974],[-77.6274,-2.8028],[-77.6325,-2.8043],[-77.6375,-2.8091],[-77.6439,-2.8056],[-77.6454,-2.8115],[-77.6561,-2.8134],[-77.66,-2.8096],[-77.6655,-2.8144],[-77.6678,-2.8207],[-77.6735,-2.8162],[-77.6746,-2.8212],[-77.6705,-2.8272],[-77.6748,-2.8318],[-77.6736,-2.8373],[-77.6806,-2.8361],[-77.6857,-2.8516],[-77.6931,-2.8485],[-77.6963,-2.8538],[-77.7053,-2.8457],[-77.7109,-2.8359],[-77.7186,-2.834],[-77.7256,-2.8281],[-77.7253,-2.8205],[-77.7293,-2.8134],[-77.7355,-2.807],[-77.7424,-2.8059],[-77.7575,-2.8089],[-77.7612,-2.814],[-77.78,-2.8106],[-77.7871,-2.8123],[-77.7979,-2.8123],[-77.7951,-2.8205],[-77.798,-2.8242],[-77.7955,-2.8301],[-77.8032,-2.8343],[-77.8097,-2.8339],[-77.8105,-2.8382],[-77.8202,-2.8421],[-77.8252,-2.8414],[-77.8427,-2.8341],[-77.8478,-2.829],[-77.8501,-2.8188],[-77.8617,-2.8176],[-77.8651,-2.8222],[-77.8721,-2.8232],[-77.8739,-2.8286],[-77.878,-2.8291],[-77.8815,-2.8366],[-77.8816,-2.8435],[-77.8789,-2.8526],[-77.8835,-2.8512],[-77.8941,-2.8529],[-77.8991,-2.8627],[-77.8969,-2.8732],[-77.8993,-2.8779],[-77.8978,-2.8875],[-77.9031,-2.8889],[-77.9071,-2.8937],[-77.9001,-2.9011],[-77.9008,-2.9085],[-77.9077,-2.9146],[-77.9088,-2.9226],[-77.9161,-2.9344],[-77.9186,-2.9412],[-77.9251,-2.9361],[-77.9222,-2.9337],[-77.9372,-2.927],[-77.9413,-2.9315],[-77.9459,-2.9493],[-77.9575,-2.9492],[-77.9624,-2.9433],[-77.9666,-2.9445],[-77.9718,-2.9513],[-77.9724,-2.9584],[-77.9763,-2.9624],[-77.995,-2.9554],[-77.9951,-2.9666],[-78.0011,-2.9701],[-78.0082,-2.9699],[-78.0222,-2.9626],[-78.0342,-2.9586],[-78.0437,-2.9585],[-78.0619,-2.9662],[-78.076,-2.9739],[-78.0888,-2.9794],[-78.1032,-2.9803],[-78.1154,-2.979],[-78.1269,-2.9657],[-78.1343,-2.9416],[-78.1383,-2.937],[-78.1401,-2.93],[-78.1441,-2.923],[-78.1452,-2.9137],[-78.1537,-2.9136],[-78.162,-2.9076],[-78.1683,-2.9108],[-78.1762,-2.9117],[-78.1807,-2.9181],[-78.1808,-2.9218],[-78.187,-2.9249],[-78.1933,-2.9321],[-78.1965,-2.9419],[-78.2091,-2.9562],[-78.2082,-2.9609],[-78.2114,-2.9684],[-78.2115,-2.9736],[-78.2172,-2.9745],[-78.2251,-2.9818],[-78.2284,-2.9819]]]},"properties":{"poblacion":6995,"dpa_descan":"TIWINTZA","dpa_provin":"14","dpa_despro":"MORONA SANTIAGO","dpa_canton":"1412"}},
{"type":"Feature","geometry":{"type":"Polygon","coordinates":[[[-78.8508,-4.1588],[-78.8491,-4.1548],[-78.8428,-4.1504],[-78.8384,-4.1409],[-78.8336,-4.1377],[-78.8218,-4.1361],[-78.8171,-4.1385],[-78.8027,-4.1389],[-78.8001,-4.1363],[-78.7884,-4.1357],[-78.7803,-4.141],[-78.7792,-4.1317],[-78.7759,-4.128],[-78.7796,-4.1215],[-78.7791,-4.1102],[-78.7775,-4.1061],[-78.7705,-4.1007],[-78.7697,-4.0908],[-78.7718,-4.0825],[-78.7707,-4.0714],[-78.774,-4.0678],[-78.7711,-4.0636],[-78.7694,-4.0454],[-78.7712,-4.0408],[-78.7665,-4.0339],[-78.7679,-4.0272],[-78.7627,-4.0169],[-78.7704,-4.0116],[-78.772,-3.9997],[-78.7824,-3.9921],[-78.7848,-3.9808],[-78.7912,-3.9737],[-78.7904,-3.9683],[-78.7887,-3.9589],[-78.7816,-3.9445],[-78.787,-3.9429],[-78.7948,-3.9426],[-78.798,-3.9374],[-78.8104,-3.9324],[-78.815,-3.9268],[-78.8141,-3.9186],[-78.8166,-3.9115],[-78.8292,-3.9136],[-78.8323,-3.9111],[-78.8307,-3.9067],[-78.8381,-3.8979],[-78.8408,-3.8892],[-78.8386,-3.8781],[-78.8438,-3.8747],[-78.8504,-3.8538],[-78.8415,-3.8523],[-78.84,-3.842],[-78.8249,-3.8333],[-78.8323,-3.8226],[-78.8346,-3.8162],[-78.832,-3.8055],[-78.8337,-3.7877],[-78.8397,-3.789],[-78.8576,-3.7998],[-78.8631,-3.7999],[-78.8642,-3.7969],[-78.8717,-3.7945],[-78.8766,-3.7981],[-78.8904,-3.7985],[-78.8991,-3.7955],[-78.903,-3.8018],[-78.9148,-3.8036],[-78.9297,-3.8032],[-78.9346,-3.8045],[-78.9457,-3.8041],[-78.9527,-3.8008],[-78.9558,-3.8033],[-78.9608,-3.8126],[-78.9689,-3.8206],[-78.97,-3.8262],[-78.9751,-3.8324],[-78.9751,-3.8263],[-78.9836,-3.8134],[-78.9907,-3.8168],[-79.0075,-3.8064],[-79.0139,-3.8055],[-79.0191,-3.8081],[-79.0383,-3.8029],[-79.0453,-3.8037],[-79.0503,-3.7922],[-79.0536,-3.7895],[-79.0782,-3.788],[-79.0766,-3.792],[-79.0867,-3.7914],[-79.091,-3.7879],[-79.0991,-3.788],[-79.1043,-3.7803],[-79.1025,-3.7712],[-79.103,-3.7595],[-79.1069,-3.7563],[-79.11,-3.7475],[-79.1066,-3.7361],[-79.1094,-3.7323],[-79.1227,-3.7232],[-79.1394,-3.7181],[-79.1456,-3.7102],[-79.1575,-3.7023],[-79.1597,-3.7039],[-79.1622,-3.7153],[-79.174,-3.7116],[-79.1805,-3.7126],[-79.1919,-3.721],[-79.1953,-3.725],[-79.1896,-3.7477],[-79.1901,-3.7536],[-79.1793,-3.764],[-79.1769,-3.7748],[-79.1778,-3.7798],[-79.1758,-3.7886],[-79.1742,-3.7959],[-79.1676,-3.8024],[-79.1605,-3.8046],[-79.161,-3.8144],[-79.1591,-3.8202],[-79.1563,-3.8185],[-79.1434,-3.8221],[-79.1403,-3.8393],[-79.1402,-3.847],[-79.1455,-3.8544],[-79.1438,-3.8582],[-79.1378,-3.8618],[-79.133,-3.8687],[-79.1296,-3.8788],[-79.1322,-3.8841],[-79.1288,-3.8888],[-79.1374,-3.8992],[-79.1436,-3.9036],[-79.1434,-3.9161],[-79.1484,-3.9275],[-79.1522,-3.931],[-79.1421,-3.9369],[-79.1428,-3.9413],[-79.1396,-3.9498],[-79.1467,-3.9566],[-79.1512,-3.9638],[-79.1432,-3.9742],[-79.1445,-3.9868],[-79.1478,-3.9949],[-79.1451,-4.0017],[-79.144,-4.0128],[-79.1457,-4.0176],[-79.1364,-4.0351],[-79.1393,-4.046],[-79.1395,-4.0565],[-79.1456,-4.0625],[-79.1528,-4.0666],[-79.1539,-4.081],[-79.1605,-4.0942],[-79.1603,-4.1005],[-79.1623,-4.115],[-79.1576,-4.1289],[-79.1604,-4.1361],[-79.1573,-4.1398],[-79.1587,-4.154],[-79.1509,-4.1604],[-79.1409,-4.1633],[-79.1346,-4.1614],[-79.1252,-4.1688],[-79.1211,-4.1776],[-79.1077,-4.1846],[-79.1048,-4.1991],[-79.1059,-4.2057],[-79.1011,-4.2084],[-79.1016,-4.2136],[-79.1086,-4.2247],[-79.1069,-4.2291],[-79.0974,-4.2311],[-79.0898,-4.2298],[-79.0844,-4.2321],[-79.0757,-4.2415],[-79.0661,-4.2452],[-79.064,-4.2411],[-79.0556,-4.2455],[-79.0479,-4.2344],[-79.034,-4.2363],[-79.0205,-4.2585],[-79.0106,-4.2562],[-79.0124,-4.2822],[-79.0097,-4.2874],[-78.9966,-4.2969],[-78.9859,-4.2953],[-78.9819,-4.2903],[-78.9757,-4.2888],[-78.9631,-4.2954],[-78.9539,-4.3051],[-78.9495,-4.2946],[-78.9389,-4.2857],[-78.9293,-4.2829],[-78.9147,-4.2709],[-78.9136,-4.2669],[-78.901,-4.257],[-78.8945,-4.2569],[-78.8939,-4.2495],[-78.9002,-4.2346],[-78.8987,-4.2306],[-78.8935,-4.2278],[-78.8757,-4.2131],[-78.8713,-4.2031],[-78.8743,-4.1969],[-78.8711,-4.1891],[-78.8615,-4.1711],[-78.8508,-4.1588]]]},"properties":{"poblacion":25510,"dpa_descan":"ZAMORA","dpa_provin":"19","dpa_despro":"ZAMORA CHINCHIPE","dpa_canton":"1901"}},
{"type":"Feature","geometry":{"type":"Polygon","coordinates":[[[-79.0555,-3.1528],[-79.0592,-3.1346],[-79.0623,-3.1342],[-79.0763,-3.1395],[-79.0834,-3.1387],[-79.0889,-3.1291],[-79.0964,-3.119],[-79.0988,-3.1118],[-79.1063,-3.1076],[-79.125,-3.1099],[-79.1378,-3.1138],[-79.1434,-3.117],[-79.1528,-3.1114],[-79.1718,-3.1033],[-79.1831,-3.0919],[-79.196,-3.0826],[-79.2033,-3.0809],[-79.204,-3.0778],[-79.2117,-3.0707],[-79.2127,-3.065],[-79.228,-3.0653],[-79.2355,-3.0626],[-79.2326,-3.0665],[-79.2365,-3.0772],[-79.2327,-3.0812],[-79.2353,-3.0891],[-79.2349,-3.0966],[-79.2314,-3.1043],[-79.2345,-3.1086],[-79.2299,-3.1132],[-79.2285,-3.1207],[-79.2355,-3.1295],[-79.2387,-3.1367],[-79.2367,-3.1441],[-79.2315,-3.1451],[-79.2276,-3.1617],[-79.2216,-3.1651],[-79.2153,-3.1739],[-79.2134,-3.1934],[-79.212,-3.1975],[-79.2154,-3.2079],[-79.2155,-3.2127],[-79.2191,-3.2187],[-79.2174,-3.2301],[-79.2309,-3.2273],[-79.2341,-3.2128],[-79.2445,-3.208],[-79.2464,-3.2008],[-79.2582,-3.1929],[-79.2661,-3.1837],[-79.2695,-3.1734],[-79.2731,-3.1693],[-79.2768,-3.1695],[-79.2888,-3.1821],[-79.3045,-3.1828],[-79.3084,-3.1927],[-79.3074,-3.2102],[-79.3053,-3.2072],[-79.2959,-3.2069],[-79.2942,-3.2026],[-79.2883,-3.2026],[-79.2751,-3.2058],[-79.2639,-3.2195],[-79.2649,-3.2273],[-79.2701,-3.2337],[-79.2661,-3.2382],[-79.2631,-3.2349],[-79.2582,-3.2351],[-79.2505,-3.2441],[-79.2409,-3.249],[-79.2452,-3.257],[-79.2434,-3.262],[-79.2469,-3.2667],[-79.2481,-3.2726],[-79.2463,-3.2774],[-79.2387,-3.2794],[-79.2312,-3.285],[-79.2199,-3.2873],[-79.216,-3.2818],[-79.2046,-3.2753],[-79.1932,-3.2615],[-79.1868,-3.2577],[-79.1845,-3.2509],[-79.1758,-3.2469],[-79.1671,-3.2318],[-79.1582,-3.2343],[-79.1496,-3.2345],[-79.147,-3.2315],[-79.141,-3.2317],[-79.1311,-3.2246],[-79.1203,-3.2246],[-79.107,-3.235],[-79.1032,-3.2343],[-79.0952,-3.2392],[-79.0924,-3.2364],[-79.0848,-3.2353],[-79.0737,-3.2382],[-79.069,-3.2371],[-79.0669,-3.2424],[-79.0582,-3.2436],[-79.0519,-3.2352],[-79.0425,-3.2291],[-79.0377,-3.2226],[-79.0379,-3.2137],[-79.0399,-3.2094],[-79.0369,-3.2031],[-79.0291,-3.1982],[-79.0221,-3.1885],[-79.027,-3.1847],[-79.0289,-3.1759],[-79.0341,-3.17],[-79.041,-3.1675],[-79.0412,-3.1626],[-79.0463,-3.1556],[-79.0555,-3.1528]]]},"properties":{"poblacion":12607,"dpa_descan":"GIRON","dpa_provin":"01","dpa_despro":"AZUAY","dpa_canton":"0102"}},
{"type":"Feature","geometry":{"type":"Polygon","coordinates":[[[-78.7744,-2.9078],[-78.7746,-2.908],[-78.7703,-2.9126],[-78.765,-2.9114],[-78.7539,-2.9222],[-78.7522,-2.9291],[-78.7474,-2.9371],[-78.7417,-2.9526],[-78.7362,-2.9573],[-78.7183,-2.9564],[-78.7195,-2.9626],[-78.7137,-2.9695],[-78.7148,-2.9781],[-78.7053,-2.9787],[-78.6943,-2.9755],[-78.6851,-2.9886],[-78.6757,-2.9926],[-78.6757,-2.9973],[-78.671,-3.0044],[-78.6705,-3.0126],[-78.6759,-3.018],[-78.6756,-3.0287],[-78.6753,-3.0295],[-78.673,-3.0257],[-78.6637,-3.018],[-78.664,-3.0117],[-78.6571,-3.0052],[-78.6584,-2.9924],[-78.6533,-2.9869],[-78.6388,-2.9812],[-78.6311,-2.968],[-78.6313,-2.9615],[-78.6352,-2.956],[-78.6368,-2.9528],[-78.6319,-2.9382],[-78.6776,-2.927],[-78.6857,-2.9107],[-78.6956,-2.9077],[-78.6945,-2.8959],[-78.6915,-2.8794],[-78.6943,-2.8726],[-78.6912,-2.8641],[-78.6896,-2.8544],[-78.6916,-2.8516],[-78.6996,-2.8483],[-78.7023,-2.8457],[-78.6986,-2.8376],[-78.7001,-2.8284],[-78.6969,-2.8196],[-78.6944,-2.8174],[-78.6941,-2.8129],[-78.6983,-2.8064],[-78.7117,-2.8086],[-78.7161,-2.8124],[-78.7269,-2.8115],[-78.7275,-2.8227],[-78.7318,-2.8226],[-78.7394,-2.8317],[-78.747,-2.8365],[-78.7468,-2.8423],[-78.7548,-2.8498],[-78.7603,-2.8519],[-78.7741,-2.8491],[-78.7718,-2.8575],[-78.7731,-2.861],[-78.7836,-2.8647],[-78.7904,-2.8613],[-78.8015,-2.8615],[-78.8035,-2.8561],[-78.8084,-2.8574],[-78.8177,-2.8559],[-78.822,-2.8578],[-78.8283,-2.8584],[-78.8358,-2.857],[-78.8364,-2.8538],[-78.8424,-2.8515],[-78.8482,-2.8525],[-78.8518,-2.8615],[-78.8565,-2.8683],[-78.8706,-2.8708],[-78.879,-2.8704],[-78.8802,-2.8778],[-78.8863,-2.8791],[-78.8916,-2.8902],[-78.8932,-2.8968],[-78.8962,-2.9025],[-78.9005,-2.9124],[-78.9054,-2.9174],[-78.9094,-2.9247],[-78.9078,-2.9299],[-78.9163,-2.9436],[-78.916,-2.9501],[-78.9121,-2.9572],[-78.9028,-2.9612],[-78.8978,-2.9701],[-78.8877,-2.9775],[-78.8796,-2.9783],[-78.8676,-2.9901],[-78.8601,-2.9947],[-78.8651,-2.9785],[-78.8526,-2.9803],[-78.842,-2.9859],[-78.8381,-2.9842],[-78.8346,-2.9884],[-78.825,-2.9894],[-78.8156,-2.9963],[-78.8118,-2.9955],[-78.8091,-2.9975],[-78.8054,-2.9966],[-78.8013,-2.9894],[-78.8011,-2.982],[-78.7904,-2.9876],[-78.7842,-2.9976],[-78.7836,-3.006],[-78.7784,-3.0031],[-78.7808,-2.9975],[-78.7794,-2.9837],[-78.7737,-2.9837],[-78.773,-2.9703],[-78.7862,-2.9542],[-78.7904,-2.9521],[-78.7864,-2.9485],[-78.791,-2.9424],[-78.7959,-2.9362],[-78.7917,-2.9328],[-78.7947,-2.9304],[-78.7926,-2.9258],[-78.7863,-2.9198],[-78.7857,-2.9098],[-78.7804,-2.9109],[-78.7785,-2.9055],[-78.7744,-2.9078]]]},"properties":{"poblacion":42709,"dpa_descan":"GUALACEO","dpa_provin":"01","dpa_despro":"AZUAY","dpa_canton":"0103"}},
{"type":"Feature","geometry":{"type":"Polygon","coordinates":[[[-78.946,-3.3282],[-78.9471,-3.3131],[-78.9536,-3.3004],[-78.9489,-3.296],[-78.9427,-3.2997],[-78.9341,-3.2934],[-78.9358,-3.2882],[-78.9386,-3.2845],[-78.9453,-3.283],[-78.955,-3.2751],[-78.9571,-3.2754],[-78.9676,-3.2667],[-78.9691,-3.2603],[-78.9794,-3.2596],[-78.9826,-3.2561],[-78.9854,-3.2583],[-78.988,-3.2519],[-78.9887,-3.2388],[-78.9913,-3.2286],[-79.0006,-3.2217],[-79.0018,-3.2164],[-79.0069,-3.2119],[-79.007,-3.203],[-79.0152,-3.1915],[-79.0221,-3.1885],[-79.0291,-3.1982],[-79.0369,-3.2031],[-79.0399,-3.2094],[-79.0379,-3.2137],[-79.0377,-3.2226],[-79.0425,-3.2291],[-79.0519,-3.2352],[-79.0582,-3.2436],[-79.0669,-3.2424],[-79.069,-3.2371],[-79.0737,-3.2382],[-79.0848,-3.2353],[-79.0924,-3.2364],[-79.0952,-3.2392],[-79.1032,-3.2343],[-79.107,-3.235],[-79.1203,-3.2246],[-79.1311,-3.2246],[-79.141,-3.2317],[-79.147,-3.2315],[-79.1496,-3.2345],[-79.1582,-3.2343],[-79.1671,-3.2318],[-79.1758,-3.2469],[-79.1845,-3.2509],[-79.1868,-3.2577],[-79.1932,-3.2615],[-79.2046,-3.2753],[-79.216,-3.2818],[-79.2199,-3.2873],[-79.2211,-3.2904],[-79.2303,-3.2931],[-79.2371,-3.2982],[-79.2442,-3.2989],[-79.2485,-3.3045],[-79.2585,-3.3101],[-79.2656,-3.3101],[-79.2744,-3.3173],[-79.2625,-3.3282],[-79.2522,-3.3342],[-79.2613,-3.3419],[-79.2657,-3.3408],[-79.2658,-3.3445],[-79.2719,-3.3511],[-79.2811,-3.3486],[-79.281,-3.3576],[-79.2879,-3.3665],[-79.2994,-3.3693],[-79.3021,-3.3681],[-79.3016,-3.3772],[-79.3051,-3.3836],[-79.306,-3.3909],[-79.3088,-3.3938],[-79.3086,-3.4003],[-79.2999,-3.4076],[-79.3046,-3.4183],[-79.304,-3.428],[-79.3018,-3.436],[-79.2966,-3.4422],[-79.2961,-3.4511],[-79.2936,-3.4514],[-79.2886,-3.4629],[-79.2895,-3.4666],[-79.2827,-3.4687],[-79.2771,-3.477],[-79.2765,-3.4768],[-79.2763,-3.4728],[-79.2692,-3.4619],[-79.257,-3.4534],[-79.249,-3.4377],[-79.2366,-3.4287],[-79.2266,-3.4183],[-79.2223,-3.4114],[-79.2176,-3.3994],[-79.2174,-3.3956],[-79.2047,-3.3743],[-79.2038,-3.3666],[-79.1993,-3.3647],[-79.1893,-3.3642],[-79.1848,-3.3712],[-79.1804,-3.3733],[-79.1697,-3.3728],[-79.1641,-3.3759],[-79.152,-3.3696],[-79.1498,-3.3744],[-79.1567,-3.3841],[-79.1529,-3.3926],[-79.156,-3.3992],[-79.155,-3.4096],[-79.1471,-3.4046],[-79.1444,-3.4007],[-79.1372,-3.3998],[-79.1326,-3.4092],[-79.1327,-3.413],[-79.1202,-3.4139],[-79.1171,-3.4225],[-79.1164,-3.4306],[-79.1133,-3.434],[-79.0932,-3.4316],[-79.0759,-3.4428],[-79.0716,-3.453],[-79.063,-3.4622],[-79.052,-3.4612],[-79.0554,-3.459],[-79.0553,-3.4491],[-79.0605,-3.4389],[-79.0686,-3.4385],[-79.0597,-3.4283],[-79.0403,-3.3934],[-79.028,-3.3834],[-79.0267,-3.3776],[-79.0287,-3.3725],[-79.0125,-3.3665],[-79.0114,-3.3549],[-79.0058,-3.3605],[-79.0007,-3.362],[-78.9901,-3.3549],[-78.9801,-3.3509],[-78.9694,-3.3521],[-78.9583,-3.3438],[-78.9431,-3.3414],[-78.9423,-3.3341],[-78.946,-3.3282]]]},"properties":{"poblacion":15892,"dpa_descan":"NABON","dpa_provin":"01","dpa_despro":"AZUAY","dpa_canton":"0104"}},
{"type":"Feature","geometry":{"type":"Polygon","coordinates":[[[-78.7409,-2.762],[-78.7333,-2.7606],[-78.7333,-2.7569],[-78.7268,-2.7562],[-78.7201,-2.7601],[-78.7172,-2.757],[-78.7108,-2.7577],[-78.7051,-2.7644],[-78.6984,-2.765],[-78.6804,-2.7507],[-78.6783,-2.7455],[-78.6691,-2.7403],[-78.6672,-2.7372],[-78.6611,-2.7352],[-78.6581,-2.7297],[-78.6508,-2.7218],[-78.6451,-2.7213],[-78.6419,-2.7223],[-78.6392,-2.716],[-78.6319,-2.7067],[-78.6253,-2.6949],[-78.6262,-2.688],[-78.6225,-2.6839],[-78.6172,-2.667],[-78.6167,-2.6609],[-78.6191,-2.6539],[-78.6168,-2.6527],[-78.6171,-2.6416],[-78.6153,-2.6367],[-78.6171,-2.6297],[-78.617,-2.629],[-78.6364,-2.648],[-78.6395,-2.648],[-78.6559,-2.6546],[-78.6586,-2.654],[-78.6609,-2.6631],[-78.6645,-2.6694],[-78.6653,-2.6753],[-78.6733,-2.6751],[-78.6839,-2.6678],[-78.6897,-2.6734],[-78.6922,-2.6789],[-78.697,-2.6776],[-78.7014,-2.6817],[-78.7056,-2.6866],[-78.7163,-2.69],[-78.7217,-2.6886],[-78.7317,-2.6907],[-78.7368,-2.6875],[-78.742,-2.6809],[-78.75,-2.6748],[-78.7698,-2.6731],[-78.7752,-2.6807],[-78.7772,-2.6868],[-78.7811,-2.6879],[-78.7861,-2.7002],[-78.7925,-2.705],[-78.7951,-2.7106],[-78.8003,-2.7145],[-78.7953,-2.7304],[-78.7926,-2.7345],[-78.7922,-2.7438],[-78.7949,-2.7464],[-78.7951,-2.76],[-78.799,-2.7698],[-78.7999,-2.7726],[-78.8115,-2.7883],[-78.8222,-2.7982],[-78.8229,-2.8095],[-78.8167,-2.8231],[-78.8223,-2.8266],[-78.8296,-2.8209],[-78.8399,-2.8182],[-78.8457,-2.8231],[-78.8522,-2.8239],[-78.859,-2.822],[-78.8693,-2.8225],[-78.8751,-2.8193],[-78.8743,-2.824],[-78.8808,-2.829],[-78.8735,-2.8382],[-78.8703,-2.8408],[-78.8606,-2.8414],[-78.8588,-2.8471],[-78.8534,-2.8521],[-78.8482,-2.8525],[-78.8424,-2.8515],[-78.8364,-2.8538],[-78.8358,-2.857],[-78.8283,-2.8584],[-78.822,-2.8578],[-78.8177,-2.8559],[-78.8084,-2.8574],[-78.8035,-2.8561],[-78.8015,-2.8615],[-78.7904,-2.8613],[-78.7836,-2.8647],[-78.7731,-2.861],[-78.7718,-2.8575],[-78.7741,-2.8491],[-78.7603,-2.8519],[-78.7548,-2.8498],[-78.7468,-2.8423],[-78.747,-2.8365],[-78.7394,-2.8317],[-78.7318,-2.8226],[-78.7275,-2.8227],[-78.7269,-2.8115],[-78.7289,-2.8052],[-78.7291,-2.7948],[-78.7339,-2.7812],[-78.7411,-2.7761],[-78.7507,-2.7778],[-78.7475,-2.7725],[-78.7506,-2.7701],[-78.7409,-2.762]]]},"properties":{"poblacion":25494,"dpa_descan":"PAUTE","dpa_provin":"01","dpa_despro":"AZUAY","dpa_canton":"0105"}},
{"type":"Feature","geometry":{"type":"Polygon","coordinates":[[[-79.4767,-3.0468],[-79.4865,-3.0477],[-79.4948,-3.0506],[-79.5069,-3.0441],[-79.5133,-3.0316],[-79.522,-3.0283],[-79.524,-3.0296],[-79.5282,-3.0239],[-79.5349,-3.0203],[-79.5411,-3.0208],[-79.544,-3.0238],[-79.5407,-3.0299],[-79.546,-3.0413],[-79.5481,-3.0514],[-79.5632,-3.0492],[-79.5653,-3.051],[-79.5612,-3.0556],[-79.5626,-3.0622],[-79.5611,-3.0668],[-79.5695,-3.0761],[-79.5734,-3.0824],[-79.5747,-3.0902],[-79.5813,-3.0945],[-79.5812,-3.0981],[-79.5952,-3.0995],[-79.6028,-3.1028],[-79.6057,-3.108],[-79.616,-3.1086],[-79.6208,-3.1037],[-79.6278,-3.11],[-79.6186,-3.1182],[-79.6127,-3.1264],[-79.6081,-3.1373],[-79.6341,-3.1369],[-79.6326,-3.1423],[-79.628,-3.1471],[-79.6195,-3.1489],[-79.609,-3.1606],[-79.6019,-3.1706],[-79.5977,-3.1807],[-79.6007,-3.1892],[-79.6001,-3.2011],[-79.6022,-3.2161],[-79.61,-3.2223],[-79.6216,-3.227],[-79.629,-3.2343],[-79.6325,-3.2429],[-79.6361,-3.2469],[-79.6384,-3.259],[-79.6331,-3.2672],[-79.6395,-3.2821],[-79.6386,-3.2874],[-79.6445,-3.3017],[-79.6564,-3.3113],[-79.6632,-3.3204],[-79.6693,-3.3199],[-79.6643,-3.3229],[-79.6593,-3.322],[-79.6557,-3.3255],[-79.6418,-3.3246],[-79.628,-3.3192],[-79.6246,-3.3263],[-79.616,-3.3247],[-79.6152,-3.3276],[-79.6097,-3.3285],[-79.6086,-3.3245],[-79.6031,-3.3256],[-79.5971,-3.3222],[-79.5883,-3.322],[-79.5805,-3.3245],[-79.5734,-3.3174],[-79.5674,-3.3145],[-79.5569,-3.3138],[-79.5532,-3.3151],[-79.5398,-3.3143],[-79.5253,-3.3109],[-79.5156,-3.3074],[-79.5123,-3.3101],[-79.4969,-3.315],[-79.4817,-3.3158],[-79.4795,-3.3176],[-79.4697,-3.3084],[-79.4668,-3.3039],[-79.4547,-3.3009],[-79.4538,-3.3032],[-79.444,-3.3013],[-79.4401,-3.2982],[-79.4392,-3.2897],[-79.436,-3.2858],[-79.438,-3.2791],[-79.4334,-3.2614],[-79.4341,-3.251],[-79.4323,-3.2444],[-79.4302,-3.2413],[-79.4263,-3.2267],[-79.4222,-3.2244],[-79.4165,-3.2166],[-79.4132,-3.2148],[-79.4109,-3.2087],[-79.4114,-3.19],[-79.4164,-3.1812],[-79.423,-3.176],[-79.4273,-3.1752],[-79.4308,-3.1638],[-79.4359,-3.1597],[-79.4379,-3.1531],[-79.4511,-3.1482],[-79.4542,-3.1411],[-79.4472,-3.1301],[-79.442,-3.1177],[-79.445,-3.1138],[-79.4453,-3.1058],[-79.4343,-3.0922],[-79.4476,-3.0837],[-79.4512,-3.0744],[-79.4582,-3.0691],[-79.4626,-3.0517],[-79.4767,-3.0468]]]},"properties":{"poblacion":10052,"dpa_descan":"PUCARA","dpa_provin":"01","dpa_despro":"AZUAY","dpa_canton":"0106"}},
{"type":"Feature","geometry":{"type":"Polygon","coordinates":[[[-79.3037,-3.0666],[-79.3039,-3.0733],[-79.3155,-3.0797],[-79.3202,-3.0919],[-79.3223,-3.1151],[-79.3245,-3.1185],[-79.3253,-3.1339],[-79.3204,-3.1402],[-79.3177,-3.1474],[-79.318,-3.1579],[-79.3164,-3.166],[-79.3085,-3.1788],[-79.3045,-3.1828],[-79.2888,-3.1821],[-79.2768,-3.1695],[-79.2731,-3.1693],[-79.2695,-3.1734],[-79.2661,-3.1837],[-79.2582,-3.1929],[-79.2464,-3.2008],[-79.2445,-3.208],[-79.2341,-3.2128],[-79.2309,-3.2273],[-79.2174,-3.2301],[-79.2191,-3.2187],[-79.2155,-3.2127],[-79.2154,-3.2079],[-79.212,-3.1975],[-79.2134,-3.1934],[-79.2153,-3.1739],[-79.2216,-3.1651],[-79.2276,-3.1617],[-79.2315,-3.1451],[-79.2367,-3.1441],[-79.2387,-3.1367],[-79.2355,-3.1295],[-79.2285,-3.1207],[-79.2299,-3.1132],[-79.2345,-3.1086],[-79.2314,-3.1043],[-79.2349,-3.0966],[-79.2353,-3.0891],[-79.2327,-3.0812],[-79.2365,-3.0772],[-79.2326,-3.0665],[-79.2355,-3.0626],[-79.2481,-3.0521],[-79.2522,-3.0503],[-79.2592,-3.0536],[-79.2635,-3.0582],[-79.2641,-3.0587],[-79.2697,-3.0625],[-79.2763,-3.0718],[-79.2922,-3.0716],[-79.3037,-3.0666]]]},"properties":{"poblacion":3993,"dpa_descan":"SAN FERNANDO","dpa_provin":"01","dpa_despro":"AZUAY","dpa_canton":"0107"}},
{"type":"Feature","geometry":{"type":"Polygon","coordinates":[[[-79.3045,-3.1828],[-79.3085,-3.1788],[-79.3164,-3.166],[-79.318,-3.1579],[-79.3177,-3.1474],[-79.3204,-3.1402],[-79.3253,-3.1339],[-79.3245,-3.1185],[-79.3223,-3.1151],[-79.3202,-3.0919],[-79.3155,-3.0797],[-79.3039,-3.0733],[-79.3037,-3.0666],[-79.3208,-3.0617],[-79.3299,-3.0536],[-79.3324,-3.0454],[-79.3406,-3.0394],[-79.3502,-3.0444],[-79.3536,-3.0444],[-79.3599,-3.0318],[-79.3766,-3.0383],[-79.3829,-3.0329],[-79.3889,-3.0344],[-79.3975,-3.0266],[-79.4072,-3.0251],[-79.413,-3.0211],[-79.4254,-3.0062],[-79.4271,-3.0028],[-79.4354,-2.999],[-79.4484,-2.996],[-79.4527,-2.9917],[-79.4507,-2.989],[-79.4519,-2.982],[-79.4574,-2.9805],[-79.4559,-2.9865],[-79.458,-2.9938],[-79.4463,-3.0027],[-79.4491,-3.007],[-79.4497,-3.0197],[-79.459,-3.0327],[-79.4727,-3.0401],[-79.4767,-3.0468],[-79.4626,-3.0517],[-79.4582,-3.0691],[-79.4512,-3.0744],[-79.4476,-3.0837],[-79.4343,-3.0922],[-79.4453,-3.1058],[-79.445,-3.1138],[-79.442,-3.1177],[-79.4472,-3.1301],[-79.4542,-3.1411],[-79.4511,-3.1482],[-79.4379,-3.1531],[-79.4359,-3.1597],[-79.4308,-3.1638],[-79.4273,-3.1752],[-79.423,-3.176],[-79.4164,-3.1812],[-79.4114,-3.19],[-79.4109,-3.2087],[-79.4132,-3.2148],[-79.4165,-3.2166],[-79.4222,-3.2244],[-79.4263,-3.2267],[-79.4302,-3.2413],[-79.4323,-3.2444],[-79.4341,-3.251],[-79.4334,-3.2614],[-79.438,-3.2791],[-79.436,-3.2858],[-79.4392,-3.2897],[-79.4401,-3.2982],[-79.444,-3.3013],[-79.4538,-3.3032],[-79.4547,-3.3009],[-79.4668,-3.3039],[-79.4697,-3.3084],[-79.4795,-3.3176],[-79.4746,-3.3193],[-79.4659,-3.3285],[-79.4614,-3.3304],[-79.452,-3.3304],[-79.4477,-3.3346],[-79.4369,-3.3376],[-79.4338,-3.342],[-79.4292,-3.3436],[-79.4226,-3.3416],[-79.4171,-3.3435],[-79.4089,-3.3424],[-79.4052,-3.3445],[-79.3928,-3.3462],[-79.3821,-3.3464],[-79.3765,-3.349],[-79.3734,-3.3451],[-79.3644,-3.3436],[-79.3532,-3.3431],[-79.3488,-3.339],[-79.3455,-3.342],[-79.3387,-3.3423],[-79.3354,-3.3393],[-79.3296,-3.3487],[-79.3151,-3.353],[-79.3058,-3.3573],[-79.3013,-3.365],[-79.3021,-3.3681],[-79.2994,-3.3693],[-79.2879,-3.3665],[-79.281,-3.3576],[-79.2811,-3.3486],[-79.2719,-3.3511],[-79.2658,-3.3445],[-79.2657,-3.3408],[-79.2613,-3.3419],[-79.2522,-3.3342],[-79.2625,-3.3282],[-79.2744,-3.3173],[-79.2656,-3.3101],[-79.2585,-3.3101],[-79.2485,-3.3045],[-79.2442,-3.2989],[-79.2371,-3.2982],[-79.2303,-3.2931],[-79.2211,-3.2904],[-79.2199,-3.2873],[-79.2312,-3.285],[-79.2387,-3.2794],[-79.2463,-3.2774],[-79.2481,-3.2726],[-79.2469,-3.2667],[-79.2434,-3.262],[-79.2452,-3.257],[-79.2409,-3.249],[-79.2505,-3.2441],[-79.2582,-3.2351],[-79.2631,-3.2349],[-79.2661,-3.2382],[-79.2701,-3.2337],[-79.2649,-3.2273],[-79.2639,-3.2195],[-79.2751,-3.2058],[-79.2883,-3.2026],[-79.2942,-3.2026],[-79.2959,-3.2069],[-79.3053,-3.2072],[-79.3074,-3.2102],[-79.3084,-3.1927],[-79.3045,-3.1828]]]},"properties":{"poblacion":18394,"dpa_descan":"SANTA ISABEL","dpa_provin":"01","dpa_despro":"AZUAY","dpa_canton":"0108"}},
{"type":"Feature","geometry":{"type":"Polygon","coordinates":[[[-78.6793,-3.0678],[-78.6734,-3.0606],[-78.6824,-3.0471],[-78.6935,-3.045],[-78.7027,-3.0397],[-78.7132,-3.037],[-78.7184,-3.0335],[-78.7269,-3.037],[-78.7347,-3.0333],[-78.7386,-3.0337],[-78.7424,-3.0348],[-78.7522,-3.0318],[-78.7563,-3.025],[-78.7616,-3.0236],[-78.7633,-3.0118],[-78.7658,-3.0058],[-78.7697,-2.9994],[-78.7735,-2.9949],[-78.7737,-2.9837],[-78.7794,-2.9837],[-78.7808,-2.9975],[-78.7784,-3.0031],[-78.7836,-3.006],[-78.7842,-2.9976],[-78.7904,-2.9876],[-78.8011,-2.982],[-78.8013,-2.9894],[-78.8054,-2.9966],[-78.8091,-2.9975],[-78.8118,-2.9955],[-78.8156,-2.9963],[-78.825,-2.9894],[-78.8346,-2.9884],[-78.8381,-2.9842],[-78.842,-2.9859],[-78.8526,-2.9803],[-78.8651,-2.9785],[-78.8601,-2.9947],[-78.8666,-2.9984],[-78.8678,-3.0026],[-78.8854,-3.0017],[-78.8876,-3.005],[-78.8798,-3.008],[-78.8762,-3.0133],[-78.8809,-3.0205],[-78.8818,-3.027],[-78.8764,-3.0355],[-78.8775,-3.0382],[-78.89,-3.0465],[-78.8966,-3.0556],[-78.8961,-3.0623],[-78.9041,-3.0722],[-78.9164,-3.0757],[-78.924,-3.0805],[-78.929,-3.0904],[-78.9319,-3.0901],[-78.9414,-3.0961],[-78.9573,-3.1178],[-78.9625,-3.1189],[-78.9763,-3.1302],[-78.9868,-3.1341],[-78.991,-3.1317],[-78.9952,-3.137],[-79,-3.1387],[-79.0031,-3.1426],[-79.0013,-3.1467],[-79.0077,-3.1472],[-79.0063,-3.1577],[-79.0181,-3.1682],[-79.0275,-3.1717],[-79.0289,-3.1759],[-79.027,-3.1847],[-79.0221,-3.1885],[-79.0152,-3.1915],[-79.007,-3.203],[-79.0069,-3.2119],[-79.0018,-3.2164],[-79.0006,-3.2217],[-78.9913,-3.2286],[-78.9887,-3.2388],[-78.988,-3.2519],[-78.9854,-3.2583],[-78.9826,-3.2561],[-78.9794,-3.2596],[-78.9691,-3.2603],[-78.9676,-3.2667],[-78.9571,-3.2754],[-78.955,-3.2751],[-78.9453,-3.283],[-78.9386,-3.2845],[-78.9358,-3.2882],[-78.9362,-3.2757],[-78.9236,-3.2709],[-78.9144,-3.2735],[-78.9036,-3.2653],[-78.9017,-3.2567],[-78.8917,-3.2517],[-78.8798,-3.2501],[-78.8777,-3.2472],[-78.8661,-3.2404],[-78.8656,-3.2356],[-78.8567,-3.2296],[-78.8482,-3.2339],[-78.8415,-3.2444],[-78.8343,-3.2451],[-78.8304,-3.2393],[-78.8323,-3.2349],[-78.8261,-3.2303],[-78.8195,-3.2188],[-78.8114,-3.2088],[-78.7952,-3.1932],[-78.7892,-3.1899],[-78.7804,-3.1793],[-78.775,-3.1705],[-78.7551,-3.1592],[-78.7503,-3.1527],[-78.7506,-3.1465],[-78.7372,-3.1398],[-78.7305,-3.1415],[-78.7184,-3.1358],[-78.7143,-3.1353],[-78.7036,-3.1274],[-78.6887,-3.1051],[-78.6859,-3.0924],[-78.6849,-3.0704],[-78.6793,-3.0678]]]},"properties":{"poblacion":26910,"dpa_descan":"SIGSIG","dpa_provin":"01","dpa_despro":"AZUAY","dpa_canton":"0109"}},
{"type":"Feature","geometry":{"type":"Polygon","coordinates":[[[-79.7971,-3.732],[-79.8046,-3.7285],[-79.8141,-3.7297],[-79.8241,-3.7286],[-79.8313,-3.7299],[-79.8408,-3.7253],[-79.8543,-3.7235],[-79.8606,-3.7239],[-79.865,-3.7283],[-79.8717,-3.7321],[-79.8811,-3.747],[-79.8809,-3.7521],[-79.8751,-3.7569],[-79.8677,-3.757],[-79.8603,-3.751],[-79.8535,-3.753],[-79.8495,-3.7585],[-79.8562,-3.7684],[-79.8595,-3.7703],[-79.8649,-3.7794],[-79.869,-3.7842],[-79.8716,-3.8037],[-79.8772,-3.8106],[-79.8734,-3.8151],[-79.8725,-3.8209],[-79.864,-3.8205],[-79.8603,-3.8237],[-79.8533,-3.8246],[-79.8498,-3.8149],[-79.8459,-3.8113],[-79.832,-3.8085],[-79.8236,-3.8106],[-79.8138,-3.8082],[-79.8099,-3.8048],[-79.8148,-3.7993],[-79.8124,-3.7924],[-79.8138,-3.7865],[-79.8077,-3.7772],[-79.798,-3.7741],[-79.791,-3.766],[-79.7928,-3.7585],[-79.7958,-3.7562],[-79.799,-3.7482],[-79.7997,-3.7384],[-79.798,-3.7355],[-79.7971,-3.732]]]},"properties":{"poblacion":6861,"dpa_descan":"BALSAS","dpa_provin":"07","dpa_despro":"EL ORO","dpa_canton":"0704"}},
{"type":"Feature","geometry":{"type":"Polygon","coordinates":[[[-79.155,-3.4096],[-79.156,-3.3992],[-79.1529,-3.3926],[-79.1567,-3.3841],[-79.1498,-3.3744],[-79.152,-3.3696],[-79.1641,-3.3759],[-79.1697,-3.3728],[-79.1804,-3.3733],[-79.1848,-3.3712],[-79.1893,-3.3642],[-79.1993,-3.3647],[-79.2038,-3.3666],[-79.2047,-3.3743],[-79.2174,-3.3956],[-79.2176,-3.3994],[-79.2223,-3.4114],[-79.2266,-3.4183],[-79.2366,-3.4287],[-79.249,-3.4377],[-79.257,-3.4534],[-79.2692,-3.4619],[-79.2763,-3.4728],[-79.2765,-3.4768],[-79.2734,-3.4744],[-79.2654,-3.4775],[-79.2572,-3.4757],[-79.2541,-3.4723],[-79.2446,-3.4688],[-79.2321,-3.4628],[-79.2224,-3.4622],[-79.2178,-3.4546],[-79.2133,-3.4546],[-79.2079,-3.4486],[-79.1948,-3.4455],[-79.1891,-3.4395],[-79.1836,-3.4391],[-79.1805,-3.4421],[-79.1793,-3.4577],[-79.1752,-3.4677],[-79.1612,-3.4705],[-79.1573,-3.4763],[-79.1591,-3.4784],[-79.1562,-3.4899],[-79.1589,-3.4994],[-79.1584,-3.5046],[-79.1548,-3.5066],[-79.153,-3.5121],[-79.1365,-3.5277],[-79.1365,-3.5345],[-79.1333,-3.5406],[-79.1358,-3.5461],[-79.1347,-3.5505],[-79.1396,-3.5585],[-79.1398,-3.5681],[-79.1369,-3.5789],[-79.1334,-3.5808],[-79.1352,-3.5913],[-79.1311,-3.6013],[-79.1187,-3.6013],[-79.1152,-3.6119],[-79.109,-3.6131],[-79.1057,-3.6173],[-79.1054,-3.63],[-79.0953,-3.6254],[-79.0913,-3.6236],[-79.0808,-3.6236],[-79.0764,-3.6213],[-79.0565,-3.6055],[-79.0583,-3.5991],[-79.0544,-3.5863],[-79.0413,-3.5749],[-79.0542,-3.5745],[-79.056,-3.5727],[-79.0483,-3.5613],[-79.0442,-3.5503],[-79.0461,-3.5457],[-79.0523,-3.5438],[-79.0579,-3.5355],[-79.06,-3.5267],[-79.0668,-3.5132],[-79.0666,-3.5036],[-79.0649,-3.5002],[-79.052,-3.4882],[-79.0452,-3.4843],[-79.0431,-3.474],[-79.0448,-3.468],[-79.052,-3.4612],[-79.063,-3.4622],[-79.0716,-3.453],[-79.0759,-3.4428],[-79.0932,-3.4316],[-79.1133,-3.434],[-79.1164,-3.4306],[-79.1171,-3.4225],[-79.1202,-3.4139],[-79.1327,-3.413],[-79.1326,-3.4092],[-79.1372,-3.3998],[-79.1444,-3.4007],[-79.1471,-3.4046],[-79.155,-3.4096]]]},"properties":{"poblacion":3583,"dpa_descan":"OÑA","dpa_provin":"01","dpa_despro":"AZUAY","dpa_canton":"0110"}},
{"type":"Feature","geometry":{"type":"Polygon","coordinates":[[[-78.7959,-2.9362],[-78.791,-2.9424],[-78.7864,-2.9485],[-78.7904,-2.9521],[-78.7862,-2.9542],[-78.773,-2.9703],[-78.7737,-2.9837],[-78.7735,-2.9949],[-78.7697,-2.9994],[-78.7658,-3.0058],[-78.7633,-3.0118],[-78.7616,-3.0236],[-78.7563,-3.025],[-78.7522,-3.0318],[-78.7424,-3.0348],[-78.7386,-3.0337],[-78.7347,-3.0333],[-78.7269,-3.037],[-78.7184,-3.0335],[-78.7132,-3.037],[-78.7027,-3.0397],[-78.6935,-3.045],[-78.6824,-3.0471],[-78.6734,-3.0606],[-78.6718,-3.047],[-78.6762,-3.0365],[-78.6753,-3.0295],[-78.6756,-3.0287],[-78.6759,-3.018],[-78.6705,-3.0126],[-78.671,-3.0044],[-78.6757,-2.9973],[-78.6757,-2.9926],[-78.6851,-2.9886],[-78.6943,-2.9755],[-78.7053,-2.9787],[-78.7148,-2.9781],[-78.7137,-2.9695],[-78.7195,-2.9626],[-78.7183,-2.9564],[-78.7362,-2.9573],[-78.7417,-2.9526],[-78.7474,-2.9371],[-78.7522,-2.9291],[-78.7539,-2.9222],[-78.765,-2.9114],[-78.7703,-2.9126],[-78.7746,-2.908],[-78.7744,-2.9078],[-78.7785,-2.9055],[-78.7804,-2.9109],[-78.7857,-2.9098],[-78.7863,-2.9198],[-78.7926,-2.9258],[-78.7947,-2.9304],[-78.7917,-2.9328],[-78.7959,-2.9362]]]},"properties":{"poblacion":12577,"dpa_descan":"CHORDELEG","dpa_provin":"01","dpa_despro":"AZUAY","dpa_canton":"0111"}},
{"type":"Feature","geometry":{"type":"Polygon","coordinates":[[[-78.6944,-2.8174],[-78.6969,-2.8196],[-78.7001,-2.8284],[-78.6986,-2.8376],[-78.7023,-2.8457],[-78.6996,-2.8483],[-78.6916,-2.8516],[-78.6896,-2.8544],[-78.6912,-2.8641],[-78.6943,-2.8726],[-78.6915,-2.8794],[-78.6945,-2.8959],[-78.6956,-2.9077],[-78.6857,-2.9107],[-78.6776,-2.927],[-78.6319,-2.9382],[-78.6283,-2.9339],[-78.6296,-2.9233],[-78.6323,-2.9147],[-78.6156,-2.8989],[-78.6114,-2.8902],[-78.6062,-2.8863],[-78.6022,-2.8801],[-78.6,-2.8718],[-78.588,-2.8587],[-78.5829,-2.8562],[-78.5876,-2.8558],[-78.5982,-2.8474],[-78.6012,-2.8428],[-78.6167,-2.8337],[-78.6266,-2.835],[-78.6371,-2.8244],[-78.6429,-2.8254],[-78.6545,-2.82],[-78.6593,-2.8029],[-78.6616,-2.798],[-78.6576,-2.7909],[-78.6577,-2.7728],[-78.6607,-2.7695],[-78.6558,-2.765],[-78.6539,-2.7583],[-78.65,-2.7561],[-78.6505,-2.7499],[-78.6466,-2.7431],[-78.646,-2.7406],[-78.6538,-2.7395],[-78.6626,-2.7476],[-78.6626,-2.7514],[-78.667,-2.7525],[-78.6773,-2.7719],[-78.6831,-2.7929],[-78.6948,-2.7991],[-78.6983,-2.8064],[-78.6941,-2.8129],[-78.6944,-2.8174]]]},"properties":{"poblacion":3036,"dpa_descan":"EL PAN","dpa_provin":"01","dpa_despro":"AZUAY","dpa_canton":"0112"}},
{"type":"Feature","geometry":{"type":"Polygon","coordinates":[[[-78.6026,-2.7656],[-78.5993,-2.7615],[-78.5946,-2.7642],[-78.5894,-2.7531],[-78.5922,-2.7445],[-78.5823,-2.7234],[-78.5777,-2.7183],[-78.5779,-2.7073],[-78.5673,-2.7044],[-78.5642,-2.7007],[-78.5568,-2.6965],[-78.5456,-2.696],[-78.5358,-2.6933],[-78.5306,-2.6938],[-78.517,-2.686],[-78.5144,-2.6785],[-78.5019,-2.6719],[-78.4855,-2.6602],[-78.475,-2.663],[-78.4689,-2.6611],[-78.45,-2.6525],[-78.4452,-2.6518],[-78.4348,-2.6437],[-78.4316,-2.6369],[-78.4223,-2.631],[-78.4261,-2.6181],[-78.4352,-2.607],[-78.4363,-2.5997],[-78.4441,-2.5944],[-78.4608,-2.5911],[-78.4737,-2.577],[-78.4807,-2.5728],[-78.4983,-2.5721],[-78.5051,-2.575],[-78.5145,-2.5828],[-78.5229,-2.5958],[-78.5246,-2.6069],[-78.5267,-2.609],[-78.5284,-2.6194],[-78.5333,-2.6269],[-78.537,-2.6265],[-78.5523,-2.6177],[-78.5616,-2.6095],[-78.5675,-2.5907],[-78.5609,-2.5753],[-78.5598,-2.5651],[-78.5564,-2.5601],[-78.5578,-2.5571],[-78.5652,-2.5543],[-78.5695,-2.5587],[-78.5715,-2.5651],[-78.5806,-2.5744],[-78.5916,-2.5774],[-78.6043,-2.586],[-78.6174,-2.5902],[-78.6221,-2.5937],[-78.623,-2.5978],[-78.6253,-2.6066],[-78.6224,-2.6179],[-78.6184,-2.6253],[-78.617,-2.629],[-78.6171,-2.6297],[-78.6153,-2.6367],[-78.6171,-2.6416],[-78.6168,-2.6527],[-78.6191,-2.6539],[-78.6167,-2.6609],[-78.6172,-2.667],[-78.6225,-2.6839],[-78.6262,-2.688],[-78.6253,-2.6949],[-78.6319,-2.7067],[-78.6392,-2.716],[-78.6419,-2.7223],[-78.6456,-2.7347],[-78.646,-2.7406],[-78.6466,-2.7431],[-78.6505,-2.7499],[-78.65,-2.7561],[-78.6539,-2.7583],[-78.6558,-2.765],[-78.6607,-2.7695],[-78.6577,-2.7728],[-78.6576,-2.7909],[-78.6616,-2.798],[-78.6593,-2.8029],[-78.6545,-2.82],[-78.6429,-2.8254],[-78.6371,-2.8244],[-78.6266,-2.835],[-78.6167,-2.8337],[-78.6012,-2.8428],[-78.5982,-2.8474],[-78.5876,-2.8558],[-78.5829,-2.8562],[-78.5745,-2.8489],[-78.5785,-2.8447],[-78.5772,-2.8418],[-78.5779,-2.8274],[-78.5878,-2.8174],[-78.5944,-2.8188],[-78.6075,-2.7939],[-78.6128,-2.7865],[-78.6168,-2.7859],[-78.6083,-2.7779],[-78.6026,-2.7656]]]},"properties":{"poblacion":5889,"dpa_descan":"SEVILLA DE ORO","dpa_provin":"01","dpa_despro":"AZUAY","dpa_canton":"0113"}},
{"type":"Feature","geometry":{"type":"Polygon","coordinates":[[[-78.6983,-2.8064],[-78.6948,-2.7991],[-78.6831,-2.7929],[-78.6773,-2.7719],[-78.667,-2.7525],[-78.6626,-2.7514],[-78.6626,-2.7476],[-78.6538,-2.7395],[-78.646,-2.7406],[-78.6456,-2.7347],[-78.6419,-2.7223],[-78.6451,-2.7213],[-78.6508,-2.7218],[-78.6581,-2.7297],[-78.6611,-2.7352],[-78.6672,-2.7372],[-78.6691,-2.7403],[-78.6783,-2.7455],[-78.6804,-2.7507],[-78.6984,-2.765],[-78.7051,-2.7644],[-78.7108,-2.7577],[-78.7172,-2.757],[-78.7201,-2.7601],[-78.7268,-2.7562],[-78.7333,-2.7569],[-78.7333,-2.7606],[-78.7409,-2.762],[-78.7506,-2.7701],[-78.7475,-2.7725],[-78.7507,-2.7778],[-78.7411,-2.7761],[-78.7339,-2.7812],[-78.7291,-2.7948],[-78.7289,-2.8052],[-78.7269,-2.8115],[-78.7161,-2.8124],[-78.7117,-2.8086],[-78.6983,-2.8064]]]},"properties":{"poblacion":3409,"dpa_descan":"GUACHAPALA","dpa_provin":"01","dpa_despro":"AZUAY","dpa_canton":"0114"}},
{"type":"Feature","geometry":{"type":"Polygon","coordinates":[[[-79.5411,-3.0208],[-79.5349,-3.0203],[-79.5282,-3.0239],[-79.524,-3.0296],[-79.522,-3.0283],[-79.5133,-3.0316],[-79.5069,-3.0441],[-79.4948,-3.0506],[-79.4865,-3.0477],[-79.4767,-3.0468],[-79.4727,-3.0401],[-79.459,-3.0327],[-79.4497,-3.0197],[-79.4491,-3.007],[-79.4463,-3.0027],[-79.458,-2.9938],[-79.4559,-2.9865],[-79.4574,-2.9805],[-79.4731,-2.9722],[-79.4781,-2.9628],[-79.4792,-2.9548],[-79.4838,-2.9473],[-79.5001,-2.9384],[-79.4975,-2.9286],[-79.5027,-2.9187],[-79.5099,-2.9137],[-79.5127,-2.8992],[-79.5118,-2.892],[-79.5084,-2.8946],[-79.5054,-2.8914],[-79.5023,-2.8827],[-79.5055,-2.8725],[-79.5157,-2.8725],[-79.5181,-2.8696],[-79.515,-2.8657],[-79.5187,-2.8635],[-79.522,-2.8566],[-79.5291,-2.8573],[-79.5334,-2.8469],[-79.5333,-2.8391],[-79.5303,-2.8391],[-79.5338,-2.8249],[-79.5276,-2.8176],[-79.5265,-2.8117],[-79.5302,-2.8074],[-79.5399,-2.8109],[-79.5393,-2.8072],[-79.5482,-2.7884],[-79.558,-2.7887],[-79.5772,-2.7911],[-79.5862,-2.7943],[-79.6095,-2.7916],[-79.6225,-2.7972],[-79.626,-2.8047],[-79.6299,-2.8065],[-79.6315,-2.8116],[-79.6371,-2.8155],[-79.6475,-2.8196],[-79.651,-2.8176],[-79.6593,-2.8189],[-79.6541,-2.8205],[-79.6473,-2.8308],[-79.6332,-2.8491],[-79.6221,-2.8546],[-79.6174,-2.8546],[-79.6145,-2.8697],[-79.6084,-2.8804],[-79.5979,-2.8849],[-79.5956,-2.8875],[-79.5945,-2.9021],[-79.5996,-2.9036],[-79.6075,-2.9008],[-79.6075,-2.9127],[-79.6242,-2.9194],[-79.6355,-2.9272],[-79.6512,-2.9357],[-79.66,-2.9429],[-79.6513,-2.9465],[-79.6452,-2.9831],[-79.6451,-2.9898],[-79.6542,-2.9862],[-79.6592,-2.9754],[-79.6643,-2.9725],[-79.675,-2.9746],[-79.6869,-2.9743],[-79.7028,-2.9765],[-79.7111,-2.974],[-79.7207,-2.9787],[-79.7259,-2.9792],[-79.7278,-2.9861],[-79.722,-2.9906],[-79.7154,-2.9925],[-79.7171,-3.0059],[-79.7126,-3.0153],[-79.7247,-3.015],[-79.7344,-3.0098],[-79.7397,-3.0293],[-79.7457,-3.0296],[-79.7457,-3.0453],[-79.75,-3.0543],[-79.7607,-3.0636],[-79.7632,-3.0627],[-79.763,-3.0668],[-79.7556,-3.0697],[-79.7542,-3.076],[-79.7469,-3.08],[-79.7353,-3.0954],[-79.7278,-3.0985],[-79.7221,-3.0969],[-79.7091,-3.1007],[-79.7049,-3.1046],[-79.6942,-3.104],[-79.6887,-3.1055],[-79.6811,-3.1157],[-79.6729,-3.1211],[-79.6667,-3.1222],[-79.6588,-3.1271],[-79.6521,-3.127],[-79.6411,-3.1315],[-79.6369,-3.137],[-79.6341,-3.1369],[-79.6081,-3.1373],[-79.6127,-3.1264],[-79.6186,-3.1182],[-79.6278,-3.11],[-79.6208,-3.1037],[-79.616,-3.1086],[-79.6057,-3.108],[-79.6028,-3.1028],[-79.5952,-3.0995],[-79.5812,-3.0981],[-79.5813,-3.0945],[-79.5747,-3.0902],[-79.5734,-3.0824],[-79.5695,-3.0761],[-79.5611,-3.0668],[-79.5626,-3.0622],[-79.5612,-3.0556],[-79.5653,-3.051],[-79.5632,-3.0492],[-79.5481,-3.0514],[-79.546,-3.0413],[-79.5407,-3.0299],[-79.544,-3.0238],[-79.5411,-3.0208]]]},"properties":{"poblacion":21998,"dpa_descan":"CAMILO PONCE ENRIQUEZ","dpa_provin":"01","dpa_despro":"AZUAY","dpa_canton":"0115"}},
{"type":"Feature","geometry":{"type":"Polygon","coordinates":[[[-78.7772,-2.6868],[-78.7752,-2.6807],[-78.7698,-2.6731],[-78.75,-2.6748],[-78.742,-2.6809],[-78.7368,-2.6875],[-78.7317,-2.6907],[-78.7217,-2.6886],[-78.7163,-2.69],[-78.7056,-2.6866],[-78.7014,-2.6817],[-78.697,-2.6776],[-78.6922,-2.6789],[-78.6897,-2.6734],[-78.6839,-2.6678],[-78.6733,-2.6751],[-78.6653,-2.6753],[-78.6645,-2.6694],[-78.6609,-2.6631],[-78.6586,-2.654],[-78.6559,-2.6546],[-78.6395,-2.648],[-78.6364,-2.648],[-78.617,-2.629],[-78.6184,-2.6253],[-78.6224,-2.6179],[-78.6253,-2.6066],[-78.623,-2.5978],[-78.6221,-2.5937],[-78.6174,-2.5902],[-78.6043,-2.586],[-78.5916,-2.5774],[-78.5806,-2.5744],[-78.5715,-2.5651],[-78.5695,-2.5587],[-78.5701,-2.5557],[-78.576,-2.5536],[-78.5779,-2.5471],[-78.5887,-2.5461],[-78.6013,-2.539],[-78.605,-2.5316],[-78.6128,-2.5247],[-78.6166,-2.519],[-78.6269,-2.511],[-78.6312,-2.5044],[-78.6382,-2.5068],[-78.6439,-2.5034],[-78.6472,-2.4978],[-78.6545,-2.4932],[-78.6563,-2.4884],[-78.6554,-2.4767],[-78.6648,-2.4782],[-78.6691,-2.469],[-78.6666,-2.4613],[-78.6607,-2.4521],[-78.6644,-2.4504],[-78.6736,-2.4522],[-78.6784,-2.4496],[-78.6819,-2.4514],[-78.6939,-2.4475],[-78.6998,-2.4482],[-78.7029,-2.4444],[-78.7074,-2.4443],[-78.7189,-2.4376],[-78.7125,-2.4323],[-78.717,-2.4263],[-78.7265,-2.4294],[-78.7314,-2.4282],[-78.7382,-2.4354],[-78.7485,-2.435],[-78.7489,-2.4407],[-78.7447,-2.4446],[-78.7478,-2.4487],[-78.7491,-2.4604],[-78.7525,-2.4672],[-78.7498,-2.4844],[-78.7484,-2.4864],[-78.7501,-2.4973],[-78.7463,-2.4995],[-78.7463,-2.5037],[-78.7535,-2.5125],[-78.7521,-2.518],[-78.7541,-2.5289],[-78.7613,-2.5312],[-78.7643,-2.5433],[-78.7633,-2.5482],[-78.7673,-2.552],[-78.766,-2.5626],[-78.768,-2.5677],[-78.7656,-2.5713],[-78.766,-2.5795],[-78.7684,-2.5842],[-78.7666,-2.5891],[-78.7757,-2.602],[-78.7809,-2.6073],[-78.7837,-2.6172],[-78.7831,-2.6225],[-78.7797,-2.6229],[-78.7823,-2.6338],[-78.7807,-2.6374],[-78.7869,-2.6382],[-78.8003,-2.6469],[-78.8041,-2.6528],[-78.8132,-2.6486],[-78.8263,-2.6466],[-78.8285,-2.6484],[-78.8405,-2.6449],[-78.8422,-2.6416],[-78.8398,-2.6332],[-78.846,-2.6317],[-78.8483,-2.6355],[-78.8553,-2.63],[-78.8719,-2.6396],[-78.8796,-2.6506],[-78.8798,-2.6582],[-78.8778,-2.6611],[-78.8791,-2.6669],[-78.877,-2.6797],[-78.8788,-2.6865],[-78.8756,-2.6909],[-78.8729,-2.708],[-78.8708,-2.7107],[-78.8696,-2.7246],[-78.8659,-2.7247],[-78.8641,-2.7316],[-78.8667,-2.729],[-78.8744,-2.7319],[-78.8762,-2.7363],[-78.884,-2.7393],[-78.8881,-2.7348],[-78.893,-2.741],[-78.9054,-2.7474],[-78.8978,-2.7581],[-78.9021,-2.7605],[-78.9036,-2.765],[-78.8993,-2.7753],[-78.8979,-2.7823],[-78.8945,-2.7871],[-78.8943,-2.7952],[-78.9084,-2.7974],[-78.9139,-2.8033],[-78.9153,-2.8091],[-78.9134,-2.8236],[-78.9188,-2.8219],[-78.9246,-2.8248],[-78.9282,-2.8315],[-78.9185,-2.8333],[-78.9119,-2.8365],[-78.9005,-2.8369],[-78.8912,-2.8348],[-78.8837,-2.8349],[-78.8808,-2.829],[-78.8743,-2.824],[-78.8751,-2.8193],[-78.8693,-2.8225],[-78.859,-2.822],[-78.8522,-2.8239],[-78.8457,-2.8231],[-78.8399,-2.8182],[-78.8296,-2.8209],[-78.8223,-2.8266],[-78.8167,-2.8231],[-78.8229,-2.8095],[-78.8222,-2.7982],[-78.8115,-2.7883],[-78.7999,-2.7726],[-78.799,-2.7698],[-78.7951,-2.76],[-78.7949,-2.7464],[-78.7922,-2.7438],[-78.7926,-2.7345],[-78.7953,-2.7304],[-78.8003,-2.7145],[-78.7951,-2.7106],[-78.7925,-2.705],[-78.7861,-2.7002],[-78.7811,-2.6879],[-78.7772,-2.6868]]]},"properties":{"poblacion":70064,"dpa_descan":"AZOGUES","dpa_provin":"03","dpa_despro":"CAÑAR","dpa_canton":"0301"}},
{"type":"Feature","geometry":{"type":"Polygon","coordinates":[[[-79.7399,-3.4642],[-79.7357,-3.4573],[-79.719,-3.455],[-79.7147,-3.4482],[-79.7097,-3.4312],[-79.7006,-3.4308],[-79.7012,-3.4247],[-79.7051,-3.4159],[-79.71,-3.4114],[-79.7111,-3.4039],[-79.7076,-3.3903],[-79.701,-3.3821],[-79.702,-3.3785],[-79.6949,-3.3705],[-79.6884,-3.3717],[-79.6869,-3.369],[-79.6817,-3.3738],[-79.6699,-3.3697],[-79.665,-3.3698],[-79.6697,-3.3608],[-79.6684,-3.3563],[-79.6704,-3.3452],[-79.6699,-3.3384],[-79.6647,-3.3311],[-79.6578,-3.3353],[-79.6588,-3.3393],[-79.6458,-3.3379],[-79.637,-3.3402],[-79.6338,-3.3455],[-79.6241,-3.3469],[-79.6113,-3.3431],[-79.6071,-3.3361],[-79.6062,-3.3308],[-79.5927,-3.3296],[-79.5903,-3.3415],[-79.5837,-3.3543],[-79.5797,-3.3655],[-79.581,-3.3728],[-79.5893,-3.3762],[-79.5854,-3.3869],[-79.5805,-3.3913],[-79.5692,-3.3909],[-79.5658,-3.3927],[-79.5586,-3.3905],[-79.5557,-3.3874],[-79.5532,-3.3834],[-79.5494,-3.3641],[-79.5512,-3.3629],[-79.5635,-3.3586],[-79.5712,-3.3504],[-79.5774,-3.3471],[-79.5842,-3.3369],[-79.5797,-3.3262],[-79.5805,-3.3245],[-79.5883,-3.322],[-79.5971,-3.3222],[-79.6031,-3.3256],[-79.6086,-3.3245],[-79.6097,-3.3285],[-79.6152,-3.3276],[-79.616,-3.3247],[-79.6246,-3.3263],[-79.628,-3.3192],[-79.6418,-3.3246],[-79.6557,-3.3255],[-79.6593,-3.322],[-79.6643,-3.3229],[-79.6693,-3.3199],[-79.6632,-3.3204],[-79.6564,-3.3113],[-79.6445,-3.3017],[-79.6386,-3.2874],[-79.6395,-3.2821],[-79.6331,-3.2672],[-79.6384,-3.259],[-79.6361,-3.2469],[-79.6325,-3.2429],[-79.629,-3.2343],[-79.6216,-3.227],[-79.61,-3.2223],[-79.6022,-3.2161],[-79.6001,-3.2011],[-79.6007,-3.1892],[-79.5977,-3.1807],[-79.6138,-3.1803],[-79.6238,-3.1869],[-79.6335,-3.1855],[-79.6514,-3.1874],[-79.6585,-3.1912],[-79.6624,-3.1985],[-79.6694,-3.2036],[-79.6723,-3.2101],[-79.6822,-3.2195],[-79.6803,-3.2294],[-79.6803,-3.2372],[-79.678,-3.2455],[-79.6858,-3.2559],[-79.6989,-3.2675],[-79.708,-3.2678],[-79.725,-3.272],[-79.7322,-3.2713],[-79.7345,-3.2686],[-79.7448,-3.2712],[-79.7523,-3.2765],[-79.7571,-3.2759],[-79.7641,-3.2783],[-79.7741,-3.2739],[-79.7792,-3.2689],[-79.7842,-3.2595],[-79.7901,-3.2546],[-79.7908,-3.2504],[-79.811,-3.2571],[-79.8215,-3.2645],[-79.8367,-3.2734],[-79.8376,-3.2759],[-79.8423,-3.2785],[-79.8474,-3.2893],[-79.8562,-3.2932],[-79.8545,-3.2997],[-79.8732,-3.3068],[-79.8744,-3.3118],[-79.8707,-3.313],[-79.8697,-3.3253],[-79.8622,-3.3226],[-79.8636,-3.3394],[-79.8687,-3.339],[-79.8757,-3.3461],[-79.8862,-3.3472],[-79.8895,-3.3549],[-79.8884,-3.3588],[-79.8971,-3.3691],[-79.8839,-3.3823],[-79.8809,-3.3771],[-79.8712,-3.3768],[-79.8707,-3.3799],[-79.8625,-3.3795],[-79.8594,-3.3687],[-79.8551,-3.3648],[-79.8436,-3.3687],[-79.8431,-3.3655],[-79.8366,-3.3662],[-79.831,-3.3615],[-79.8286,-3.3652],[-79.8168,-3.3655],[-79.8116,-3.3716],[-79.8088,-3.3827],[-79.8089,-3.3947],[-79.8061,-3.412],[-79.797,-3.4193],[-79.79,-3.4345],[-79.7821,-3.4408],[-79.7826,-3.4454],[-79.7792,-3.4461],[-79.77,-3.4541],[-79.765,-3.4622],[-79.7612,-3.4658],[-79.7399,-3.4642]]]},"properties":{"poblacion":72806,"dpa_descan":"PASAJE","dpa_provin":"07","dpa_despro":"EL ORO","dpa_canton":"0709"}},
{"type":"Feature","geometry":{"type":"Polygon","coordinates":[[[-79.0987,-4.7458],[-79.1049,-4.7451],[-79.1108,-4.7412],[-79.114,-4.7358],[-79.1143,-4.727],[-79.1262,-4.7182],[-79.1303,-4.7248],[-79.1391,-4.7329],[-79.1474,-4.7362],[-79.1494,-4.7442],[-79.1538,-4.7454],[-79.1529,-4.749],[-79.1586,-4.7486],[-79.1624,-4.7552],[-79.1734,-4.7596],[-79.1809,-4.7609],[-79.1937,-4.7556],[-79.199,-4.7556],[-79.2078,-4.7515],[-79.2119,-4.7463],[-79.2221,-4.7433],[-79.2254,-4.744],[-79.2338,-4.7391],[-79.2404,-4.738],[-79.2435,-4.7409],[-79.2514,-4.738],[-79.2529,-4.7346],[-79.2661,-4.733],[-79.2728,-4.731],[-79.2749,-4.7278],[-79.2916,-4.724],[-79.2909,-4.735],[-79.298,-4.7332],[-79.3009,-4.7301],[-79.3141,-4.7279],[-79.3206,-4.7217],[-79.325,-4.7214],[-79.3267,-4.7164],[-79.3328,-4.7166],[-79.3409,-4.7195],[-79.3478,-4.7179],[-79.3523,-4.7142],[-79.3607,-4.7113],[-79.3644,-4.7081],[-79.3759,-4.7033],[-79.38,-4.7034],[-79.394,-4.6929],[-79.4,-4.7089],[-79.3993,-4.7175],[-79.4061,-4.7208],[-79.4124,-4.7185],[-79.4178,-4.7251],[-79.4199,-4.7356],[-79.4233,-4.7397],[-79.4297,-4.7408],[-79.4276,-4.7474],[-79.3963,-4.8252],[-79.398,-4.8294],[-79.3914,-4.8331],[-79.3833,-4.8315],[-79.374,-4.8318],[-79.3657,-4.837],[-79.3612,-4.8441],[-79.3615,-4.8521],[-79.3533,-4.871],[-79.3521,-4.8803],[-79.3435,-4.8866],[-79.3388,-4.8869],[-79.3343,-4.8834],[-79.3293,-4.8934],[-79.3258,-4.8937],[-79.3197,-4.9007],[-79.3117,-4.9008],[-79.3106,-4.8974],[-79.306,-4.8988],[-79.3058,-4.9028],[-79.301,-4.9091],[-79.3006,-4.9173],[-79.2948,-4.9299],[-79.2915,-4.9312],[-79.2912,-4.9377],[-79.2879,-4.9428],[-79.2747,-4.9545],[-79.2655,-4.9669],[-79.2549,-4.9673],[-79.2347,-4.9644],[-79.2192,-4.9643],[-79.2122,-4.967],[-79.2089,-4.9625],[-79.2023,-4.9645],[-79.1768,-4.9598],[-79.1681,-4.9663],[-79.1662,-4.9637],[-79.1585,-4.9645],[-79.1543,-4.9627],[-79.1386,-4.9665],[-79.1325,-4.9719],[-79.1157,-4.9779],[-79.1095,-4.9787],[-79.1083,-4.976],[-79.1005,-4.9782],[-79.0977,-4.9737],[-79.0934,-4.9725],[-79.0844,-4.973],[-79.0769,-4.9698],[-79.0736,-4.9714],[-79.0711,-4.979],[-79.0717,-4.9888],[-79.0679,-4.9903],[-79.061,-4.9861],[-79.0512,-4.9909],[-79.0486,-4.9996],[-79.0434,-5.0033],[-79.0345,-5.0133],[-79.0269,-5.0151],[-79.0208,-5.0128],[-79.0158,-5.0135],[-79.0116,-5.0108],[-79.0084,-4.9994],[-79.0039,-4.9938],[-79.0039,-4.9837],[-78.9955,-4.9736],[-78.991,-4.9631],[-78.993,-4.9575],[-78.9884,-4.9537],[-78.9871,-4.9449],[-78.984,-4.9423],[-78.9859,-4.9354],[-78.9786,-4.9139],[-78.9769,-4.9023],[-78.9744,-4.8964],[-78.9682,-4.8931],[-78.9654,-4.8944],[-78.9544,-4.8932],[-78.946,-4.8979],[-78.9342,-4.8934],[-78.9209,-4.8929],[-78.9105,-4.891],[-78.9021,-4.8879],[-78.8927,-4.8875],[-78.8898,-4.8726],[-78.9071,-4.8623],[-78.9112,-4.8559],[-78.9116,-4.8429],[-78.902,-4.8378],[-78.8971,-4.8277],[-78.8977,-4.8228],[-78.895,-4.8107],[-78.8922,-4.8093],[-78.9816,-4.8075],[-78.9772,-4.8004],[-78.9779,-4.7934],[-78.9733,-4.7783],[-78.9708,-4.7776],[-78.9677,-4.767],[-78.9641,-4.7467],[-78.9812,-4.7468],[-78.9869,-4.7538],[-78.9947,-4.7542],[-79.0052,-4.7613],[-79.0145,-4.7652],[-79.0179,-4.7648],[-79.0292,-4.7727],[-79.0373,-4.776],[-79.0387,-4.7795],[-79.0494,-4.7836],[-79.0585,-4.7942],[-79.065,-4.7957],[-79.0655,-4.7992],[-79.0739,-4.8021],[-79.0777,-4.8015],[-79.085,-4.8047],[-79.0831,-4.7998],[-79.0928,-4.7964],[-79.0998,-4.7956],[-79.1045,-4.7894],[-79.1035,-4.7821],[-79.0992,-4.7749],[-79.0914,-4.7663],[-79.0951,-4.756],[-79.0937,-4.7543],[-79.0987,-4.7458]]]},"properties":{"poblacion":9119,"dpa_descan":"CHINCHIPE","dpa_provin":"19","dpa_despro":"ZAMORA CHINCHIPE","dpa_canton":"1902"}},
{"type":"Feature","geometry":{"type":"Polygon","coordinates":[[[-78.5551,-1.2056],[-78.5546,-1.2137],[-78.5456,-1.2141],[-78.5379,-1.2232],[-78.5373,-1.2333],[-78.5332,-1.2384],[-78.5245,-1.2375],[-78.5209,-1.244],[-78.5146,-1.2433],[-78.5069,-1.238],[-78.5046,-1.2338],[-78.493,-1.2334],[-78.4852,-1.2279],[-78.4795,-1.2277],[-78.4755,-1.231],[-78.4653,-1.2347],[-78.4538,-1.2313],[-78.4531,-1.2267],[-78.4386,-1.2202],[-78.4399,-1.2147],[-78.4355,-1.1972],[-78.4324,-1.1902],[-78.4269,-1.1855],[-78.4207,-1.1883],[-78.4135,-1.1794],[-78.4064,-1.1848],[-78.4027,-1.1851],[-78.3894,-1.1765],[-78.3847,-1.1643],[-78.3709,-1.1608],[-78.3601,-1.1599],[-78.3537,-1.1628],[-78.3543,-1.157],[-78.3476,-1.1504],[-78.3465,-1.1407],[-78.3375,-1.135],[-78.3387,-1.1296],[-78.338,-1.119],[-78.3342,-1.1114],[-78.342,-1.0992],[-78.3419,-1.0966],[-78.3327,-1.0832],[-78.3352,-1.0775],[-78.3328,-1.0677],[-78.3332,-1.0604],[-78.3264,-1.0453],[-78.3214,-1.0404],[-78.3257,-1.0395],[-78.3313,-1.0346],[-78.3441,-1.0282],[-78.3452,-1.0233],[-78.3584,-1.0034],[-78.3688,-1.0009],[-78.3788,-1.0074],[-78.3889,-1.0081],[-78.393,-1.0067],[-78.4014,-0.9976],[-78.4047,-0.9896],[-78.412,-0.9891],[-78.4134,-0.9934],[-78.4075,-1.0016],[-78.4083,-1.0159],[-78.4153,-1.0242],[-78.4194,-1.0233],[-78.4225,-1.0294],[-78.4319,-1.0386],[-78.4349,-1.0465],[-78.4396,-1.0485],[-78.4451,-1.0473],[-78.4471,-1.0551],[-78.4462,-1.061],[-78.4532,-1.065],[-78.4558,-1.0718],[-78.4594,-1.0729],[-78.4564,-1.0793],[-78.4589,-1.084],[-78.4657,-1.0879],[-78.4753,-1.0878],[-78.483,-1.0926],[-78.4962,-1.0935],[-78.5024,-1.0938],[-78.5056,-1.0865],[-78.5098,-1.0844],[-78.5117,-1.0784],[-78.5163,-1.0787],[-78.5156,-1.0737],[-78.5207,-1.0705],[-78.5236,-1.059],[-78.5467,-1.0605],[-78.5595,-1.059],[-78.572,-1.0655],[-78.5776,-1.075],[-78.5681,-1.0743],[-78.5649,-1.0765],[-78.5627,-1.084],[-78.5704,-1.0972],[-78.5665,-1.104],[-78.5683,-1.118],[-78.5658,-1.123],[-78.5642,-1.1308],[-78.5697,-1.1331],[-78.5662,-1.1516],[-78.5659,-1.1563],[-78.5745,-1.1645],[-78.5707,-1.1706],[-78.5718,-1.1831],[-78.5746,-1.188],[-78.5699,-1.1916],[-78.5629,-1.1932],[-78.5662,-1.1996],[-78.5603,-1.2066],[-78.5551,-1.2056]]]},"properties":{"poblacion":38357,"dpa_descan":"SANTIAGO DE PILLARO","dpa_provin":"18","dpa_despro":"TUNGURAHUA","dpa_canton":"1808"}},
{"type":"Feature","geometry":{"type":"Polygon","coordinates":[[[-78.9622,-2.6159],[-78.9789,-2.6087],[-78.9831,-2.6034],[-78.9882,-2.605],[-78.9854,-2.6113],[-78.9874,-2.6176],[-78.9923,-2.6202],[-79.0018,-2.6215],[-79.0043,-2.624],[-79.0165,-2.6268],[-79.0214,-2.6364],[-79.0277,-2.6394],[-79.0347,-2.6272],[-79.0442,-2.6223],[-79.0468,-2.6289],[-79.0546,-2.6377],[-79.0558,-2.6458],[-79.0612,-2.658],[-79.0809,-2.6652],[-79.0796,-2.6701],[-79.0837,-2.6781],[-79.0928,-2.6827],[-79.0968,-2.6904],[-79.0973,-2.6967],[-79.0904,-2.7095],[-79.095,-2.7169],[-79.0876,-2.7272],[-79.0779,-2.7303],[-79.0739,-2.7293],[-79.0757,-2.717],[-79.0787,-2.7143],[-79.0799,-2.7081],[-79.0741,-2.6952],[-79.0673,-2.6908],[-79.0588,-2.6906],[-79.0461,-2.6841],[-79.0398,-2.6788],[-79.0357,-2.6782],[-79.0322,-2.6826],[-79.0216,-2.6885],[-79.0198,-2.6955],[-79.0166,-2.6975],[-79.01,-2.7099],[-79.0106,-2.7125],[-79.004,-2.7176],[-79.0046,-2.7246],[-78.9906,-2.7268],[-78.9837,-2.7186],[-78.982,-2.7129],[-78.975,-2.7058],[-78.9681,-2.7043],[-78.9651,-2.7003],[-78.9601,-2.7013],[-78.961,-2.7108],[-78.9555,-2.7202],[-78.9469,-2.7233],[-78.9355,-2.7244],[-78.9301,-2.7186],[-78.9186,-2.7299],[-78.9136,-2.7314],[-78.9123,-2.7415],[-78.9067,-2.7468],[-78.9054,-2.7474],[-78.893,-2.741],[-78.8881,-2.7348],[-78.884,-2.7393],[-78.8762,-2.7363],[-78.8744,-2.7319],[-78.8667,-2.729],[-78.8641,-2.7316],[-78.8659,-2.7247],[-78.8696,-2.7246],[-78.8708,-2.7107],[-78.8729,-2.708],[-78.8756,-2.6909],[-78.8788,-2.6865],[-78.877,-2.6797],[-78.8791,-2.6669],[-78.8778,-2.6611],[-78.8798,-2.6582],[-78.8796,-2.6506],[-78.8857,-2.6503],[-78.8907,-2.6474],[-78.8898,-2.6331],[-78.8875,-2.6256],[-78.8801,-2.6148],[-78.8866,-2.6154],[-78.8952,-2.6219],[-78.9048,-2.6232],[-78.9069,-2.6259],[-78.9146,-2.6246],[-78.9305,-2.6085],[-78.9369,-2.6106],[-78.9622,-2.6159]]]},"properties":{"poblacion":20817,"dpa_descan":"BIBLIAN","dpa_provin":"03","dpa_despro":"CAÑAR","dpa_canton":"0302"}},
{"type":"Feature","geometry":{"type":"MultiPolygon","coordinates":[[[[-79.7917,-3.5694],[-79.7972,-3.5661],[-79.8047,-3.5574],[-79.8169,-3.5524],[-79.8191,-3.5483],[-79.8295,-3.5437],[-79.8389,-3.5301],[-79.8363,-3.523],[-79.8303,-3.5187],[-79.8274,-3.5216],[-79.8243,-3.5192],[-79.8137,-3.5229],[-79.8047,-3.5223],[-79.8001,-3.5238],[-79.7965,-3.5185],[-79.7962,-3.5068],[-79.7927,-3.4993],[-79.7906,-3.4901],[-79.7833,-3.4798],[-79.7816,-3.4744],[-79.777,-3.4699],[-79.7662,-3.4751],[-79.7634,-3.4694],[-79.765,-3.4622],[-79.77,-3.4541],[-79.7792,-3.4461],[-79.7826,-3.4454],[-79.7821,-3.4408],[-79.79,-3.4345],[-79.797,-3.4193],[-79.8061,-3.412],[-79.8089,-3.3947],[-79.8088,-3.3827],[-79.8116,-3.3716],[-79.8168,-3.3655],[-79.8286,-3.3652],[-79.831,-3.3615],[-79.8366,-3.3662],[-79.8431,-3.3655],[-79.8436,-3.3687],[-79.8551,-3.3648],[-79.8594,-3.3687],[-79.8625,-3.3795],[-79.8707,-3.3799],[-79.8712,-3.3768],[-79.8809,-3.3771],[-79.8839,-3.3823],[-79.8979,-3.3873],[-79.9004,-3.3979],[-79.8994,-3.4021],[-79.9073,-3.4119],[-79.9125,-3.4263],[-79.9191,-3.431],[-79.9258,-3.4275],[-79.9354,-3.4329],[-79.9396,-3.4332],[-79.9474,-3.4288],[-79.9548,-3.4338],[-79.9616,-3.4354],[-79.9757,-3.4334],[-79.9796,-3.4285],[-79.9833,-3.4301],[-79.9842,-3.4234],[-79.9898,-3.4136],[-79.9925,-3.414],[-80.0016,-3.4077],[-80.0056,-3.4074],[-80.0094,-3.403],[-80.0088,-3.3997],[-79.9977,-3.3887],[-80.0102,-3.373],[-80.017,-3.3731],[-80.0238,-3.3599],[-80.0287,-3.3576],[-80.0293,-3.3629],[-80.0347,-3.3701],[-80.0539,-3.3834],[-80.0584,-3.3931],[-80.0499,-3.3954],[-80.0433,-3.3919],[-80.0314,-3.3997],[-80.034,-3.4039],[-80.0267,-3.4074],[-80.0262,-3.4124],[-80.0214,-3.4073],[-80.0169,-3.4076],[-80.0192,-3.4102],[-80.0107,-3.412],[-80.0123,-3.4168],[-80.0196,-3.4119],[-80.0204,-3.4076],[-80.0259,-3.4133],[-80.0282,-3.4099],[-80.033,-3.4156],[-80.0276,-3.4167],[-80.0251,-3.4378],[-80.0162,-3.4535],[-80.0167,-3.4593],[-80.0128,-3.4678],[-80.0143,-3.4756],[-80.0123,-3.4766],[-80.0116,-3.4861],[-80.018,-3.4912],[-80.0163,-3.5083],[-80.0209,-3.5143],[-80.0181,-3.5199],[-80.0216,-3.5241],[-80.0268,-3.5259],[-80.0316,-3.5346],[-80.0271,-3.5478],[-80.0191,-3.5558],[-80.0215,-3.5632],[-80.0109,-3.5683],[-80.0022,-3.5697],[-79.999,-3.5668],[-79.9907,-3.5727],[-79.9806,-3.5719],[-79.9786,-3.573],[-79.9802,-3.5852],[-79.9865,-3.5892],[-79.9869,-3.5946],[-79.9909,-3.602],[-79.97,-3.603],[-79.9661,-3.6002],[-79.9539,-3.5969],[-79.9486,-3.605],[-79.9512,-3.6119],[-79.9447,-3.6156],[-79.9358,-3.615],[-79.9378,-3.6079],[-79.9326,-3.6068],[-79.931,-3.5992],[-79.9245,-3.5956],[-79.9218,-3.5995],[-79.9184,-3.5979],[-79.918,-3.5997],[-79.902,-3.5978],[-79.8976,-3.5993],[-79.8868,-3.6075],[-79.8814,-3.6063],[-79.8765,-3.6018],[-79.8687,-3.5998],[-79.8616,-3.6092],[-79.851,-3.6081],[-79.8417,-3.613],[-79.8375,-3.6178],[-79.8314,-3.6198],[-79.8162,-3.6153],[-79.8064,-3.6037],[-79.8058,-3.5967],[-79.8019,-3.5899],[-79.7841,-3.5896],[-79.78,-3.5858],[-79.7754,-3.5876],[-79.7716,-3.5826],[-79.7763,-3.5746],[-79.7726,-3.569],[-79.7768,-3.563],[-79.7861,-3.5687],[-79.7917,-3.5694]]],[[[-80.2098,-3.4326],[-80.209,-3.4302],[-80.221,-3.4266],[-80.2242,-3.4287],[-80.2193,-3.4326],[-80.2098,-3.4326]]],[[[-80.2323,-3.4118],[-80.23,-3.3985],[-80.2475,-3.3895],[-80.245,-3.3996],[-80.2389,-3.406],[-80.2364,-3.4112],[-80.2323,-3.4118]]],[[[-80.2196,-3.3658],[-80.2254,-3.3579],[-80.2303,-3.3461],[-80.2349,-3.3391],[-80.2419,-3.3463],[-80.2365,-3.3568],[-80.2228,-3.3687],[-80.2164,-3.3694],[-80.2196,-3.3658]]],[[[-80.2452,-3.4016],[-80.2486,-3.3964],[-80.2593,-3.3932],[-80.2605,-3.3859],[-80.2712,-3.381],[-80.2734,-3.3698],[-80.2795,-3.3612],[-80.2805,-3.3521],[-80.2782,-3.3445],[-80.2724,-3.342],[-80.2734,-3.3356],[-80.2805,-3.3437],[-80.2882,-3.3601],[-80.293,-3.3665],[-80.3033,-3.372],[-80.3046,-3.3795],[-80.3005,-3.3921],[-80.2943,-3.4001],[-80.2895,-3.4034],[-80.2562,-3.4038],[-80.2446,-3.409],[-80.237,-3.4168],[-80.232,-3.4185],[-80.2397,-3.4102],[-80.2452,-3.4016]]],[[[-80.21,-3.344],[-80.2121,-3.3365],[-80.2175,-3.3353],[-80.2214,-3.3419],[-80.2211,-3.3495],[-80.205,-3.3727],[-80.2003,-3.3945],[-80.1946,-3.3985],[-80.1876,-3.3939],[-80.1812,-3.3933],[-80.1731,-3.3982],[-80.1606,-3.4088],[-80.16,-3.4139],[-80.1552,-3.4156],[-80.1364,-3.4081],[-80.1174,-3.4063],[-80.1082,-3.4037],[-80.107,-3.4006],[-80.112,-3.3915],[-80.112,-3.3871],[-80.1219,-3.3854],[-80.1353,-3.3891],[-80.1345,-3.3862],[-80.1214,-3.3814],[-80.1097,-3.3838],[-80.1085,-3.3938],[-80.1044,-3.4046],[-80.0852,-3.4158],[-80.0685,-3.4134],[-80.0663,-3.4104],[-80.0666,-3.4001],[-80.0708,-3.395],[-80.0786,-3.3971],[-80.087,-3.4031],[-80.0943,-3.3935],[-80.0839,-3.3828],[-80.0843,-3.3809],[-80.0979,-3.3738],[-80.1009,-3.3688],[-80.0929,-3.3608],[-80.0971,-3.3515],[-80.0981,-3.3392],[-80.1014,-3.3389],[-80.1084,-3.3499],[-80.1119,-3.3454],[-80.1176,-3.3439],[-80.1245,-3.3463],[-80.1279,-3.3558],[-80.1266,-3.3617],[-80.1226,-3.3638],[-80.1334,-3.3653],[-80.128,-3.372],[-80.1333,-3.3729],[-80.1374,-3.3774],[-80.1435,-3.3774],[-80.1466,-3.3692],[-80.1505,-3.3659],[-80.1605,-3.3724],[-80.1637,-3.3776],[-80.174,-3.3849],[-80.1785,-3.3856],[-80.1696,-3.3778],[-80.1655,-3.3704],[-80.1718,-3.365],[-80.1833,-3.3707],[-80.1836,-3.3789],[-80.1883,-3.3722],[-80.1733,-3.3594],[-80.167,-3.3471],[-80.1677,-3.3397],[-80.1711,-3.3375],[-80.1821,-3.3413],[-80.1926,-3.3384],[-80.2011,-3.3382],[-80.21,-3.344]]],[[[-80.1334,-3.3349],[-80.1407,-3.3329],[-80.1468,-3.335],[-80.154,-3.3347],[-80.1595,-3.3373],[-80.1619,-3.3449],[-80.1685,-3.3576],[-80.1684,-3.3641],[-80.1649,-3.3672],[-80.1509,-3.3634],[-80.1505,-3.3598],[-80.1422,-3.3556],[-80.1242,-3.3404],[-80.1259,-3.3439],[-80.1355,-3.3548],[-80.1427,-3.3581],[-80.1498,-3.3635],[-80.1412,-3.3699],[-80.1405,-3.376],[-80.1348,-3.3721],[-80.1312,-3.3722],[-80.1351,-3.3664],[-80.1314,-3.3609],[-80.1305,-3.3513],[-80.1216,-3.3418],[-80.1224,-3.3331],[-80.1334,-3.3349]]],[[[-80.0985,-3.3354],[-80.1005,-3.3315],[-80.1182,-3.3367],[-80.1172,-3.3424],[-80.1112,-3.3407],[-80.1084,-3.3449],[-80.1041,-3.3425],[-80.1023,-3.338],[-80.0985,-3.3354]]],[[[-80.2414,-3.3306],[-80.2523,-3.3316],[-80.2499,-3.335],[-80.2548,-3.3383],[-80.2577,-3.3451],[-80.2624,-3.3505],[-80.2633,-3.3575],[-80.2534,-3.3635],[-80.2515,-3.3762],[-80.2467,-3.3825],[-80.227,-3.3969],[-80.2303,-3.4101],[-80.2273,-3.4175],[-80.2075,-3.4181],[-80.1995,-3.414],[-80.1856,-3.413],[-80.1809,-3.4196],[-80.1673,-3.4166],[-80.1645,-3.4136],[-80.1781,-3.3984],[-80.1847,-3.3973],[-80.1912,-3.4025],[-80.2005,-3.4023],[-80.2063,-3.3961],[-80.2137,-3.3739],[-80.2205,-3.3728],[-80.228,-3.3674],[-80.2357,-3.3595],[-80.2405,-3.359],[-80.2354,-3.3712],[-80.2306,-3.375],[-80.2372,-3.374],[-80.2426,-3.378],[-80.2383,-3.3693],[-80.2425,-3.3605],[-80.241,-3.3544],[-80.2441,-3.3443],[-80.237,-3.3371],[-80.2361,-3.3342],[-80.2414,-3.3306]]],[[[-80.0285,-3.283],[-80.0319,-3.2807],[-80.0445,-3.2783],[-80.0508,-3.2824],[-80.0593,-3.2807],[-80.0622,-3.2882],[-80.0676,-3.2913],[-80.0721,-3.2909],[-80.0847,-3.3054],[-80.0765,-3.3053],[-80.0843,-3.3087],[-80.0887,-3.3142],[-80.0871,-3.3068],[-80.0913,-3.3076],[-80.1057,-3.3181],[-80.1117,-3.3266],[-80.0976,-3.329],[-80.0919,-3.3325],[-80.0779,-3.3291],[-80.0657,-3.3304],[-80.0513,-3.3373],[-80.0618,-3.3359],[-80.0652,-3.3324],[-80.0782,-3.3305],[-80.092,-3.3351],[-80.0911,-3.34],[-80.0937,-3.3475],[-80.0877,-3.347],[-80.0792,-3.3522],[-80.0718,-3.3545],[-80.0702,-3.3675],[-80.072,-3.3675],[-80.0734,-3.3576],[-80.0867,-3.3515],[-80.0899,-3.3551],[-80.0873,-3.3688],[-80.0999,-3.3696],[-80.0931,-3.3748],[-80.085,-3.3777],[-80.0826,-3.381],[-80.0848,-3.3869],[-80.0916,-3.3922],[-80.0868,-3.4],[-80.0831,-3.4001],[-80.0737,-3.3936],[-80.0641,-3.3945],[-80.059,-3.3808],[-80.0387,-3.3682],[-80.034,-3.3636],[-80.0337,-3.3594],[-80.0399,-3.3479],[-80.0379,-3.3264],[-80.0346,-3.3004],[-80.0427,-3.2989],[-80.0338,-3.2968],[-80.0285,-3.283]]],[[[-80.0285,-3.2344],[-80.023,-3.2313],[-80.0251,-3.2261],[-80.0265,-3.2119],[-80.0324,-3.2088],[-80.0406,-3.2189],[-80.0446,-3.2265],[-80.0542,-3.2578],[-80.0601,-3.2683],[-80.069,-3.2885],[-80.063,-3.286],[-80.0605,-3.28],[-80.0525,-3.2817],[-80.0453,-3.2773],[-80.0259,-3.2801],[-80.0216,-3.2761],[-80.012,-3.2616],[-80.0176,-3.2547],[-80.019,-3.2463],[-80.0245,-3.2344],[-80.0285,-3.2344]]]]},"properties":{"poblacion":69036,"dpa_descan":"SANTA ROSA","dpa_provin":"07","dpa_despro":"EL ORO","dpa_canton":"0712"}},
{"type":"Feature","geometry":{"type":"Polygon","coordinates":[[[-80.8706,-2.2702],[-80.8813,-2.2689],[-80.885,-2.2701],[-80.8854,-2.2628],[-80.8894,-2.2577],[-80.8934,-2.2587],[-80.8917,-2.2536],[-80.8978,-2.2541],[-80.9003,-2.2585],[-80.9049,-2.26],[-80.9102,-2.2574],[-80.9155,-2.2505],[-80.9206,-2.2479],[-80.9218,-2.2277],[-80.922,-2.2194],[-80.9317,-2.2206],[-80.9414,-2.2173],[-80.9475,-2.2096],[-80.9496,-2.2037],[-80.9571,-2.2014],[-80.9607,-2.2042],[-80.9702,-2.2044],[-80.9731,-2.2003],[-80.9817,-2.1979],[-80.9832,-2.1896],[-80.9915,-2.1825],[-81.0012,-2.184],[-81.0098,-2.1871],[-81.0111,-2.1897],[-81.0049,-2.1915],[-81.0019,-2.1973],[-80.9961,-2.1999],[-80.9958,-2.2046],[-80.9911,-2.2067],[-80.9763,-2.2194],[-80.9671,-2.2305],[-80.9536,-2.2429],[-80.9357,-2.2613],[-80.9251,-2.2712],[-80.9142,-2.2863],[-80.9149,-2.2909],[-80.9125,-2.2969],[-80.9035,-2.3064],[-80.8952,-2.3163],[-80.8953,-2.322],[-80.8985,-2.3266],[-80.8977,-2.3324],[-80.8904,-2.3366],[-80.8896,-2.3302],[-80.8848,-2.3251],[-80.8747,-2.3234],[-80.8695,-2.3255],[-80.8586,-2.2937],[-80.8637,-2.2855],[-80.8622,-2.2839],[-80.8661,-2.2745],[-80.8706,-2.2702]]]},"properties":{"poblacion":68675,"dpa_descan":"SALINAS","dpa_provin":"24","dpa_despro":"SANTA ELENA","dpa_canton":"2403"}},
{"type":"Feature","geometry":{"type":"Polygon","coordinates":[[[-79.6263,-0.594],[-79.631,-0.604],[-79.6301,-0.6122],[-79.6256,-0.6291],[-79.6281,-0.6399],[-79.6334,-0.644],[-79.6322,-0.6523],[-79.6345,-0.6569],[-79.6327,-0.6604],[-79.6335,-0.6706],[-79.6455,-0.673],[-79.6453,-0.6789],[-79.6513,-0.6855],[-79.652,-0.6905],[-79.6576,-0.6934],[-79.6593,-0.6988],[-79.6536,-0.7009],[-79.6499,-0.7125],[-79.6537,-0.7159],[-79.6596,-0.7144],[-79.6619,-0.7283],[-79.669,-0.7376],[-79.6611,-0.744],[-79.6676,-0.7484],[-79.6677,-0.7551],[-79.6721,-0.7602],[-79.6716,-0.7638],[-79.6773,-0.7675],[-79.6855,-0.7849],[-79.6805,-0.7935],[-79.6813,-0.7985],[-79.6789,-0.8202],[-79.6874,-0.8298],[-79.6936,-0.8344],[-79.7031,-0.8331],[-79.7078,-0.8418],[-79.7103,-0.8513],[-79.7072,-0.863],[-79.6965,-0.8721],[-79.7015,-0.8769],[-79.7011,-0.8819],[-79.7051,-0.8832],[-79.6997,-0.8866],[-79.6987,-0.8905],[-79.7041,-0.8963],[-79.7059,-0.9028],[-79.6996,-0.9042],[-79.6958,-0.8979],[-79.6894,-0.8955],[-79.69,-0.9023],[-79.6846,-0.9032],[-79.6808,-0.8988],[-79.6766,-0.8992],[-79.6793,-0.893],[-79.6701,-0.8916],[-79.6712,-0.8956],[-79.6675,-0.8971],[-79.6627,-0.9035],[-79.6529,-0.8971],[-79.6485,-0.8861],[-79.6443,-0.8814],[-79.637,-0.881],[-79.6334,-0.8769],[-79.6296,-0.8774],[-79.6278,-0.8734],[-79.6239,-0.876],[-79.6243,-0.8694],[-79.6273,-0.8654],[-79.6245,-0.8622],[-79.6264,-0.8579],[-79.6212,-0.8609],[-79.6092,-0.8574],[-79.6074,-0.8533],[-79.6097,-0.8516],[-79.6079,-0.8368],[-79.5993,-0.8218],[-79.6033,-0.8132],[-79.6057,-0.7986],[-79.601,-0.7914],[-79.6013,-0.7843],[-79.5969,-0.7774],[-79.5994,-0.7658],[-79.597,-0.76],[-79.5977,-0.7545],[-79.6031,-0.7537],[-79.5965,-0.7396],[-79.5914,-0.7403],[-79.5892,-0.7337],[-79.584,-0.7271],[-79.5776,-0.7224],[-79.5773,-0.7165],[-79.5827,-0.7132],[-79.5762,-0.7003],[-79.574,-0.7007],[-79.5728,-0.7114],[-79.5654,-0.71],[-79.5625,-0.7214],[-79.5548,-0.7174],[-79.5536,-0.7231],[-79.5412,-0.7186],[-79.5424,-0.7147],[-79.5376,-0.7171],[-79.5341,-0.7104],[-79.5339,-0.7034],[-79.5367,-0.6986],[-79.5354,-0.6945],[-79.5392,-0.694],[-79.5412,-0.684],[-79.5357,-0.6808],[-79.5425,-0.6718],[-79.5432,-0.6653],[-79.5408,-0.6595],[-79.5323,-0.6596],[-79.5334,-0.6551],[-79.5231,-0.6518],[-79.5256,-0.6465],[-79.5189,-0.6468],[-79.5147,-0.6428],[-79.5162,-0.6377],[-79.5085,-0.6363],[-79.505,-0.6253],[-79.5072,-0.6181],[-79.5009,-0.6082],[-79.4984,-0.6098],[-79.4948,-0.6052],[-79.4855,-0.6097],[-79.4846,-0.6074],[-79.4877,-0.6019],[-79.4838,-0.5986],[-79.4884,-0.5914],[-79.486,-0.5877],[-79.4932,-0.5831],[-79.4912,-0.5749],[-79.497,-0.5693],[-79.4944,-0.5611],[-79.4912,-0.5569],[-79.4928,-0.5531],[-79.4873,-0.5446],[-79.4834,-0.5431],[-79.4787,-0.5383],[-79.4755,-0.5389],[-79.4722,-0.5316],[-79.4661,-0.5293],[-79.4663,-0.5206],[-79.4645,-0.5157],[-79.459,-0.5097],[-79.4599,-0.5037],[-79.5049,-0.5037],[-79.5049,-0.4932],[-79.516,-0.4922],[-79.5214,-0.4884],[-79.5303,-0.4855],[-79.5369,-0.4858],[-79.5411,-0.4898],[-79.5404,-0.493],[-79.5451,-0.4997],[-79.5529,-0.5039],[-79.5498,-0.505],[-79.5563,-0.512],[-79.5602,-0.5135],[-79.5612,-0.5179],[-79.5673,-0.5237],[-79.5717,-0.5252],[-79.57,-0.5289],[-79.5737,-0.5373],[-79.5858,-0.5372],[-79.5901,-0.5431],[-79.6046,-0.5412],[-79.6051,-0.5469],[-79.6131,-0.5525],[-79.6222,-0.5642],[-79.6204,-0.5727],[-79.6135,-0.5828],[-79.6203,-0.5913],[-79.6263,-0.594]]]},"properties":{"poblacion":20758,"dpa_descan":"MANGA DEL CURA","dpa_provin":"90","dpa_despro":"ZONA NO DELIMITADA","dpa_canton":"9003"}},
{"type":"Feature","geometry":{"type":"Polygon","coordinates":[[[-78.9282,-2.8315],[-78.9246,-2.8248],[-78.9188,-2.8219],[-78.9134,-2.8236],[-78.9153,-2.8091],[-78.9139,-2.8033],[-78.9084,-2.7974],[-78.8943,-2.7952],[-78.8945,-2.7871],[-78.8979,-2.7823],[-78.8993,-2.7753],[-78.9036,-2.765],[-78.9021,-2.7605],[-78.8978,-2.7581],[-78.9054,-2.7474],[-78.9067,-2.7468],[-78.9123,-2.7415],[-78.9136,-2.7314],[-78.9186,-2.7299],[-78.9301,-2.7186],[-78.9355,-2.7244],[-78.9469,-2.7233],[-78.9555,-2.7202],[-78.961,-2.7108],[-78.9601,-2.7013],[-78.9651,-2.7003],[-78.9681,-2.7043],[-78.975,-2.7058],[-78.982,-2.7129],[-78.9837,-2.7186],[-78.9906,-2.7268],[-78.9915,-2.7331],[-78.9891,-2.7366],[-78.9949,-2.7441],[-78.9936,-2.7491],[-78.9873,-2.7493],[-78.9816,-2.7467],[-78.9734,-2.7491],[-78.9623,-2.762],[-78.9533,-2.7686],[-78.9463,-2.7833],[-78.9476,-2.786],[-78.9473,-2.797],[-78.948,-2.8196],[-78.9443,-2.8292],[-78.9417,-2.8309],[-78.9282,-2.8315]]]},"properties":{"poblacion":6100,"dpa_descan":"DELEG","dpa_provin":"03","dpa_despro":"CAÑAR","dpa_canton":"0306"}},
{"type":"Feature","geometry":{"type":"Polygon","coordinates":[[[-79.0229,-2.4327],[-79.0239,-2.4288],[-79.034,-2.4265],[-79.0387,-2.4231],[-79.0461,-2.4245],[-79.0528,-2.4261],[-79.062,-2.4327],[-79.068,-2.4353],[-79.08,-2.4462],[-79.0856,-2.4554],[-79.0934,-2.4606],[-79.1022,-2.4614],[-79.1035,-2.4711],[-79.119,-2.4854],[-79.1145,-2.4938],[-79.103,-2.4975],[-79.0897,-2.4999],[-79.0796,-2.5041],[-79.0613,-2.5011],[-79.059,-2.4962],[-79.0607,-2.4905],[-79.0541,-2.4752],[-79.0467,-2.4676],[-79.0409,-2.4654],[-79.0368,-2.4583],[-79.0314,-2.454],[-79.0177,-2.4484],[-79.0118,-2.4408],[-79.0196,-2.4365],[-79.0229,-2.4327]]]},"properties":{"poblacion":5016,"dpa_descan":"SUSCAL","dpa_provin":"03","dpa_despro":"CAÑAR","dpa_canton":"0307"}},
{"type":"Feature","geometry":{"type":"Polygon","coordinates":[[[-79.8636,-3.3394],[-79.8622,-3.3226],[-79.8697,-3.3253],[-79.8707,-3.313],[-79.8744,-3.3118],[-79.8732,-3.3068],[-79.8545,-3.2997],[-79.8562,-3.2932],[-79.8474,-3.2893],[-79.8423,-3.2785],[-79.8498,-3.2717],[-79.8545,-3.2691],[-79.8631,-3.2703],[-79.8688,-3.2666],[-79.8719,-3.2579],[-79.8964,-3.241],[-79.9081,-3.232],[-79.917,-3.2304],[-79.9434,-3.2337],[-79.9457,-3.2241],[-79.9504,-3.2194],[-79.9508,-3.218],[-79.9509,-3.218],[-79.9509,-3.2179],[-79.9514,-3.2163],[-79.9504,-3.2135],[-79.9461,-3.2118],[-79.9425,-3.1975],[-79.9462,-3.197],[-79.9524,-3.192],[-79.9671,-3.1987],[-79.9768,-3.2104],[-79.9761,-3.2183],[-79.9827,-3.2228],[-79.9796,-3.2327],[-79.9816,-3.2372],[-79.9929,-3.2401],[-79.9996,-3.2382],[-80.0014,-3.2457],[-79.999,-3.2569],[-80.0009,-3.2596],[-80.0022,-3.2725],[-80.0095,-3.2841],[-80.003,-3.2841],[-80.0008,-3.2804],[-79.9979,-3.2796],[-79.9924,-3.2864],[-79.9847,-3.2733],[-79.9884,-3.2859],[-79.9926,-3.288],[-79.9988,-3.2803],[-80.0032,-3.2853],[-80.0084,-3.2858],[-80.0148,-3.2957],[-80.0208,-3.297],[-80.0235,-3.3024],[-80.0228,-3.3084],[-80.0069,-3.3212],[-80.0069,-3.3322],[-80.0029,-3.336],[-80.0053,-3.3401],[-80.0022,-3.3435],[-80.0022,-3.3455],[-80.0059,-3.3418],[-80.0061,-3.3398],[-80.0036,-3.3367],[-80.008,-3.3322],[-80.0078,-3.3231],[-80.0131,-3.317],[-80.0214,-3.3129],[-80.0289,-3.3126],[-80.0304,-3.3153],[-80.0309,-3.3304],[-80.0339,-3.3477],[-80.0212,-3.3586],[-80.0138,-3.3634],[-80.0093,-3.3631],[-80.0057,-3.3694],[-79.9914,-3.3659],[-79.9817,-3.3712],[-79.9826,-3.3794],[-79.9845,-3.3732],[-79.9926,-3.3672],[-80.0049,-3.3713],[-80.0092,-3.3642],[-80.0129,-3.3648],[-80.02,-3.3616],[-80.0177,-3.3691],[-80.0148,-3.3717],[-80.0088,-3.3707],[-80,-3.3842],[-79.9947,-3.3883],[-79.9952,-3.3908],[-80.008,-3.4019],[-80.0056,-3.4051],[-79.9986,-3.4044],[-79.9899,-3.4117],[-79.9874,-3.4063],[-79.9873,-3.4131],[-79.9898,-3.4136],[-79.9842,-3.4234],[-79.9833,-3.4301],[-79.9796,-3.4285],[-79.9757,-3.4334],[-79.9616,-3.4354],[-79.9548,-3.4338],[-79.9474,-3.4288],[-79.9396,-3.4332],[-79.9354,-3.4329],[-79.9258,-3.4275],[-79.9191,-3.431],[-79.9125,-3.4263],[-79.9073,-3.4119],[-79.8994,-3.4021],[-79.9004,-3.3979],[-79.8979,-3.3873],[-79.8839,-3.3823],[-79.8971,-3.3691],[-79.8884,-3.3588],[-79.8895,-3.3549],[-79.8862,-3.3472],[-79.8757,-3.3461],[-79.8687,-3.339],[-79.8636,-3.3394]]]},"properties":{"poblacion":245972,"dpa_descan":"MACHALA","dpa_provin":"07","dpa_despro":"EL ORO","dpa_canton":"0701"}},
{"type":"Feature","geometry":{"type":"Polygon","coordinates":[[[-80.0282,-3.4099],[-80.0351,-3.4041],[-80.0335,-3.3985],[-80.0371,-3.3982],[-80.042,-3.3933],[-80.0476,-3.3962],[-80.0583,-3.3954],[-80.0595,-3.4071],[-80.0648,-3.4182],[-80.0745,-3.4211],[-80.0901,-3.4221],[-80.0982,-3.4246],[-80.115,-3.422],[-80.1229,-3.4265],[-80.1223,-3.4313],[-80.1285,-3.4334],[-80.1319,-3.4326],[-80.128,-3.438],[-80.1329,-3.4402],[-80.1315,-3.4415],[-80.1314,-3.4416],[-80.1304,-3.4426],[-80.1275,-3.4429],[-80.1271,-3.4437],[-80.1281,-3.4446],[-80.1308,-3.4446],[-80.1285,-3.4469],[-80.1299,-3.4528],[-80.125,-3.4582],[-80.1274,-3.4676],[-80.1351,-3.47],[-80.1478,-3.4672],[-80.1686,-3.4756],[-80.2009,-3.491],[-80.2099,-3.4961],[-80.215,-3.4966],[-80.2161,-3.5003],[-80.2149,-3.5026],[-80.2178,-3.5112],[-80.2114,-3.52],[-80.2156,-3.5254],[-80.2114,-3.5265],[-80.2067,-3.5346],[-80.2111,-3.5401],[-80.2079,-3.5441],[-80.208,-3.55],[-80.2143,-3.5674],[-80.2131,-3.5703],[-80.2188,-3.5751],[-80.2134,-3.5902],[-80.2066,-3.5939],[-80.2021,-3.5922],[-80.2,-3.592],[-80.1897,-3.5983],[-80.1887,-3.6014],[-80.192,-3.6074],[-80.1911,-3.6134],[-80.1973,-3.6176],[-80.1946,-3.626],[-80.1902,-3.626],[-80.1877,-3.6301],[-80.1856,-3.6476],[-80.1878,-3.6585],[-80.187,-3.669],[-80.1931,-3.674],[-80.1903,-3.6779],[-80.1949,-3.6806],[-80.1996,-3.6879],[-80.195,-3.7012],[-80.194,-3.7085],[-80.1853,-3.7157],[-80.1855,-3.7214],[-80.1803,-3.7276],[-80.1829,-3.7298],[-80.1804,-3.7356],[-80.1849,-3.7349],[-80.1807,-3.739],[-80.1888,-3.7428],[-80.1833,-3.7494],[-80.1924,-3.7489],[-80.1891,-3.7521],[-80.1928,-3.7539],[-80.189,-3.7626],[-80.1929,-3.7741],[-80.1687,-3.7741],[-80.1525,-3.7674],[-80.1431,-3.7728],[-80.1397,-3.7819],[-80.1235,-3.7818],[-80.1211,-3.7745],[-80.1143,-3.7638],[-80.1125,-3.758],[-80.1154,-3.7544],[-80.1041,-3.7535],[-80.0951,-3.7482],[-80.0927,-3.7429],[-80.0825,-3.7391],[-80.0786,-3.7361],[-80.076,-3.7383],[-80.0585,-3.7327],[-80.0579,-3.7207],[-80.0433,-3.7187],[-80.0404,-3.7226],[-80.0266,-3.7181],[-80.0293,-3.7137],[-80.0237,-3.709],[-80.0165,-3.7098],[-80.016,-3.7172],[-80.0092,-3.7152],[-80.0031,-3.7105],[-79.9997,-3.712],[-79.9766,-3.712],[-79.9715,-3.7187],[-79.9646,-3.723],[-79.954,-3.711],[-79.9535,-3.7063],[-79.953,-3.6975],[-79.9436,-3.6815],[-79.9339,-3.6774],[-79.9306,-3.665],[-79.9323,-3.6561],[-79.9381,-3.6509],[-79.9363,-3.6482],[-79.9384,-3.6349],[-79.9411,-3.6336],[-79.9398,-3.627],[-79.9484,-3.6256],[-79.951,-3.6199],[-79.9447,-3.6156],[-79.9512,-3.6119],[-79.9486,-3.605],[-79.9539,-3.5969],[-79.9661,-3.6002],[-79.97,-3.603],[-79.9909,-3.602],[-79.9869,-3.5946],[-79.9865,-3.5892],[-79.9802,-3.5852],[-79.9786,-3.573],[-79.9806,-3.5719],[-79.9907,-3.5727],[-79.999,-3.5668],[-80.0022,-3.5697],[-80.0109,-3.5683],[-80.0215,-3.5632],[-80.0191,-3.5558],[-80.0271,-3.5478],[-80.0316,-3.5346],[-80.0268,-3.5259],[-80.0216,-3.5241],[-80.0181,-3.5199],[-80.0209,-3.5143],[-80.0163,-3.5083],[-80.018,-3.4912],[-80.0116,-3.4861],[-80.0123,-3.4766],[-80.0143,-3.4756],[-80.0128,-3.4678],[-80.0167,-3.4593],[-80.0162,-3.4535],[-80.0251,-3.4378],[-80.0276,-3.4167],[-80.033,-3.4156],[-80.0282,-3.4099]]]},"properties":{"poblacion":26844,"dpa_descan":"ARENILLAS","dpa_provin":"07","dpa_despro":"EL ORO","dpa_canton":"0702"}},
{"type":"Feature","geometry":{"type":"Polygon","coordinates":[[[-79.8641,-2.0167],[-79.8665,-2.0152],[-79.8653,-2.0003],[-79.8794,-1.9628],[-79.8755,-1.9553],[-79.8675,-1.9458],[-79.8659,-1.9418],[-79.8597,-1.9365],[-79.8493,-1.9204],[-79.8449,-1.9175],[-79.8457,-1.9071],[-79.8434,-1.9026],[-79.8518,-1.8987],[-79.8577,-1.8885],[-79.8575,-1.8804],[-79.8624,-1.8734],[-79.8607,-1.8519],[-79.8659,-1.8486],[-79.8709,-1.8421],[-79.8693,-1.8335],[-79.8614,-1.8269],[-79.8627,-1.8244],[-79.87,-1.8229],[-79.8786,-1.8268],[-79.8852,-1.8264],[-79.8911,-1.8152],[-79.8956,-1.8145],[-79.8959,-1.809],[-79.9039,-1.8018],[-79.9024,-1.7984],[-79.9059,-1.7932],[-79.905,-1.7875],[-79.9083,-1.783],[-79.9049,-1.7776],[-79.9003,-1.7752],[-79.9241,-1.7746],[-79.9244,-1.7815],[-79.9279,-1.7774],[-79.9379,-1.7779],[-79.9455,-1.7859],[-79.9571,-1.79],[-79.9678,-1.7863],[-79.9723,-1.782],[-79.9847,-1.7817],[-79.9868,-1.7843],[-79.9962,-1.7874],[-80.0151,-1.787],[-80.0191,-1.7945],[-80.0235,-1.7898],[-80.0274,-1.7919],[-80.0317,-1.7988],[-80.0336,-1.7932],[-80.0417,-1.7899],[-80.0413,-1.785],[-80.0481,-1.7839],[-80.0505,-1.7875],[-80.0562,-1.7937],[-80.0618,-1.8101],[-80.0679,-1.8212],[-80.0639,-1.8315],[-80.0629,-1.8383],[-80.0568,-1.8417],[-80.0509,-1.8419],[-80.0485,-1.8467],[-80.048,-1.8576],[-80.0576,-1.853],[-80.0594,-1.866],[-80.0636,-1.8699],[-80.0633,-1.8736],[-80.0577,-1.8747],[-80.0577,-1.8777],[-80.0503,-1.8762],[-80.0491,-1.881],[-80.0451,-1.8789],[-80.0382,-1.8852],[-80.0335,-1.8809],[-80.0272,-1.8886],[-80.0224,-1.8921],[-80.0096,-1.8851],[-80.01,-1.8875],[-80.0021,-1.8849],[-79.9945,-1.8909],[-79.9973,-1.8993],[-80.0045,-1.9025],[-80.0042,-1.9069],[-79.9986,-1.9073],[-79.9912,-1.9036],[-79.9886,-1.9074],[-79.9933,-1.9111],[-80.0093,-1.9185],[-80.0038,-1.9211],[-79.9983,-1.9281],[-80.0081,-1.9374],[-80.0091,-1.9407],[-80.0018,-1.9432],[-80.0026,-1.9494],[-79.9975,-1.9603],[-80.0008,-1.9676],[-80.0077,-1.9683],[-80.0074,-1.9717],[-80.0016,-1.9772],[-79.9964,-1.9771],[-79.9927,-1.9649],[-79.9906,-1.9623],[-79.9854,-1.9668],[-79.9805,-1.9724],[-79.9844,-1.9794],[-79.9698,-1.9836],[-79.9671,-1.9888],[-79.9654,-1.9992],[-79.9568,-2.0059],[-79.9572,-2.0118],[-79.9511,-2.0198],[-79.9479,-2.0206],[-79.9394,-2.0165],[-79.937,-2.0186],[-79.9383,-2.0297],[-79.9319,-2.0381],[-79.93,-2.0431],[-79.9328,-2.0464],[-79.9384,-2.0475],[-79.9386,-2.0613],[-79.9362,-2.0649],[-79.9282,-2.0638],[-79.9086,-2.0528],[-79.8977,-2.0564],[-79.8865,-2.055],[-79.8831,-2.0606],[-79.875,-2.0644],[-79.8655,-2.0586],[-79.8608,-2.0332],[-79.8647,-2.0241],[-79.8641,-2.0167]]]},"properties":{"poblacion":120326,"dpa_descan":"DAULE","dpa_provin":"09","dpa_despro":"GUAYAS","dpa_canton":"0906"}},
{"type":"Feature","geometry":{"type":"MultiPolygon","coordinates":[[[[-79.8466,-2.1954],[-79.8595,-2.196],[-79.8658,-2.2001],[-79.8791,-2.2195],[-79.8756,-2.2258],[-79.8676,-2.233],[-79.8612,-2.2427],[-79.8531,-2.2518],[-79.8464,-2.2549],[-79.8401,-2.2549],[-79.8386,-2.2487],[-79.8393,-2.2309],[-79.8343,-2.2132],[-79.836,-2.2061],[-79.8417,-2.1985],[-79.8466,-2.1954]]],[[[-79.7661,-2.1455],[-79.78,-2.156],[-79.79,-2.1506],[-79.7938,-2.1426],[-79.7934,-2.137],[-79.7994,-2.1361],[-79.8029,-2.1393],[-79.8085,-2.1348],[-79.8179,-2.131],[-79.8204,-2.1275],[-79.8182,-2.1169],[-79.819,-2.1105],[-79.8161,-2.1074],[-79.8176,-2.1],[-79.8377,-2.0946],[-79.8443,-2.0958],[-79.8444,-2.1197],[-79.8406,-2.1273],[-79.8389,-2.1385],[-79.8417,-2.1529],[-79.8458,-2.1621],[-79.8539,-2.1691],[-79.8601,-2.1802],[-79.8566,-2.1882],[-79.8448,-2.1884],[-79.8394,-2.1927],[-79.8287,-2.2094],[-79.8267,-2.2187],[-79.8271,-2.2323],[-79.8299,-2.2443],[-79.8278,-2.2755],[-79.8307,-2.289],[-79.8298,-2.2992],[-79.8245,-2.3391],[-79.8188,-2.3379],[-79.8131,-2.3328],[-79.8014,-2.3279],[-79.7819,-2.3261],[-79.7823,-2.3212],[-79.7751,-2.3247],[-79.7751,-2.3315],[-79.7723,-2.3328],[-79.7712,-2.3328],[-79.7709,-2.3328],[-79.7714,-2.3314],[-79.7707,-2.33],[-79.7696,-2.3296],[-79.7694,-2.331],[-79.7647,-2.3288],[-79.7626,-2.3287],[-79.7625,-2.3287],[-79.76,-2.3258],[-79.7568,-2.3253],[-79.7536,-2.3213],[-79.7491,-2.3174],[-79.7479,-2.3175],[-79.7477,-2.3174],[-79.7455,-2.3151],[-79.7454,-2.3151],[-79.7452,-2.3151],[-79.7417,-2.3166],[-79.7321,-2.309],[-79.7328,-2.3031],[-79.7269,-2.2995],[-79.7267,-2.2963],[-79.717,-2.2958],[-79.7151,-2.2882],[-79.7115,-2.291],[-79.697,-2.2875],[-79.6797,-2.2776],[-79.6794,-2.2713],[-79.6938,-2.2711],[-79.6904,-2.2388],[-79.7032,-2.2357],[-79.6999,-2.2169],[-79.6984,-2.2132],[-79.7031,-2.1978],[-79.7019,-2.1921],[-79.7097,-2.1891],[-79.7147,-2.1905],[-79.7234,-2.1981],[-79.7482,-2.1699],[-79.7661,-2.1455]]]]},"properties":{"poblacion":235769,"dpa_descan":"DURAN","dpa_provin":"09","dpa_despro":"GUAYAS","dpa_canton":"0907"}},
{"type":"Feature","geometry":{"type":"Polygon","coordinates":[[[-79.5873,-1.0681],[-79.5854,-1.0695],[-79.5762,-1.0668],[-79.5734,-1.0638],[-79.5662,-1.0674],[-79.562,-1.063],[-79.5592,-1.0656],[-79.554,-1.0611],[-79.5529,-1.0644],[-79.5481,-1.0613],[-79.5483,-1.0578],[-79.5406,-1.0579],[-79.5352,-1.0505],[-79.5325,-1.0437],[-79.5327,-1.0305],[-79.5386,-1.0242],[-79.5367,-1.0218],[-79.5402,-1.0171],[-79.5365,-1.0112],[-79.5323,-1.0121],[-79.5253,-1.0077],[-79.5259,-1.0013],[-79.5236,-0.9955],[-79.5283,-0.9886],[-79.5237,-0.9841],[-79.5256,-0.9795],[-79.5214,-0.9739],[-79.5165,-0.9737],[-79.5149,-0.9697],[-79.5089,-0.9687],[-79.5068,-0.9613],[-79.5072,-0.9448],[-79.5172,-0.9353],[-79.5217,-0.9263],[-79.5273,-0.9199],[-79.5276,-0.9139],[-79.524,-0.9086],[-79.5186,-0.8915],[-79.5191,-0.8858],[-79.5127,-0.8751],[-79.5116,-0.8643],[-79.5096,-0.8639],[-79.5051,-0.8543],[-79.5054,-0.8477],[-79.5031,-0.8392],[-79.5135,-0.8482],[-79.5197,-0.8515],[-79.5249,-0.8614],[-79.5272,-0.8564],[-79.536,-0.8449],[-79.5325,-0.8383],[-79.5377,-0.8365],[-79.5415,-0.8386],[-79.5409,-0.8445],[-79.5431,-0.8489],[-79.5469,-0.8398],[-79.5506,-0.8424],[-79.5581,-0.8417],[-79.5645,-0.8465],[-79.5697,-0.847],[-79.5763,-0.8442],[-79.5836,-0.8485],[-79.594,-0.8514],[-79.5951,-0.855],[-79.6006,-0.859],[-79.6074,-0.8533],[-79.6092,-0.8574],[-79.6212,-0.8609],[-79.6264,-0.8579],[-79.6245,-0.8622],[-79.6273,-0.8654],[-79.6243,-0.8694],[-79.6239,-0.876],[-79.6278,-0.8734],[-79.6296,-0.8774],[-79.6334,-0.8769],[-79.637,-0.881],[-79.6443,-0.8814],[-79.6485,-0.8861],[-79.6529,-0.8971],[-79.6627,-0.9035],[-79.6675,-0.8971],[-79.6712,-0.8956],[-79.6701,-0.8916],[-79.6793,-0.893],[-79.6766,-0.8992],[-79.6808,-0.8988],[-79.6846,-0.9032],[-79.69,-0.9023],[-79.6894,-0.8955],[-79.6958,-0.8979],[-79.6996,-0.9042],[-79.7059,-0.9028],[-79.7041,-0.8963],[-79.6987,-0.8905],[-79.6997,-0.8866],[-79.7051,-0.8832],[-79.7102,-0.8834],[-79.7146,-0.8788],[-79.7156,-0.8857],[-79.7183,-0.8866],[-79.7247,-0.8819],[-79.7309,-0.8844],[-79.7371,-0.8917],[-79.7371,-0.9006],[-79.7395,-0.9058],[-79.747,-0.915],[-79.744,-0.9212],[-79.7533,-0.9235],[-79.7537,-0.9306],[-79.7702,-0.9457],[-79.7734,-0.9549],[-79.7746,-0.9635],[-79.7733,-0.9717],[-79.7747,-0.9802],[-79.7815,-0.9821],[-79.787,-0.9775],[-79.7942,-0.9799],[-79.8005,-0.9897],[-79.8003,-0.9955],[-79.7966,-1.0021],[-79.804,-1.0086],[-79.8005,-1.0153],[-79.7999,-1.022],[-79.8045,-1.0316],[-79.8095,-1.0307],[-79.8124,-1.0333],[-79.8127,-1.0461],[-79.8166,-1.0506],[-79.8296,-1.0487],[-79.8333,-1.0501],[-79.8366,-1.0565],[-79.835,-1.0604],[-79.8405,-1.0732],[-79.836,-1.0827],[-79.8306,-1.0887],[-79.8357,-1.0947],[-79.8252,-1.1139],[-79.8158,-1.1139],[-79.8115,-1.1215],[-79.8021,-1.1216],[-79.8017,-1.125],[-79.7962,-1.1256],[-79.7889,-1.1083],[-79.7824,-1.1091],[-79.776,-1.1204],[-79.7596,-1.1112],[-79.7588,-1.116],[-79.7536,-1.1157],[-79.7459,-1.1075],[-79.7454,-1.0996],[-79.7417,-1.0972],[-79.7364,-1.092],[-79.7357,-1.0814],[-79.7271,-1.0812],[-79.7306,-1.088],[-79.7239,-1.0967],[-79.7186,-1.0992],[-79.7014,-1.0893],[-79.6919,-1.087],[-79.674,-1.0985],[-79.6725,-1.1033],[-79.6629,-1.1105],[-79.6614,-1.1146],[-79.6509,-1.1145],[-79.6412,-1.1081],[-79.6427,-1.1039],[-79.6406,-1.0932],[-79.636,-1.0879],[-79.6323,-1.0873],[-79.623,-1.0788],[-79.6205,-1.0679],[-79.6166,-1.0639],[-79.6086,-1.0655],[-79.6098,-1.0682],[-79.6018,-1.0699],[-79.5998,-1.0727],[-79.5873,-1.0681]]]},"properties":{"poblacion":74451,"dpa_descan":"EMPALME","dpa_provin":"09","dpa_despro":"GUAYAS","dpa_canton":"0908"}},
{"type":"Feature","geometry":{"type":"Polygon","coordinates":[[[-79.2547,-2.2175],[-79.2575,-2.2204],[-79.265,-2.2208],[-79.2697,-2.231],[-79.2685,-2.2368],[-79.2704,-2.2575],[-79.2745,-2.2671],[-79.2741,-2.2802],[-79.2802,-2.2833],[-79.2821,-2.2818],[-79.2909,-2.2848],[-79.2944,-2.2761],[-79.3039,-2.2724],[-79.3132,-2.272],[-79.316,-2.2672],[-79.3148,-2.2638],[-79.3204,-2.264],[-79.3261,-2.2608],[-79.33,-2.2636],[-79.3315,-2.2601],[-79.339,-2.257],[-79.3434,-2.2573],[-79.3443,-2.2658],[-79.35,-2.2724],[-79.3609,-2.2793],[-79.3676,-2.2756],[-79.3793,-2.2751],[-79.3848,-2.2789],[-79.3941,-2.2786],[-79.3973,-2.2843],[-79.4035,-2.2874],[-79.41,-2.2852],[-79.4123,-2.2893],[-79.4244,-2.2925],[-79.4272,-2.297],[-79.4363,-2.298],[-79.4689,-2.2975],[-79.4767,-2.2951],[-79.493,-2.296],[-79.4962,-2.2877],[-79.5038,-2.2853],[-79.5039,-2.2819],[-79.5165,-2.2768],[-79.522,-2.2718],[-79.5255,-2.2676],[-79.5334,-2.2668],[-79.5355,-2.2606],[-79.5407,-2.2619],[-79.5566,-2.2543],[-79.5602,-2.2604],[-79.5637,-2.2607],[-79.568,-2.2686],[-79.5743,-2.2699],[-79.5799,-2.2676],[-79.5802,-2.278],[-79.574,-2.2802],[-79.5707,-2.284],[-79.5577,-2.2889],[-79.5625,-2.2977],[-79.5723,-2.2971],[-79.5775,-2.2912],[-79.595,-2.2932],[-79.5975,-2.3046],[-79.6013,-2.3082],[-79.6111,-2.3087],[-79.617,-2.305],[-79.6211,-2.3055],[-79.62,-2.3144],[-79.6141,-2.3131],[-79.6094,-2.3193],[-79.6036,-2.3192],[-79.5871,-2.3253],[-79.5858,-2.3317],[-79.5763,-2.3377],[-79.5577,-2.3348],[-79.54,-2.329],[-79.5312,-2.3356],[-79.5269,-2.3351],[-79.5151,-2.3407],[-79.5089,-2.3499],[-79.5007,-2.3475],[-79.4982,-2.3441],[-79.4938,-2.3461],[-79.4907,-2.3584],[-79.4796,-2.3587],[-79.4772,-2.3612],[-79.4677,-2.3592],[-79.4621,-2.3636],[-79.4566,-2.3619],[-79.4482,-2.3688],[-79.4368,-2.3703],[-79.4337,-2.3735],[-79.4306,-2.3589],[-79.42,-2.3592],[-79.4161,-2.3365],[-79.4095,-2.3406],[-79.4013,-2.3429],[-79.3987,-2.3542],[-79.3916,-2.3588],[-79.3826,-2.3571],[-79.3813,-2.3596],[-79.3747,-2.358],[-79.3662,-2.3601],[-79.3586,-2.3631],[-79.3486,-2.3577],[-79.3489,-2.3557],[-79.3377,-2.3451],[-79.3323,-2.3459],[-79.327,-2.3402],[-79.3198,-2.3414],[-79.3172,-2.3357],[-79.3123,-2.3361],[-79.3082,-2.3286],[-79.302,-2.3264],[-79.3011,-2.3205],[-79.2915,-2.3163],[-79.2848,-2.3192],[-79.2801,-2.3165],[-79.2597,-2.3113],[-79.2547,-2.3084],[-79.2319,-2.3132],[-79.2276,-2.316],[-79.2237,-2.3142],[-79.2158,-2.315],[-79.2089,-2.3128],[-79.1978,-2.3101],[-79.1863,-2.3052],[-79.1753,-2.3033],[-79.1757,-2.2984],[-79.1729,-2.2848],[-79.1685,-2.2757],[-79.1638,-2.27],[-79.1563,-2.2569],[-79.1519,-2.2526],[-79.1474,-2.2374],[-79.1416,-2.2335],[-79.1423,-2.2169],[-79.141,-2.2131],[-79.1558,-2.2116],[-79.1627,-2.2143],[-79.1698,-2.2145],[-79.2085,-2.2108],[-79.2131,-2.2127],[-79.2211,-2.2101],[-79.2332,-2.2119],[-79.2439,-2.2197],[-79.2547,-2.2175]]]},"properties":{"poblacion":44778,"dpa_descan":"EL TRIUNFO","dpa_provin":"09","dpa_despro":"GUAYAS","dpa_canton":"0909"}},
{"type":"Feature","geometry":{"type":"Polygon","coordinates":[[[-79.5206,-2.0131],[-79.5255,-2.009],[-79.5248,-1.9997],[-79.5204,-1.975],[-79.5198,-1.9672],[-79.5397,-1.9992],[-79.5589,-2.0289],[-79.5663,-2.0257],[-79.5764,-2.0176],[-79.6044,-1.9882],[-79.6186,-2.0161],[-79.6234,-2.027],[-79.6394,-2.0599],[-79.6452,-2.067],[-79.6386,-2.0737],[-79.6368,-2.0843],[-79.6278,-2.091],[-79.6344,-2.1005],[-79.6434,-2.1054],[-79.6513,-2.1149],[-79.6549,-2.1223],[-79.6602,-2.1388],[-79.6708,-2.1427],[-79.6787,-2.1416],[-79.6869,-2.1435],[-79.6857,-2.1494],[-79.6811,-2.1481],[-79.6807,-2.1516],[-79.6744,-2.1568],[-79.6666,-2.16],[-79.656,-2.1572],[-79.6568,-2.1619],[-79.6533,-2.1611],[-79.6498,-2.1658],[-79.6384,-2.1701],[-79.6351,-2.1765],[-79.6242,-2.1787],[-79.6198,-2.1844],[-79.6047,-2.2055],[-79.5978,-2.203],[-79.5915,-2.2072],[-79.5905,-2.2211],[-79.5854,-2.22],[-79.5793,-2.2244],[-79.5647,-2.2291],[-79.5574,-2.2325],[-79.5454,-2.2325],[-79.5356,-2.2444],[-79.5319,-2.2428],[-79.5205,-2.2451],[-79.5178,-2.2401],[-79.5139,-2.2395],[-79.5106,-2.2365],[-79.5049,-2.2371],[-79.5024,-2.2313],[-79.4976,-2.2295],[-79.4988,-2.1535],[-79.4869,-2.154],[-79.48,-2.1493],[-79.4701,-2.1509],[-79.4623,-2.156],[-79.4573,-2.1547],[-79.4575,-2.1225],[-79.4618,-2.1193],[-79.4596,-2.1063],[-79.4482,-2.1037],[-79.4498,-2.0994],[-79.4565,-2.1007],[-79.4663,-2.1124],[-79.4692,-2.111],[-79.4683,-2.1031],[-79.4688,-2.0869],[-79.4704,-2.0742],[-79.4753,-2.07],[-79.4743,-2.0625],[-79.487,-2.057],[-79.4929,-2.0528],[-79.5036,-2.0498],[-79.512,-2.0405],[-79.5196,-2.0364],[-79.5232,-2.0371],[-79.5206,-2.0131]]]},"properties":{"poblacion":166634,"dpa_descan":"MILAGRO","dpa_provin":"09","dpa_despro":"GUAYAS","dpa_canton":"0910"}},
{"type":"Feature","geometry":{"type":"MultiPolygon","coordinates":[[[[-79.4803,-2.6366],[-79.4749,-2.6365],[-79.4692,-2.642],[-79.4662,-2.6294],[-79.4715,-2.6208],[-79.4652,-2.6209],[-79.4697,-2.6129],[-79.4705,-2.6053],[-79.4733,-2.6031],[-79.4699,-2.5958],[-79.4638,-2.5987],[-79.4578,-2.5985],[-79.4452,-2.6032],[-79.4454,-2.5987],[-79.4363,-2.6035],[-79.4262,-2.6062],[-79.4218,-2.6095],[-79.4118,-2.6088],[-79.422,-2.5994],[-79.4308,-2.5819],[-79.4277,-2.5783],[-79.4253,-2.564],[-79.4158,-2.5568],[-79.4262,-2.5496],[-79.4209,-2.5303],[-79.4276,-2.5263],[-79.4293,-2.5104],[-79.4267,-2.4988],[-79.4322,-2.5007],[-79.4375,-2.4996],[-79.447,-2.5044],[-79.4546,-2.4982],[-79.4617,-2.5007],[-79.4672,-2.5073],[-79.4742,-2.509],[-79.4734,-2.5123],[-79.4791,-2.5136],[-79.4821,-2.5228],[-79.4884,-2.5251],[-79.4889,-2.529],[-79.4952,-2.5285],[-79.4988,-2.5329],[-79.5009,-2.5259],[-79.5123,-2.525],[-79.517,-2.5266],[-79.5204,-2.5223],[-79.5158,-2.5195],[-79.5312,-2.4997],[-79.5202,-2.4914],[-79.5144,-2.4903],[-79.5117,-2.4844],[-79.5021,-2.4778],[-79.4878,-2.4702],[-79.48,-2.4674],[-79.4672,-2.4473],[-79.4606,-2.439],[-79.4346,-2.4015],[-79.4186,-2.3781],[-79.4263,-2.3804],[-79.4318,-2.3785],[-79.4337,-2.3735],[-79.4368,-2.3703],[-79.4482,-2.3688],[-79.4566,-2.3619],[-79.4621,-2.3636],[-79.4677,-2.3592],[-79.4772,-2.3612],[-79.4796,-2.3587],[-79.4907,-2.3584],[-79.4938,-2.3461],[-79.4982,-2.3441],[-79.5007,-2.3475],[-79.5089,-2.3499],[-79.5151,-2.3407],[-79.5269,-2.3351],[-79.5312,-2.3356],[-79.54,-2.329],[-79.5577,-2.3348],[-79.5763,-2.3377],[-79.5858,-2.3317],[-79.5871,-2.3253],[-79.6036,-2.3192],[-79.6094,-2.3193],[-79.6141,-2.3131],[-79.62,-2.3144],[-79.6211,-2.3055],[-79.631,-2.3056],[-79.6387,-2.2983],[-79.6479,-2.2991],[-79.6587,-2.3016],[-79.6645,-2.297],[-79.6667,-2.2999],[-79.6751,-2.2999],[-79.6822,-2.302],[-79.6875,-2.2989],[-79.6942,-2.3009],[-79.702,-2.2971],[-79.715,-2.3044],[-79.7243,-2.3038],[-79.7321,-2.309],[-79.7417,-2.3166],[-79.7452,-2.3151],[-79.7474,-2.3175],[-79.7494,-2.3177],[-79.7568,-2.3256],[-79.7597,-2.3261],[-79.7619,-2.3285],[-79.7625,-2.3287],[-79.7626,-2.3287],[-79.765,-2.3294],[-79.7695,-2.3315],[-79.7698,-2.3302],[-79.771,-2.3308],[-79.77,-2.3323],[-79.7706,-2.3331],[-79.7725,-2.3334],[-79.7718,-2.3374],[-79.7771,-2.341],[-79.7771,-2.3474],[-79.7799,-2.3504],[-79.7845,-2.3512],[-79.7835,-2.353],[-79.7811,-2.3549],[-79.7765,-2.3561],[-79.7775,-2.3612],[-79.7812,-2.3643],[-79.7764,-2.3657],[-79.7766,-2.3699],[-79.7829,-2.3754],[-79.7774,-2.3783],[-79.7795,-2.3821],[-79.7757,-2.3872],[-79.7767,-2.4007],[-79.7723,-2.4034],[-79.7713,-2.4049],[-79.7722,-2.4071],[-79.7772,-2.4119],[-79.7719,-2.4176],[-79.7681,-2.4271],[-79.7731,-2.433],[-79.7766,-2.4341],[-79.7775,-2.4392],[-79.7718,-2.4501],[-79.7591,-2.4604],[-79.7522,-2.4615],[-79.7469,-2.4653],[-79.7467,-2.4697],[-79.7502,-2.4799],[-79.7505,-2.4852],[-79.7434,-2.4965],[-79.7425,-2.5018],[-79.7448,-2.5094],[-79.752,-2.5182],[-79.7442,-2.5125],[-79.7353,-2.5115],[-79.7338,-2.5038],[-79.7356,-2.4911],[-79.7304,-2.4871],[-79.7202,-2.4888],[-79.7169,-2.4877],[-79.7203,-2.4743],[-79.7065,-2.4628],[-79.7014,-2.4495],[-79.6976,-2.4467],[-79.6922,-2.447],[-79.6918,-2.4396],[-79.6865,-2.4305],[-79.6902,-2.4403],[-79.6903,-2.4463],[-79.6925,-2.4488],[-79.6928,-2.4517],[-79.6886,-2.4517],[-79.6857,-2.4531],[-79.6835,-2.4558],[-79.6824,-2.4539],[-79.684,-2.4539],[-79.6853,-2.4514],[-79.685,-2.4507],[-79.6825,-2.4517],[-79.6808,-2.4483],[-79.68,-2.4478],[-79.673,-2.4473],[-79.6778,-2.4517],[-79.6797,-2.4508],[-79.6803,-2.4484],[-79.6821,-2.4519],[-79.685,-2.4514],[-79.6838,-2.4534],[-79.6826,-2.4534],[-79.6817,-2.4549],[-79.6829,-2.456],[-79.6842,-2.4559],[-79.6876,-2.4522],[-79.692,-2.4533],[-79.6934,-2.4521],[-79.6937,-2.449],[-79.6994,-2.4495],[-79.7041,-2.4624],[-79.709,-2.4682],[-79.716,-2.4721],[-79.7177,-2.4772],[-79.7137,-2.4835],[-79.7136,-2.4879],[-79.7184,-2.4934],[-79.7316,-2.4908],[-79.7282,-2.501],[-79.6994,-2.486],[-79.6928,-2.4862],[-79.685,-2.48],[-79.691,-2.4869],[-79.6991,-2.4875],[-79.7167,-2.4966],[-79.7234,-2.5013],[-79.707,-2.5114],[-79.6858,-2.5069],[-79.6755,-2.5019],[-79.6671,-2.5007],[-79.6726,-2.5022],[-79.6851,-2.5082],[-79.6819,-2.5148],[-79.6734,-2.5171],[-79.6696,-2.5237],[-79.6765,-2.5179],[-79.6835,-2.5158],[-79.6871,-2.5089],[-79.6899,-2.5086],[-79.7021,-2.5128],[-79.7014,-2.5201],[-79.6935,-2.5228],[-79.6929,-2.5263],[-79.7032,-2.5324],[-79.7012,-2.5391],[-79.6946,-2.5469],[-79.6959,-2.5567],[-79.6981,-2.5595],[-79.716,-2.5605],[-79.7201,-2.5661],[-79.7166,-2.5684],[-79.7082,-2.5694],[-79.6999,-2.5726],[-79.6904,-2.5671],[-79.6806,-2.5548],[-79.679,-2.5449],[-79.6777,-2.5552],[-79.6842,-2.5647],[-79.6962,-2.5738],[-79.7036,-2.5745],[-79.7115,-2.5709],[-79.7206,-2.5707],[-79.7246,-2.5755],[-79.7238,-2.5808],[-79.718,-2.596],[-79.7177,-2.6098],[-79.7209,-2.617],[-79.728,-2.6274],[-79.7299,-2.6369],[-79.7368,-2.6456],[-79.7502,-2.6508],[-79.7672,-2.6536],[-79.7653,-2.6587],[-79.7723,-2.6593],[-79.7775,-2.6633],[-79.7816,-2.6788],[-79.7825,-2.6983],[-79.7799,-2.7068],[-79.7761,-2.7084],[-79.7734,-2.6966],[-79.7611,-2.6977],[-79.7608,-2.7026],[-79.7563,-2.7048],[-79.7527,-2.7002],[-79.7507,-2.7],[-79.7555,-2.7048],[-79.758,-2.7052],[-79.7611,-2.7031],[-79.7617,-2.6981],[-79.7722,-2.6972],[-79.7745,-2.7107],[-79.7775,-2.7119],[-79.7764,-2.7182],[-79.7817,-2.7161],[-79.7908,-2.718],[-79.7906,-2.7369],[-79.7883,-2.7398],[-79.7943,-2.7413],[-79.7952,-2.7514],[-79.7937,-2.7548],[-79.7978,-2.7597],[-79.7989,-2.7682],[-79.8035,-2.7793],[-79.8025,-2.7858],[-79.7946,-2.789],[-79.7936,-2.7903],[-79.7932,-2.7903],[-79.7894,-2.7902],[-79.759,-2.8111],[-79.7553,-2.8143],[-79.7219,-2.8187],[-79.7189,-2.8164],[-79.7135,-2.8176],[-79.7073,-2.8135],[-79.7088,-2.8108],[-79.7003,-2.8127],[-79.7015,-2.8086],[-79.6965,-2.8079],[-79.692,-2.8127],[-79.6914,-2.8088],[-79.6725,-2.8108],[-79.6723,-2.8223],[-79.6633,-2.8319],[-79.6576,-2.8343],[-79.6475,-2.8427],[-79.6418,-2.8437],[-79.6332,-2.8491],[-79.6473,-2.8308],[-79.6541,-2.8205],[-79.6593,-2.8189],[-79.651,-2.8176],[-79.6475,-2.8196],[-79.6371,-2.8155],[-79.6315,-2.8116],[-79.6299,-2.8065],[-79.626,-2.8047],[-79.6225,-2.7972],[-79.6095,-2.7916],[-79.6163,-2.7766],[-79.6215,-2.7747],[-79.6212,-2.7676],[-79.6251,-2.7611],[-79.6214,-2.76],[-79.6208,-2.7535],[-79.6174,-2.7511],[-79.6015,-2.7503],[-79.5972,-2.7469],[-79.5874,-2.7474],[-79.5784,-2.7439],[-79.5691,-2.7463],[-79.5637,-2.7443],[-79.5612,-2.739],[-79.5607,-2.7314],[-79.5571,-2.7372],[-79.5586,-2.7393],[-79.5505,-2.7406],[-79.5444,-2.7375],[-79.5406,-2.7395],[-79.5348,-2.7361],[-79.5279,-2.729],[-79.528,-2.726],[-79.5218,-2.7237],[-79.5176,-2.7189],[-79.5199,-2.7085],[-79.5252,-2.7025],[-79.516,-2.7055],[-79.506,-2.7049],[-79.5031,-2.702],[-79.4883,-2.702],[-79.4883,-2.693],[-79.4831,-2.6893],[-79.4961,-2.67],[-79.5019,-2.6631],[-79.5006,-2.6566],[-79.503,-2.6494],[-79.4962,-2.6488],[-79.4892,-2.6536],[-79.4804,-2.6536],[-79.4837,-2.6503],[-79.4789,-2.6425],[-79.4803,-2.6366]],[[-79.6668,-2.5007],[-79.6654,-2.4917],[-79.6647,-2.5001],[-79.6668,-2.5007]]],[[[-79.8245,-2.3391],[-79.8256,-2.3495],[-79.831,-2.3643],[-79.833,-2.3958],[-79.8293,-2.4009],[-79.8169,-2.4097],[-79.8099,-2.4226],[-79.8013,-2.4357],[-79.7973,-2.4472],[-79.7973,-2.4611],[-79.7947,-2.4857],[-79.7838,-2.4979],[-79.777,-2.5136],[-79.7725,-2.5202],[-79.7665,-2.5218],[-79.7591,-2.5202],[-79.7477,-2.5077],[-79.7452,-2.5033],[-79.7525,-2.488],[-79.7538,-2.482],[-79.7492,-2.4694],[-79.752,-2.464],[-79.7594,-2.4626],[-79.7654,-2.459],[-79.7741,-2.4504],[-79.7797,-2.4383],[-79.7774,-2.4325],[-79.7719,-2.4309],[-79.7695,-2.426],[-79.7725,-2.4187],[-79.7781,-2.4117],[-79.7778,-2.409],[-79.7722,-2.4057],[-79.777,-2.4019],[-79.7763,-2.3876],[-79.7811,-2.385],[-79.7783,-2.3785],[-79.7833,-2.377],[-79.7832,-2.3743],[-79.777,-2.3693],[-79.7821,-2.3642],[-79.7769,-2.3566],[-79.7806,-2.3558],[-79.7848,-2.3524],[-79.7849,-2.3509],[-79.7836,-2.3501],[-79.7778,-2.3478],[-79.7789,-2.3432],[-79.7761,-2.3395],[-79.7722,-2.3375],[-79.7728,-2.3338],[-79.7723,-2.3328],[-79.7751,-2.3315],[-79.7751,-2.3247],[-79.7823,-2.3212],[-79.7819,-2.3261],[-79.8014,-2.3279],[-79.8131,-2.3328],[-79.8188,-2.3379],[-79.8245,-2.3391]]],[[[-79.754,-2.5271],[-79.7466,-2.5244],[-79.7381,-2.517],[-79.7384,-2.5137],[-79.7431,-2.5136],[-79.7558,-2.5236],[-79.754,-2.5271]]],[[[-79.6974,-2.5571],[-79.6954,-2.5479],[-79.7013,-2.5405],[-79.7044,-2.5325],[-79.7027,-2.5298],[-79.6944,-2.5268],[-79.6947,-2.5229],[-79.7027,-2.5199],[-79.7031,-2.5144],[-79.7076,-2.5129],[-79.7221,-2.5043],[-79.7275,-2.504],[-79.7289,-2.5075],[-79.7278,-2.5374],[-79.7263,-2.5438],[-79.7202,-2.5531],[-79.7183,-2.5589],[-79.7153,-2.5596],[-79.6974,-2.5571]]]]},"properties":{"poblacion":69012,"dpa_descan":"NARANJAL","dpa_provin":"09","dpa_despro":"GUAYAS","dpa_canton":"0911"}},
{"type":"Feature","geometry":{"type":"Polygon","coordinates":[[[-79.4976,-2.2295],[-79.4889,-2.2286],[-79.4885,-2.2244],[-79.4779,-2.2248],[-79.467,-2.2286],[-79.4635,-2.2246],[-79.4597,-2.2277],[-79.4524,-2.2222],[-79.4391,-2.2061],[-79.4241,-2.2025],[-79.4209,-2.2049],[-79.4148,-2.2016],[-79.4121,-2.1974],[-79.3988,-2.1886],[-79.3952,-2.1929],[-79.3796,-2.1866],[-79.3669,-2.1854],[-79.3582,-2.1861],[-79.3543,-2.1832],[-79.3327,-2.1845],[-79.327,-2.1821],[-79.3166,-2.1853],[-79.3153,-2.1806],[-79.3098,-2.1791],[-79.3079,-2.1814],[-79.2976,-2.1829],[-79.2943,-2.1868],[-79.2869,-2.1867],[-79.2868,-2.1765],[-79.2823,-2.1641],[-79.2805,-2.1454],[-79.2839,-2.1399],[-79.2869,-2.141],[-79.288,-2.1355],[-79.2956,-2.1268],[-79.3071,-2.1269],[-79.3095,-2.1232],[-79.3182,-2.1245],[-79.3224,-2.1221],[-79.3262,-2.1238],[-79.3316,-2.1217],[-79.3318,-2.1168],[-79.3379,-2.1127],[-79.3354,-2.1083],[-79.3359,-2.1029],[-79.3415,-2.0986],[-79.3468,-2.0973],[-79.3486,-2.0927],[-79.3523,-2.0941],[-79.3564,-2.0859],[-79.366,-2.0877],[-79.3681,-2.0905],[-79.3823,-2.0852],[-79.3861,-2.0854],[-79.3935,-2.0915],[-79.4052,-2.0892],[-79.4062,-2.0915],[-79.4115,-2.0847],[-79.416,-2.0901],[-79.4122,-2.0981],[-79.4139,-2.1031],[-79.4106,-2.1066],[-79.4154,-2.1076],[-79.4168,-2.1123],[-79.4189,-2.1067],[-79.4245,-2.1081],[-79.4282,-2.1018],[-79.4301,-2.1037],[-79.4357,-2.1004],[-79.4322,-2.0955],[-79.4405,-2.0946],[-79.4406,-2.0975],[-79.4498,-2.0994],[-79.4482,-2.1037],[-79.4596,-2.1063],[-79.4618,-2.1193],[-79.4575,-2.1225],[-79.4573,-2.1547],[-79.4623,-2.156],[-79.4701,-2.1509],[-79.48,-2.1493],[-79.4869,-2.154],[-79.4988,-2.1535],[-79.4976,-2.2295]]]},"properties":{"poblacion":37186,"dpa_descan":"NARANJITO","dpa_provin":"09","dpa_despro":"GUAYAS","dpa_canton":"0912"}},
{"type":"Feature","geometry":{"type":"Polygon","coordinates":[[[-79.8748,-1.5419],[-79.8866,-1.5414],[-79.8889,-1.5434],[-79.8908,-1.5519],[-79.9091,-1.5527],[-79.9124,-1.5614],[-79.9119,-1.5696],[-79.9179,-1.5783],[-79.92,-1.587],[-79.9173,-1.5938],[-79.9406,-1.5935],[-79.9644,-1.5911],[-79.97,-1.6022],[-79.9769,-1.607],[-79.9763,-1.6107],[-79.9825,-1.6269],[-79.9865,-1.6268],[-79.9936,-1.616],[-79.997,-1.6181],[-79.9958,-1.6258],[-79.9993,-1.6323],[-80.0097,-1.6279],[-80.0118,-1.6295],[-80.0117,-1.6407],[-79.9932,-1.6518],[-79.9882,-1.6723],[-79.9613,-1.6926],[-79.97,-1.7012],[-79.9666,-1.7052],[-79.9501,-1.7009],[-79.9349,-1.7078],[-79.9248,-1.6985],[-79.9233,-1.6954],[-79.9208,-1.7015],[-79.9153,-1.7014],[-79.9105,-1.6963],[-79.8996,-1.7007],[-79.9,-1.7139],[-79.8961,-1.7142],[-79.8893,-1.7103],[-79.8877,-1.7173],[-79.8798,-1.7124],[-79.8744,-1.7155],[-79.8753,-1.7194],[-79.8707,-1.7194],[-79.8661,-1.7152],[-79.8607,-1.6987],[-79.8644,-1.686],[-79.8728,-1.6854],[-79.873,-1.6791],[-79.8781,-1.6768],[-79.8781,-1.6634],[-79.8746,-1.6635],[-79.866,-1.6548],[-79.8681,-1.6453],[-79.8634,-1.6438],[-79.8562,-1.6314],[-79.8609,-1.6208],[-79.8621,-1.6101],[-79.8661,-1.6099],[-79.8712,-1.6012],[-79.8657,-1.5978],[-79.8676,-1.5913],[-79.8646,-1.5838],[-79.8599,-1.5797],[-79.8535,-1.579],[-79.8562,-1.5691],[-79.8541,-1.5659],[-79.8595,-1.5623],[-79.8646,-1.5645],[-79.8658,-1.5561],[-79.87,-1.5581],[-79.8715,-1.5547],[-79.8682,-1.543],[-79.8748,-1.5419]]]},"properties":{"poblacion":16065,"dpa_descan":"PALESTINA","dpa_provin":"09","dpa_despro":"GUAYAS","dpa_canton":"0913"}},
{"type":"Feature","geometry":{"type":"Polygon","coordinates":[[[-80.3538,-1.723],[-80.3636,-1.7395],[-80.3819,-1.7521],[-80.386,-1.7564],[-80.3878,-1.7676],[-80.3929,-1.7721],[-80.4051,-1.7745],[-80.4113,-1.7794],[-80.4122,-1.7835],[-80.4193,-1.7861],[-80.4218,-1.7994],[-80.4266,-1.8043],[-80.4261,-1.8089],[-80.4194,-1.8111],[-80.4101,-1.8235],[-80.411,-1.8273],[-80.4075,-1.8311],[-80.4084,-1.8362],[-80.4167,-1.8377],[-80.418,-1.8359],[-80.4289,-1.8342],[-80.4281,-1.8411],[-80.4317,-1.8451],[-80.4317,-1.8517],[-80.4255,-1.8527],[-80.4294,-1.8566],[-80.4374,-1.8569],[-80.4409,-1.8595],[-80.4348,-1.864],[-80.4368,-1.8769],[-80.4348,-1.882],[-80.4426,-1.8807],[-80.442,-1.8847],[-80.4328,-1.8849],[-80.4248,-1.8791],[-80.4228,-1.8826],[-80.4176,-1.8802],[-80.4206,-1.8907],[-80.4293,-1.8952],[-80.4326,-1.9021],[-80.4336,-1.9127],[-80.4316,-1.921],[-80.4287,-1.9251],[-80.4357,-1.9321],[-80.4404,-1.943],[-80.4392,-1.9483],[-80.4421,-1.9515],[-80.4418,-1.9566],[-80.4364,-1.956],[-80.4349,-1.9595],[-80.4267,-1.9629],[-80.4177,-1.9699],[-80.4154,-1.9815],[-80.4035,-1.9843],[-80.3922,-1.9813],[-80.3807,-1.9861],[-80.3721,-1.9883],[-80.3686,-1.9951],[-80.364,-1.994],[-80.3509,-1.9977],[-80.3455,-1.9976],[-80.3428,-2.0012],[-80.3441,-2.0054],[-80.3424,-2.0256],[-80.3374,-2.0306],[-80.3334,-2.0304],[-80.3321,-2.0377],[-80.3243,-2.0414],[-80.3198,-2.0482],[-80.3122,-2.0559],[-80.3027,-2.0625],[-80.3034,-2.0673],[-80.311,-2.069],[-80.3092,-2.0743],[-80.2994,-2.0848],[-80.2871,-2.0922],[-80.2816,-2.0906],[-80.2777,-2.0835],[-80.2717,-2.0812],[-80.264,-2.081],[-80.2646,-2.0704],[-80.2563,-2.0536],[-80.2599,-2.0501],[-80.2561,-2.0413],[-80.2577,-2.0344],[-80.254,-2.0331],[-80.2539,-2.0251],[-80.258,-2.0185],[-80.2598,-2.0078],[-80.257,-2.006],[-80.2585,-2.0003],[-80.2557,-1.9945],[-80.2585,-1.9935],[-80.2559,-1.9853],[-80.2582,-1.9765],[-80.2586,-1.967],[-80.2629,-1.9624],[-80.2565,-1.9597],[-80.2597,-1.9581],[-80.2582,-1.9518],[-80.2602,-1.9494],[-80.2344,-1.9444],[-80.2318,-1.9387],[-80.2261,-1.9329],[-80.2254,-1.927],[-80.2217,-1.927],[-80.216,-1.922],[-80.2127,-1.915],[-80.2052,-1.9086],[-80.2057,-1.9025],[-80.2025,-1.8964],[-80.1994,-1.8963],[-80.1931,-1.8859],[-80.1908,-1.8796],[-80.1848,-1.8741],[-80.1758,-1.8716],[-80.1729,-1.8726],[-80.1648,-1.8653],[-80.1551,-1.8696],[-80.1478,-1.8643],[-80.1488,-1.8547],[-80.1521,-1.8501],[-80.1432,-1.8405],[-80.1513,-1.8338],[-80.1448,-1.8337],[-80.1337,-1.8243],[-80.1214,-1.8014],[-80.1206,-1.7921],[-80.1295,-1.7915],[-80.1283,-1.788],[-80.1315,-1.7827],[-80.1314,-1.7731],[-80.1396,-1.7706],[-80.1411,-1.7653],[-80.1525,-1.7576],[-80.1594,-1.7544],[-80.1572,-1.7496],[-80.1602,-1.7445],[-80.1606,-1.7356],[-80.1687,-1.7363],[-80.1719,-1.7318],[-80.1675,-1.7251],[-80.167,-1.7116],[-80.1701,-1.7087],[-80.1586,-1.7088],[-80.1644,-1.7016],[-80.1646,-1.6937],[-80.1628,-1.683],[-80.1588,-1.6795],[-80.1535,-1.6663],[-80.1535,-1.6588],[-80.1473,-1.6506],[-80.1458,-1.646],[-80.1497,-1.6459],[-80.1559,-1.6509],[-80.1692,-1.6528],[-80.1734,-1.6518],[-80.1819,-1.657],[-80.1839,-1.6514],[-80.1889,-1.655],[-80.1908,-1.6637],[-80.2047,-1.6693],[-80.2032,-1.6775],[-80.199,-1.6835],[-80.203,-1.688],[-80.207,-1.6879],[-80.2114,-1.6935],[-80.2189,-1.6935],[-80.2219,-1.6901],[-80.2313,-1.6882],[-80.2343,-1.6877],[-80.2376,-1.6929],[-80.2478,-1.6865],[-80.2532,-1.6892],[-80.2817,-1.6906],[-80.295,-1.6937],[-80.2828,-1.7029],[-80.2801,-1.7031],[-80.2868,-1.7087],[-80.2936,-1.7094],[-80.302,-1.7027],[-80.3129,-1.6897],[-80.3165,-1.6903],[-80.3236,-1.6828],[-80.3257,-1.6895],[-80.3244,-1.6935],[-80.33,-1.7038],[-80.3349,-1.7061],[-80.3364,-1.7129],[-80.3339,-1.7153],[-80.333,-1.724],[-80.3443,-1.7226],[-80.3538,-1.723]]]},"properties":{"poblacion":43436,"dpa_descan":"PEDRO CARBO","dpa_provin":"09","dpa_despro":"GUAYAS","dpa_canton":"0914"}},
{"type":"Feature","geometry":{"type":"Polygon","coordinates":[[[-79.8831,-2.0606],[-79.8915,-2.0685],[-79.8926,-2.0733],[-79.8888,-2.0887],[-79.8815,-2.0991],[-79.8733,-2.114],[-79.8741,-2.1353],[-79.8709,-2.1443],[-79.8693,-2.1537],[-79.8651,-2.1592],[-79.8569,-2.1485],[-79.8557,-2.1401],[-79.861,-2.1233],[-79.8671,-2.1156],[-79.8714,-2.1033],[-79.8714,-2.0986],[-79.8673,-2.0918],[-79.8543,-2.0805],[-79.8437,-2.0758],[-79.8347,-2.0767],[-79.8232,-2.0843],[-79.8087,-2.0894],[-79.7967,-2.0906],[-79.7966,-2.0827],[-79.8039,-2.0754],[-79.8075,-2.068],[-79.8099,-2.0556],[-79.8045,-2.0389],[-79.8011,-2.0347],[-79.7937,-2.0302],[-79.7783,-2.0291],[-79.7689,-2.0261],[-79.7551,-2.0258],[-79.7455,-2.0275],[-79.7421,-2.0256],[-79.7408,-2.0294],[-79.7404,-2.0317],[-79.7322,-2.0299],[-79.7197,-2.0317],[-79.7137,-2.0281],[-79.7044,-2.0272],[-79.6904,-2.0302],[-79.6795,-2.0308],[-79.6679,-2.029],[-79.6659,-2.0179],[-79.6614,-2.0077],[-79.6797,-1.9903],[-79.6693,-1.9794],[-79.6661,-1.9727],[-79.6798,-1.9502],[-79.6485,-1.9311],[-79.6478,-1.9279],[-79.6478,-1.9235],[-79.6529,-1.9209],[-79.6565,-1.9231],[-79.6612,-1.9193],[-79.6609,-1.9151],[-79.6688,-1.9052],[-79.6723,-1.9125],[-79.6833,-1.92],[-79.6986,-1.928],[-79.71,-1.9375],[-79.7155,-1.9463],[-79.7173,-1.9405],[-79.715,-1.9344],[-79.7195,-1.9324],[-79.723,-1.9258],[-79.7321,-1.9279],[-79.7317,-1.9198],[-79.7398,-1.9173],[-79.7506,-1.9106],[-79.7611,-1.9081],[-79.7674,-1.9008],[-79.7689,-1.8899],[-79.7808,-1.8817],[-79.7804,-1.8789],[-79.7845,-1.8756],[-79.7921,-1.8748],[-79.8037,-1.8636],[-79.8151,-1.8799],[-79.8238,-1.8941],[-79.8223,-1.8994],[-79.8246,-1.9026],[-79.8223,-1.9098],[-79.8322,-1.906],[-79.836,-1.9085],[-79.8396,-1.9023],[-79.8434,-1.9026],[-79.8457,-1.9071],[-79.8449,-1.9175],[-79.8493,-1.9204],[-79.8597,-1.9365],[-79.8659,-1.9418],[-79.8675,-1.9458],[-79.8755,-1.9553],[-79.8794,-1.9628],[-79.8653,-2.0003],[-79.8665,-2.0152],[-79.8641,-2.0167],[-79.8647,-2.0241],[-79.8608,-2.0332],[-79.8655,-2.0586],[-79.875,-2.0644],[-79.8831,-2.0606]]]},"properties":{"poblacion":67590,"dpa_descan":"SAMBORONDON","dpa_provin":"09","dpa_despro":"GUAYAS","dpa_canton":"0916"}},
{"type":"Feature","geometry":{"type":"Polygon","coordinates":[[[-79.9003,-1.7752],[-79.8982,-1.7628],[-79.8958,-1.7588],[-79.8994,-1.7548],[-79.8962,-1.7486],[-79.8945,-1.7314],[-79.8976,-1.7293],[-79.8877,-1.7173],[-79.8893,-1.7103],[-79.8961,-1.7142],[-79.9,-1.7139],[-79.8996,-1.7007],[-79.9105,-1.6963],[-79.9153,-1.7014],[-79.9208,-1.7015],[-79.9233,-1.6954],[-79.9248,-1.6985],[-79.9349,-1.7078],[-79.9501,-1.7009],[-79.9666,-1.7052],[-79.97,-1.7012],[-79.9613,-1.6926],[-79.9882,-1.6723],[-79.9932,-1.6518],[-80.0117,-1.6407],[-80.0191,-1.6391],[-80.0256,-1.6408],[-80.0327,-1.6343],[-80.038,-1.6397],[-80.0493,-1.6437],[-80.0532,-1.6409],[-80.0593,-1.6444],[-80.0637,-1.6417],[-80.0732,-1.6473],[-80.0776,-1.6404],[-80.0889,-1.6359],[-80.0928,-1.6372],[-80.0963,-1.6299],[-80.1034,-1.6277],[-80.1276,-1.6475],[-80.1285,-1.649],[-80.139,-1.6457],[-80.1426,-1.6411],[-80.1458,-1.646],[-80.1473,-1.6506],[-80.1535,-1.6588],[-80.1535,-1.6663],[-80.1588,-1.6795],[-80.1628,-1.683],[-80.1646,-1.6937],[-80.1644,-1.7016],[-80.1586,-1.7088],[-80.1701,-1.7087],[-80.167,-1.7116],[-80.1675,-1.7251],[-80.1719,-1.7318],[-80.1687,-1.7363],[-80.1606,-1.7356],[-80.1602,-1.7445],[-80.1572,-1.7496],[-80.1594,-1.7544],[-80.1525,-1.7576],[-80.141,-1.7496],[-80.1395,-1.7463],[-80.1265,-1.7429],[-80.1209,-1.7434],[-80.1107,-1.7363],[-80.0981,-1.7358],[-80.0933,-1.7463],[-80.088,-1.7525],[-80.0841,-1.7514],[-80.0778,-1.7537],[-80.0717,-1.7594],[-80.065,-1.7635],[-80.0663,-1.7713],[-80.0637,-1.7805],[-80.0541,-1.7823],[-80.0505,-1.7875],[-80.0481,-1.7839],[-80.0413,-1.785],[-80.0417,-1.7899],[-80.0336,-1.7932],[-80.0317,-1.7988],[-80.0274,-1.7919],[-80.0235,-1.7898],[-80.0191,-1.7945],[-80.0151,-1.787],[-79.9962,-1.7874],[-79.9868,-1.7843],[-79.9847,-1.7817],[-79.9723,-1.782],[-79.9678,-1.7863],[-79.9571,-1.79],[-79.9455,-1.7859],[-79.9379,-1.7779],[-79.9279,-1.7774],[-79.9244,-1.7815],[-79.9241,-1.7746],[-79.9003,-1.7752]]]},"properties":{"poblacion":38923,"dpa_descan":"SANTA LUCIA","dpa_provin":"09","dpa_despro":"GUAYAS","dpa_canton":"0918"}},
{"type":"Feature","geometry":{"type":"Polygon","coordinates":[[[-79.8434,-1.9026],[-79.8396,-1.9023],[-79.836,-1.9085],[-79.8322,-1.906],[-79.8223,-1.9098],[-79.8246,-1.9026],[-79.8223,-1.8994],[-79.8238,-1.8941],[-79.8151,-1.8799],[-79.8037,-1.8636],[-79.7921,-1.8748],[-79.7845,-1.8756],[-79.7804,-1.8789],[-79.7808,-1.8817],[-79.7689,-1.8899],[-79.7674,-1.9008],[-79.7611,-1.9081],[-79.7506,-1.9106],[-79.7398,-1.9173],[-79.7317,-1.9198],[-79.7321,-1.9279],[-79.723,-1.9258],[-79.7195,-1.9324],[-79.715,-1.9344],[-79.7173,-1.9405],[-79.7155,-1.9463],[-79.71,-1.9375],[-79.6986,-1.928],[-79.6833,-1.92],[-79.6723,-1.9125],[-79.6688,-1.9052],[-79.6697,-1.9009],[-79.6737,-1.8959],[-79.6724,-1.8912],[-79.6752,-1.8869],[-79.6837,-1.8793],[-79.6855,-1.8684],[-79.6978,-1.8692],[-79.7043,-1.8656],[-79.7098,-1.8585],[-79.7091,-1.8546],[-79.717,-1.8507],[-79.7262,-1.8504],[-79.7302,-1.8475],[-79.7315,-1.8403],[-79.728,-1.8369],[-79.7203,-1.83],[-79.7207,-1.8257],[-79.7285,-1.8255],[-79.7302,-1.8088],[-79.7371,-1.8062],[-79.7388,-1.7971],[-79.7459,-1.791],[-79.7487,-1.7834],[-79.7444,-1.7504],[-79.7445,-1.7458],[-79.7482,-1.7385],[-79.753,-1.7362],[-79.771,-1.7241],[-79.7822,-1.7277],[-79.7877,-1.7265],[-79.7891,-1.7214],[-79.7961,-1.7183],[-79.8002,-1.7135],[-79.8096,-1.7107],[-79.8145,-1.7076],[-79.8239,-1.7084],[-79.8266,-1.7068],[-79.8272,-1.7003],[-79.8315,-1.6933],[-79.8399,-1.6853],[-79.8374,-1.6823],[-79.8297,-1.6815],[-79.8273,-1.6752],[-79.8224,-1.6729],[-79.8253,-1.6657],[-79.8347,-1.6658],[-79.8365,-1.6567],[-79.8441,-1.6518],[-79.8445,-1.6481],[-79.8521,-1.644],[-79.8588,-1.6486],[-79.8634,-1.6438],[-79.8681,-1.6453],[-79.866,-1.6548],[-79.8746,-1.6635],[-79.8781,-1.6634],[-79.8781,-1.6768],[-79.873,-1.6791],[-79.8728,-1.6854],[-79.8644,-1.686],[-79.8607,-1.6987],[-79.8661,-1.7152],[-79.8707,-1.7194],[-79.8753,-1.7194],[-79.8744,-1.7155],[-79.8798,-1.7124],[-79.8877,-1.7173],[-79.8976,-1.7293],[-79.8945,-1.7314],[-79.8962,-1.7486],[-79.8994,-1.7548],[-79.8958,-1.7588],[-79.8982,-1.7628],[-79.9003,-1.7752],[-79.9049,-1.7776],[-79.9083,-1.783],[-79.905,-1.7875],[-79.9059,-1.7932],[-79.9024,-1.7984],[-79.9039,-1.8018],[-79.8959,-1.809],[-79.8956,-1.8145],[-79.8911,-1.8152],[-79.8852,-1.8264],[-79.8786,-1.8268],[-79.87,-1.8229],[-79.8627,-1.8244],[-79.8614,-1.8269],[-79.8693,-1.8335],[-79.8709,-1.8421],[-79.8659,-1.8486],[-79.8607,-1.8519],[-79.8624,-1.8734],[-79.8575,-1.8804],[-79.8577,-1.8885],[-79.8518,-1.8987],[-79.8434,-1.9026]]]},"properties":{"poblacion":57402,"dpa_descan":"SALITRE","dpa_provin":"09","dpa_despro":"GUAYAS","dpa_canton":"0919"}},
{"type":"Feature","geometry":{"type":"Polygon","coordinates":[[[-78.6654,-1.3195],[-78.6722,-1.3222],[-78.6772,-1.328],[-78.6842,-1.3327],[-78.6997,-1.3478],[-78.7064,-1.3558],[-78.7159,-1.3653],[-78.721,-1.3701],[-78.723,-1.382],[-78.7288,-1.3896],[-78.7358,-1.3939],[-78.7423,-1.3925],[-78.748,-1.3946],[-78.7486,-1.4011],[-78.7402,-1.4014],[-78.7246,-1.399],[-78.7164,-1.3943],[-78.708,-1.3971],[-78.7001,-1.3959],[-78.6977,-1.3993],[-78.6771,-1.3992],[-78.6534,-1.3933],[-78.649,-1.3939],[-78.6461,-1.385],[-78.6444,-1.3697],[-78.643,-1.3583],[-78.6398,-1.3466],[-78.6419,-1.3444],[-78.6391,-1.3407],[-78.6355,-1.3206],[-78.6445,-1.3253],[-78.6507,-1.3316],[-78.6539,-1.3379],[-78.6635,-1.3263],[-78.6615,-1.3229],[-78.6654,-1.3195]]]},"properties":{"poblacion":12137,"dpa_descan":"TISALEO","dpa_provin":"18","dpa_despro":"TUNGURAHUA","dpa_canton":"1809"}},
{"type":"Feature","geometry":{"type":"Polygon","coordinates":[[[-79.7661,-2.1455],[-79.7482,-2.1699],[-79.7234,-2.1981],[-79.7147,-2.1905],[-79.7097,-2.1891],[-79.7019,-2.1921],[-79.7031,-2.1978],[-79.6984,-2.2132],[-79.6999,-2.2169],[-79.7032,-2.2357],[-79.6904,-2.2388],[-79.6938,-2.2711],[-79.6794,-2.2713],[-79.6797,-2.2776],[-79.697,-2.2875],[-79.7115,-2.291],[-79.7151,-2.2882],[-79.717,-2.2958],[-79.7267,-2.2963],[-79.7269,-2.2995],[-79.7328,-2.3031],[-79.7321,-2.309],[-79.7243,-2.3038],[-79.715,-2.3044],[-79.702,-2.2971],[-79.6942,-2.3009],[-79.6875,-2.2989],[-79.6822,-2.302],[-79.6751,-2.2999],[-79.6667,-2.2999],[-79.6645,-2.297],[-79.6587,-2.3016],[-79.6479,-2.2991],[-79.6387,-2.2983],[-79.631,-2.3056],[-79.6211,-2.3055],[-79.617,-2.305],[-79.6111,-2.3087],[-79.6013,-2.3082],[-79.5975,-2.3046],[-79.595,-2.2932],[-79.5775,-2.2912],[-79.5723,-2.2971],[-79.5625,-2.2977],[-79.5577,-2.2889],[-79.5707,-2.284],[-79.574,-2.2802],[-79.5802,-2.278],[-79.5799,-2.2676],[-79.5743,-2.2699],[-79.568,-2.2686],[-79.5637,-2.2607],[-79.5602,-2.2604],[-79.5566,-2.2543],[-79.5407,-2.2619],[-79.5355,-2.2606],[-79.5334,-2.2668],[-79.5255,-2.2676],[-79.522,-2.2718],[-79.5192,-2.255],[-79.5159,-2.2572],[-79.5139,-2.2485],[-79.5111,-2.2493],[-79.5139,-2.2395],[-79.5178,-2.2401],[-79.5205,-2.2451],[-79.5319,-2.2428],[-79.5356,-2.2444],[-79.5454,-2.2325],[-79.5574,-2.2325],[-79.5647,-2.2291],[-79.5793,-2.2244],[-79.5854,-2.22],[-79.5905,-2.2211],[-79.5915,-2.2072],[-79.5978,-2.203],[-79.6047,-2.2055],[-79.6198,-2.1844],[-79.6242,-2.1787],[-79.6351,-2.1765],[-79.6384,-2.1701],[-79.6498,-2.1658],[-79.6533,-2.1611],[-79.6568,-2.1619],[-79.656,-2.1572],[-79.6666,-2.16],[-79.6744,-2.1568],[-79.6807,-2.1516],[-79.6811,-2.1481],[-79.6857,-2.1494],[-79.6869,-2.1435],[-79.6787,-2.1416],[-79.6708,-2.1427],[-79.6602,-2.1388],[-79.6549,-2.1223],[-79.6513,-2.1149],[-79.6434,-2.1054],[-79.6344,-2.1005],[-79.6278,-2.091],[-79.6368,-2.0843],[-79.6386,-2.0737],[-79.6452,-2.067],[-79.6394,-2.0599],[-79.6234,-2.027],[-79.6186,-2.0161],[-79.6044,-1.9882],[-79.6081,-1.9825],[-79.6191,-1.9804],[-79.6345,-1.9744],[-79.6372,-1.9763],[-79.6443,-1.9641],[-79.6444,-1.9326],[-79.6478,-1.9279],[-79.6485,-1.9311],[-79.6798,-1.9502],[-79.6661,-1.9727],[-79.6693,-1.9794],[-79.6797,-1.9903],[-79.6614,-2.0077],[-79.6659,-2.0179],[-79.6679,-2.029],[-79.6795,-2.0308],[-79.6904,-2.0302],[-79.7044,-2.0272],[-79.7137,-2.0281],[-79.7197,-2.0317],[-79.7322,-2.0299],[-79.7404,-2.0317],[-79.7408,-2.0294],[-79.7488,-2.0331],[-79.7777,-2.0374],[-79.7875,-2.0349],[-79.7968,-2.0365],[-79.8004,-2.0414],[-79.8049,-2.0551],[-79.7988,-2.0609],[-79.791,-2.0645],[-79.7856,-2.0699],[-79.7841,-2.0786],[-79.7866,-2.0876],[-79.7915,-2.0941],[-79.7967,-2.0971],[-79.8176,-2.1],[-79.8161,-2.1074],[-79.819,-2.1105],[-79.8182,-2.1169],[-79.8204,-2.1275],[-79.8179,-2.131],[-79.8085,-2.1348],[-79.8029,-2.1393],[-79.7994,-2.1361],[-79.7934,-2.137],[-79.7938,-2.1426],[-79.79,-2.1506],[-79.78,-2.156],[-79.7661,-2.1455]]]},"properties":{"poblacion":60958,"dpa_descan":"SAN JACINTO DE YAGUACHI","dpa_provin":"09","dpa_despro":"GUAYAS","dpa_canton":"0920"}},
{"type":"Feature","geometry":{"type":"Polygon","coordinates":[[[-80.5619,-2.5057],[-80.5539,-2.5165],[-80.5277,-2.5412],[-80.5114,-2.5583],[-80.5056,-2.5607],[-80.4874,-2.5819],[-80.4622,-2.6124],[-80.45,-2.6291],[-80.4445,-2.6305],[-80.4338,-2.641],[-80.4304,-2.6404],[-80.4202,-2.6432],[-80.4098,-2.6441],[-80.3954,-2.6355],[-80.3865,-2.6424],[-80.3748,-2.6582],[-80.3598,-2.677],[-80.3396,-2.692],[-80.3296,-2.7012],[-80.3098,-2.715],[-80.3091,-2.7069],[-80.3256,-2.6927],[-80.3224,-2.6901],[-80.328,-2.6847],[-80.3294,-2.688],[-80.3344,-2.6856],[-80.3355,-2.6804],[-80.3388,-2.6827],[-80.3445,-2.679],[-80.3472,-2.6737],[-80.3587,-2.6707],[-80.3589,-2.6632],[-80.3602,-2.6567],[-80.3541,-2.6481],[-80.355,-2.6408],[-80.3611,-2.633],[-80.3594,-2.6276],[-80.3664,-2.6165],[-80.3667,-2.6118],[-80.3728,-2.6064],[-80.3685,-2.6006],[-80.3752,-2.5915],[-80.3766,-2.5343],[-80.3772,-2.5235],[-80.3904,-2.5209],[-80.39,-2.5075],[-80.3861,-2.4929],[-80.3879,-2.4768],[-80.3925,-2.4756],[-80.3968,-2.4657],[-80.4104,-2.468],[-80.4173,-2.4672],[-80.4221,-2.4709],[-80.437,-2.4683],[-80.4436,-2.4711],[-80.4518,-2.4677],[-80.4548,-2.4724],[-80.4633,-2.4774],[-80.4676,-2.4772],[-80.4586,-2.4903],[-80.4707,-2.4904],[-80.479,-2.493],[-80.4826,-2.4969],[-80.4954,-2.5002],[-80.4999,-2.4955],[-80.515,-2.4941],[-80.5179,-2.4903],[-80.5297,-2.4889],[-80.5382,-2.4913],[-80.5425,-2.4887],[-80.5513,-2.495],[-80.5619,-2.5057]]]},"properties":{"poblacion":41935,"dpa_descan":"PLAYAS","dpa_provin":"09","dpa_despro":"GUAYAS","dpa_canton":"0921"}},
{"type":"Feature","geometry":{"type":"Polygon","coordinates":[[[-79.512,-2.0405],[-79.5036,-2.0498],[-79.4929,-2.0528],[-79.487,-2.057],[-79.4743,-2.0625],[-79.4753,-2.07],[-79.4704,-2.0742],[-79.4688,-2.0869],[-79.4683,-2.1031],[-79.4692,-2.111],[-79.4663,-2.1124],[-79.4565,-2.1007],[-79.4498,-2.0994],[-79.4406,-2.0975],[-79.4405,-2.0946],[-79.4322,-2.0955],[-79.4357,-2.1004],[-79.4301,-2.1037],[-79.4282,-2.1018],[-79.4245,-2.1081],[-79.4189,-2.1067],[-79.4168,-2.1123],[-79.4154,-2.1076],[-79.4106,-2.1066],[-79.4139,-2.1031],[-79.4122,-2.0981],[-79.416,-2.0901],[-79.4115,-2.0847],[-79.4062,-2.0915],[-79.4052,-2.0892],[-79.3935,-2.0915],[-79.3861,-2.0854],[-79.3823,-2.0852],[-79.3681,-2.0905],[-79.366,-2.0877],[-79.3564,-2.0859],[-79.3523,-2.0941],[-79.3486,-2.0927],[-79.3468,-2.0973],[-79.3415,-2.0986],[-79.3359,-2.1029],[-79.3354,-2.1083],[-79.3379,-2.1127],[-79.3318,-2.1168],[-79.3316,-2.1217],[-79.3262,-2.1238],[-79.3224,-2.1221],[-79.3182,-2.1245],[-79.3095,-2.1232],[-79.3071,-2.1269],[-79.2956,-2.1268],[-79.288,-2.1355],[-79.2869,-2.141],[-79.2839,-2.1399],[-79.2805,-2.1454],[-79.268,-2.1498],[-79.2671,-2.1409],[-79.2801,-2.1251],[-79.2749,-2.1223],[-79.2691,-2.1236],[-79.2761,-2.1178],[-79.2738,-2.1158],[-79.2711,-2.1038],[-79.285,-2.0971],[-79.2913,-2.0973],[-79.2988,-2.0945],[-79.3049,-2.0857],[-79.3172,-2.0817],[-79.3183,-2.0688],[-79.3171,-2.0632],[-79.323,-2.0521],[-79.3281,-2.0473],[-79.331,-2.0412],[-79.3344,-2.0416],[-79.3339,-2.0354],[-79.3384,-2.0325],[-79.3367,-2.0269],[-79.3379,-2.0217],[-79.3442,-2.0206],[-79.3426,-2.0158],[-79.3504,-2.0093],[-79.358,-1.9981],[-79.3587,-1.9868],[-79.3621,-1.9874],[-79.3675,-1.9787],[-79.3706,-1.9782],[-79.3685,-1.9712],[-79.3732,-1.9679],[-79.3828,-1.9687],[-79.389,-1.9656],[-79.3997,-1.9674],[-79.403,-1.9647],[-79.401,-1.96],[-79.4057,-1.9601],[-79.4114,-1.9552],[-79.4095,-1.9508],[-79.412,-1.9483],[-79.4064,-1.9418],[-79.4216,-1.9372],[-79.4368,-1.9405],[-79.4451,-1.9347],[-79.4767,-1.9839],[-79.4971,-1.9913],[-79.5044,-1.9979],[-79.5129,-1.9954],[-79.5183,-2.0003],[-79.5206,-2.0131],[-79.5232,-2.0371],[-79.5196,-2.0364],[-79.512,-2.0405]]]},"properties":{"poblacion":25483,"dpa_descan":"SIMON BOLIVAR","dpa_provin":"09","dpa_despro":"GUAYAS","dpa_canton":"0922"}},
{"type":"Feature","geometry":{"type":"Polygon","coordinates":[[[-79.2483,-2.1963],[-79.258,-2.1926],[-79.266,-2.192],[-79.2756,-2.1853],[-79.2801,-2.1847],[-79.2835,-2.1881],[-79.2869,-2.1867],[-79.2943,-2.1868],[-79.2976,-2.1829],[-79.3079,-2.1814],[-79.3098,-2.1791],[-79.3153,-2.1806],[-79.3166,-2.1853],[-79.327,-2.1821],[-79.3327,-2.1845],[-79.3543,-2.1832],[-79.3582,-2.1861],[-79.3669,-2.1854],[-79.3796,-2.1866],[-79.3952,-2.1929],[-79.3988,-2.1886],[-79.4121,-2.1974],[-79.4148,-2.2016],[-79.4209,-2.2049],[-79.4241,-2.2025],[-79.4391,-2.2061],[-79.4524,-2.2222],[-79.4597,-2.2277],[-79.4635,-2.2246],[-79.467,-2.2286],[-79.4779,-2.2248],[-79.4885,-2.2244],[-79.4889,-2.2286],[-79.4976,-2.2295],[-79.5024,-2.2313],[-79.5049,-2.2371],[-79.5106,-2.2365],[-79.5139,-2.2395],[-79.5111,-2.2493],[-79.5139,-2.2485],[-79.5159,-2.2572],[-79.5192,-2.255],[-79.522,-2.2718],[-79.5165,-2.2768],[-79.5039,-2.2819],[-79.5038,-2.2853],[-79.4962,-2.2877],[-79.493,-2.296],[-79.4767,-2.2951],[-79.4689,-2.2975],[-79.4363,-2.298],[-79.4272,-2.297],[-79.4244,-2.2925],[-79.4123,-2.2893],[-79.41,-2.2852],[-79.4035,-2.2874],[-79.3973,-2.2843],[-79.3941,-2.2786],[-79.3848,-2.2789],[-79.3793,-2.2751],[-79.3676,-2.2756],[-79.3609,-2.2793],[-79.35,-2.2724],[-79.3443,-2.2658],[-79.3434,-2.2573],[-79.339,-2.257],[-79.3315,-2.2601],[-79.33,-2.2636],[-79.3261,-2.2608],[-79.3204,-2.264],[-79.3148,-2.2638],[-79.316,-2.2672],[-79.3132,-2.272],[-79.3039,-2.2724],[-79.2944,-2.2761],[-79.2909,-2.2848],[-79.2821,-2.2818],[-79.2802,-2.2833],[-79.2741,-2.2802],[-79.2745,-2.2671],[-79.2704,-2.2575],[-79.2685,-2.2368],[-79.2697,-2.231],[-79.265,-2.2208],[-79.2575,-2.2204],[-79.2547,-2.2175],[-79.253,-2.2108],[-79.2495,-2.2113],[-79.2483,-2.1963]]]},"properties":{"poblacion":12033,"dpa_descan":"CRNEL. MARCELINO MARIDUEÑA","dpa_provin":"09","dpa_despro":"GUAYAS","dpa_canton":"0923"}},
{"type":"Feature","geometry":{"type":"Polygon","coordinates":[[[-80.0639,-1.8315],[-80.0679,-1.8212],[-80.0618,-1.8101],[-80.0562,-1.7937],[-80.0505,-1.7875],[-80.0541,-1.7823],[-80.0637,-1.7805],[-80.0663,-1.7713],[-80.065,-1.7635],[-80.0717,-1.7594],[-80.0776,-1.7744],[-80.0739,-1.7798],[-80.0769,-1.7871],[-80.088,-1.7924],[-80.0923,-1.8029],[-80.092,-1.8068],[-80.0835,-1.8177],[-80.0924,-1.8254],[-80.0892,-1.8333],[-80.094,-1.8356],[-80.1025,-1.8502],[-80.1091,-1.8503],[-80.1114,-1.8533],[-80.1088,-1.8571],[-80.113,-1.8595],[-80.1135,-1.864],[-80.1234,-1.8631],[-80.1218,-1.8747],[-80.1186,-1.874],[-80.1146,-1.8925],[-80.1113,-1.8961],[-80.0964,-1.8968],[-80.0894,-1.9052],[-80.0831,-1.9038],[-80.0772,-1.9096],[-80.0603,-1.9071],[-80.0554,-1.8977],[-80.0577,-1.8918],[-80.0546,-1.8831],[-80.0491,-1.881],[-80.0503,-1.8762],[-80.0577,-1.8777],[-80.0577,-1.8747],[-80.0633,-1.8736],[-80.0636,-1.8699],[-80.0594,-1.866],[-80.0576,-1.853],[-80.048,-1.8576],[-80.0485,-1.8467],[-80.0509,-1.8419],[-80.0568,-1.8417],[-80.0629,-1.8383],[-80.0639,-1.8315]]]},"properties":{"poblacion":18413,"dpa_descan":"LOMAS DE SARGENTILLO","dpa_provin":"09","dpa_despro":"GUAYAS","dpa_canton":"0924"}},
{"type":"Feature","geometry":{"type":"Polygon","coordinates":[[[-80.0491,-1.881],[-80.0546,-1.8831],[-80.0577,-1.8918],[-80.0554,-1.8977],[-80.0603,-1.9071],[-80.0716,-1.9342],[-80.0731,-1.9422],[-80.0768,-1.9495],[-80.0845,-1.9592],[-80.0896,-1.9716],[-80.0914,-1.985],[-80.0952,-1.9907],[-80.0998,-1.9905],[-80.1023,-1.9941],[-80.111,-1.9964],[-80.1144,-2.0147],[-80.1142,-2.019],[-80.101,-2.0205],[-80.0968,-2.0306],[-80.0957,-2.0408],[-80.0997,-2.0507],[-80.0778,-2.0489],[-80.0746,-2.0383],[-80.0604,-2.0388],[-80.0579,-2.0352],[-80.0516,-2.0389],[-80.0454,-2.0334],[-80.0415,-2.0349],[-80.0393,-2.0286],[-80.0385,-2.0194],[-80.0317,-2.0141],[-80.0329,-2.0082],[-80.0385,-1.9982],[-80.0278,-1.9932],[-80.0115,-1.9886],[-80.0066,-1.9893],[-80.0059,-1.9853],[-80.0009,-1.9806],[-80.0016,-1.9772],[-80.0074,-1.9717],[-80.0077,-1.9683],[-80.0008,-1.9676],[-79.9975,-1.9603],[-80.0026,-1.9494],[-80.0018,-1.9432],[-80.0091,-1.9407],[-80.0081,-1.9374],[-79.9983,-1.9281],[-80.0038,-1.9211],[-80.0093,-1.9185],[-79.9933,-1.9111],[-79.9886,-1.9074],[-79.9912,-1.9036],[-79.9986,-1.9073],[-80.0042,-1.9069],[-80.0045,-1.9025],[-79.9973,-1.8993],[-79.9945,-1.8909],[-80.0021,-1.8849],[-80.01,-1.8875],[-80.0096,-1.8851],[-80.0224,-1.8921],[-80.0272,-1.8886],[-80.0335,-1.8809],[-80.0382,-1.8852],[-80.0451,-1.8789],[-80.0491,-1.881]]]},"properties":{"poblacion":19600,"dpa_descan":"NOBOL","dpa_provin":"09","dpa_despro":"GUAYAS","dpa_canton":"0925"}},
{"type":"Feature","geometry":{"type":"Polygon","coordinates":[[[-76.9873,0.2696],[-76.9972,0.2818],[-76.9978,0.2951],[-77.0037,0.2967],[-77.017,0.289],[-77.0274,0.277],[-77.0317,0.2782],[-77.0358,0.2838],[-77.0428,0.2871],[-77.0479,0.2929],[-77.0525,0.2858],[-77.0574,0.2837],[-77.064,0.2855],[-77.0681,0.2894],[-77.0774,0.2872],[-77.0809,0.2906],[-77.085,0.2998],[-77.0843,0.3077],[-77.0802,0.3112],[-77.0823,0.3177],[-77.0959,0.3267],[-77.0992,0.3365],[-77.1066,0.3457],[-77.107,0.3571],[-77.1118,0.3655],[-77.1128,0.371],[-77.1268,0.3793],[-77.132,0.3789],[-77.1379,0.3745],[-77.1504,0.3764],[-77.152,0.3789],[-77.1601,0.3823],[-77.1669,0.3897],[-77.1704,0.3874],[-77.1798,0.3905],[-77.1866,0.3872],[-77.1888,0.3801],[-77.1987,0.3748],[-77.2014,0.3687],[-77.2152,0.3652],[-77.2157,0.3599],[-77.2237,0.3535],[-77.223,0.345],[-77.2315,0.3402],[-77.232,0.3233],[-77.2252,0.3187],[-77.2199,0.3182],[-77.2156,0.3234],[-77.2107,0.323],[-77.2101,0.3157],[-77.215,0.3036],[-77.211,0.3005],[-77.2013,0.299],[-77.2002,0.2946],[-77.1935,0.289],[-77.1882,0.2873],[-77.1818,0.2905],[-77.1697,0.2849],[-77.1644,0.2855],[-77.165,0.2928],[-77.1624,0.294],[-77.1586,0.2887],[-77.151,0.2863],[-77.151,0.2807],[-77.1558,0.2708],[-77.1537,0.2653],[-77.161,0.2612],[-77.1664,0.265],[-77.1713,0.2716],[-77.1729,0.2629],[-77.1708,0.257],[-77.1755,0.2557],[-77.1797,0.2596],[-77.1829,0.2544],[-77.1785,0.2526],[-77.1863,0.2499],[-77.1798,0.2411],[-77.1813,0.2322],[-77.187,0.2322],[-77.188,0.2232],[-77.11,0.1871],[-77.1016,0.126],[-77.1001,0.111],[-77.0997,0.0956],[-77.0953,0.0871],[-77.0953,0.0378],[-77.0893,0.0395],[-77.0773,0.0465],[-77.0609,0.0477],[-77.0539,0.042],[-77.041,0.0419],[-77.041,-0.0196],[-77.0438,-0.0291],[-77.0494,-0.0345],[-77.0467,-0.0467],[-77.0436,-0.0523],[-77.0485,-0.0548],[-77.0535,-0.0613],[-77.0601,-0.0633],[-77.0638,-0.0677],[-77.0778,-0.071],[-77.083,-0.0762],[-77.0952,-0.0816],[-77.1044,-0.0825],[-77.1063,-0.0844],[-77.117,-0.084],[-77.117,-0.0965],[-77.1074,-0.1006],[-77.0999,-0.1083],[-77.0942,-0.1111],[-77.0823,-0.1085],[-77.0641,-0.1132],[-77.0541,-0.1134],[-77.0423,-0.1071],[-77.0296,-0.1058],[-77.0244,-0.1016],[-77.0188,-0.1005],[-77.0122,-0.0932],[-76.9987,-0.0824],[-76.9916,-0.0799],[-76.9852,-0.0803],[-76.9793,-0.0717],[-76.9697,-0.07],[-76.9655,-0.0656],[-76.9575,-0.0637],[-76.946,-0.0647],[-76.9403,-0.06],[-76.9334,-0.0595],[-76.9339,-0.086],[-76.9252,-0.0814],[-76.9096,-0.0822],[-76.9046,-0.0844],[-76.8972,-0.088],[-76.8875,-0.0951],[-76.8789,-0.0981],[-76.8692,-0.096],[-76.8586,-0.098],[-76.8469,-0.1053],[-76.8445,-0.1109],[-76.8376,-0.1168],[-76.8257,-0.1194],[-76.8182,-0.1152],[-76.8132,-0.1204],[-76.8063,-0.1156],[-76.8022,-0.1186],[-76.7971,-0.1298],[-76.791,-0.1326],[-76.7671,-0.1238],[-76.7571,-0.1171],[-76.7457,-0.1125],[-76.7418,-0.1169],[-76.738,-0.1154],[-76.7342,-0.1192],[-76.7305,-0.1206],[-76.7224,-0.1136],[-76.7163,-0.1134],[-76.7098,-0.111],[-76.7012,-0.1102],[-76.6928,-0.1035],[-76.6804,-0.1018],[-76.6799,-0.0986],[-76.6705,-0.0978],[-76.6677,-0.0947],[-76.661,-0.0942],[-76.6581,-0.091],[-76.658,-0.0079],[-76.6535,-0.0072],[-76.6406,-0.0094],[-76.6359,-0.0122],[-76.6309,-0.0192],[-76.6267,-0.0307],[-76.6221,-0.0315],[-76.6119,-0.0264],[-76.6059,-0.0302],[-76.6038,-0.0485],[-76.5961,-0.0538],[-76.5957,-0.0633],[-76.5934,-0.065],[-76.5849,-0.0644],[-76.5744,-0.06],[-76.5638,-0.0676],[-76.5583,-0.0681],[-76.5496,-0.0651],[-76.545,-0.0706],[-76.541,-0.0819],[-76.5327,-0.0887],[-76.5188,-0.0878],[-76.514,-0.0904],[-76.5139,-0.085],[-76.5168,-0.0785],[-76.5141,-0.0773],[-76.5172,-0.0716],[-76.5172,-0.063],[-76.5155,-0.0572],[-76.5158,-0.048],[-76.5141,-0.045],[-76.5147,-0.0341],[-76.5013,-0.0343],[-76.491,-0.0301],[-76.4828,-0.0246],[-76.4714,-0.0307],[-76.4558,-0.0265],[-76.4528,-0.0189],[-76.4391,-0.0119],[-76.4144,-0.0186],[-76.4105,-0.0173],[-76.4003,-0.0213],[-76.3954,-0.0254],[-76.3895,-0.0267],[-76.3802,-0.0218],[-76.3821,-0.0189],[-76.3812,-0.0116],[-76.3841,-0.0067],[-76.3841,0.005],[-76.3892,0.0072],[-76.3974,0.0204],[-76.4011,0.021],[-76.4073,0.0273],[-76.4098,0.036],[-76.4181,0.0347],[-76.4182,0.0377],[-76.4234,0.0338],[-76.4242,0.0387],[-76.4291,0.0416],[-76.4275,0.0501],[-76.4308,0.0497],[-76.4318,0.056],[-76.4242,0.0688],[-76.4305,0.0725],[-76.4326,0.0786],[-76.439,0.0825],[-76.4382,0.0872],[-76.4341,0.0901],[-76.4352,0.0966],[-76.4309,0.1172],[-76.4247,0.1189],[-76.4143,0.1291],[-76.4026,0.1289],[-76.3984,0.1328],[-76.388,0.1351],[-76.3844,0.1312],[-76.38,0.1388],[-76.3722,0.1431],[-76.3646,0.1454],[-76.3612,0.1531],[-76.3571,0.1561],[-76.3539,0.1637],[-76.3426,0.1652],[-76.3335,0.1684],[-76.3193,0.1689],[-76.3159,0.1653],[-76.3034,0.1684],[-76.3004,0.1733],[-76.2937,0.1746],[-76.2916,0.1778],[-76.2925,0.1841],[-76.2876,0.1924],[-76.2825,0.1918],[-76.2828,0.1978],[-76.2796,0.2021],[-76.2725,0.205],[-76.2667,0.1983],[-76.2575,0.2017],[-76.2526,0.2062],[-76.2493,0.2127],[-76.2467,0.2104],[-76.2361,0.2117],[-76.2365,0.2188],[-76.2442,0.2216],[-76.2504,0.2142],[-76.2582,0.2162],[-76.2577,0.2247],[-76.2624,0.2266],[-76.2669,0.2232],[-76.2725,0.2264],[-76.2708,0.2341],[-76.274,0.2402],[-76.2827,0.2445],[-76.2884,0.2449],[-76.2856,0.2369],[-76.2869,0.2332],[-76.2965,0.2326],[-76.3067,0.2349],[-76.3138,0.2286],[-76.319,0.2202],[-76.3284,0.2142],[-76.336,0.2138],[-76.3391,0.218],[-76.3316,0.2266],[-76.3356,0.232],[-76.342,0.2284],[-76.3503,0.2272],[-76.3553,0.2237],[-76.3616,0.2252],[-76.3666,0.2387],[-76.3731,0.2426],[-76.3856,0.2542],[-76.3882,0.2606],[-76.3916,0.2625],[-76.3946,0.2573],[-76.3884,0.2499],[-76.3895,0.2413],[-76.3944,0.2394],[-76.4005,0.2447],[-76.4052,0.245],[-76.4121,0.2416],[-76.4229,0.2343],[-76.4282,0.2367],[-76.4292,0.2418],[-76.4242,0.2487],[-76.4281,0.2559],[-76.4355,0.2574],[-76.4458,0.2541],[-76.4435,0.2457],[-76.445,0.2406],[-76.4516,0.2385],[-76.4742,0.2392],[-76.4864,0.2417],[-76.4917,0.2411],[-76.5038,0.2364],[-76.513,0.2405],[-76.5244,0.2528],[-76.5351,0.2593],[-76.5513,0.2508],[-76.5682,0.2438],[-76.5728,0.2389],[-76.5796,0.227],[-76.5809,0.2219],[-76.5847,0.2189],[-76.5893,0.2194],[-76.5959,0.2281],[-76.6031,0.2295],[-76.6081,0.2337],[-76.6153,0.2465],[-76.6172,0.2523],[-76.623,0.2596],[-76.6297,0.2633],[-76.6368,0.262],[-76.6513,0.2509],[-76.6564,0.2537],[-76.6538,0.2644],[-76.6562,0.2708],[-76.6648,0.2722],[-76.6787,0.2696],[-76.6907,0.2762],[-76.701,0.2783],[-76.7065,0.2758],[-76.7113,0.2688],[-76.7189,0.2743],[-76.7235,0.2812],[-76.7316,0.2881],[-76.7361,0.2863],[-76.7426,0.2778],[-76.7528,0.2746],[-76.7639,0.266],[-76.7666,0.2616],[-76.7646,0.2586],[-76.7575,0.2587],[-76.7518,0.2549],[-76.7538,0.2496],[-76.7672,0.2458],[-76.7721,0.2482],[-76.7787,0.2565],[-76.7855,0.2624],[-76.7983,0.2642],[-76.8137,0.2572],[-76.8228,0.256],[-76.8237,0.2601],[-76.8288,0.2632],[-76.8381,0.2615],[-76.8364,0.2569],[-76.8306,0.2521],[-76.8323,0.2472],[-76.8428,0.2397],[-76.8475,0.2392],[-76.8583,0.2459],[-76.8742,0.2511],[-76.8808,0.2521],[-76.8827,0.2482],[-76.8875,0.2465],[-76.8949,0.2472],[-76.9041,0.2458],[-76.9129,0.2483],[-76.9247,0.2571],[-76.9352,0.2616],[-76.9347,0.2651],[-76.9295,0.2693],[-76.93,0.2747],[-76.9366,0.2768],[-76.9443,0.2696],[-76.9578,0.2689],[-76.9672,0.2735],[-76.9768,0.269],[-76.9873,0.2696]]]},"properties":{"poblacion":91745,"dpa_descan":"LAGO AGRIO","dpa_provin":"21","dpa_despro":"SUCUMBIOS","dpa_canton":"2101"}},
{"type":"Feature","geometry":{"type":"Polygon","coordinates":[[[-76.3802,-0.0218],[-76.3895,-0.0267],[-76.3954,-0.0254],[-76.4003,-0.0213],[-76.4105,-0.0173],[-76.4144,-0.0186],[-76.4391,-0.0119],[-76.4528,-0.0189],[-76.4558,-0.0265],[-76.4714,-0.0307],[-76.4828,-0.0246],[-76.491,-0.0301],[-76.5013,-0.0343],[-76.5147,-0.0341],[-76.5141,-0.045],[-76.5158,-0.048],[-76.5155,-0.0572],[-76.5172,-0.063],[-76.5172,-0.0716],[-76.5141,-0.0773],[-76.5168,-0.0785],[-76.5139,-0.085],[-76.514,-0.0904],[-76.5164,-0.0958],[-76.5165,-0.1023],[-76.5139,-0.1061],[-76.5163,-0.1184],[-76.5078,-0.1291],[-76.5076,-0.1383],[-76.5101,-0.1485],[-76.4993,-0.1544],[-76.4961,-0.1632],[-76.5006,-0.1712],[-76.5,-0.1771],[-76.5026,-0.187],[-76.4973,-0.1899],[-76.4896,-0.1881],[-76.4807,-0.2039],[-76.4792,-0.2087],[-76.4852,-0.2143],[-76.4878,-0.2216],[-76.4847,-0.2261],[-76.481,-0.2205],[-76.4736,-0.221],[-76.4679,-0.2276],[-76.4627,-0.2303],[-76.4625,-0.2346],[-76.4664,-0.2434],[-76.4625,-0.247],[-76.4553,-0.245],[-76.4459,-0.2388],[-76.4411,-0.2402],[-76.4358,-0.2471],[-76.4266,-0.2519],[-76.4247,-0.2546],[-76.4271,-0.2694],[-76.4224,-0.2761],[-76.424,-0.2807],[-76.4304,-0.2867],[-76.4221,-0.287],[-76.4157,-0.2893],[-76.4094,-0.2984],[-76.3968,-0.2971],[-76.3881,-0.2992],[-76.3813,-0.2973],[-76.3715,-0.2998],[-76.3681,-0.2988],[-76.3561,-0.2878],[-76.35,-0.2863],[-76.3397,-0.2884],[-76.3327,-0.2852],[-76.3239,-0.2911],[-76.3203,-0.2955],[-76.3194,-0.3033],[-76.3167,-0.3047],[-76.3137,-0.2965],[-76.3026,-0.2941],[-76.293,-0.2881],[-76.283,-0.2917],[-76.2665,-0.2871],[-76.2622,-0.2875],[-76.2576,-0.2934],[-76.2573,-0.2999],[-76.2523,-0.3012],[-76.2406,-0.2943],[-76.2382,-0.2874],[-76.2315,-0.2854],[-76.2181,-0.2898],[-76.2059,-0.2771],[-76.199,-0.2757],[-76.1871,-0.2777],[-76.1752,-0.2649],[-76.1684,-0.2617],[-76.1638,-0.2635],[-76.1596,-0.272],[-76.1571,-0.2914],[-76.1537,-0.2942],[-76.146,-0.2944],[-76.1386,-0.2903],[-76.1292,-0.2934],[-76.1148,-0.292],[-76.1089,-0.2936],[-76.1009,-0.3004],[-76.0903,-0.3017],[-76.0866,-0.2975],[-76.0835,-0.2888],[-76.0795,-0.2874],[-76.074,-0.2903],[-76.0674,-0.3034],[-76.0632,-0.3022],[-76.0576,-0.2961],[-76.0512,-0.2926],[-76.0445,-0.2957],[-76.0384,-0.3063],[-76.0312,-0.3113],[-76.0239,-0.3115],[-76.0244,-0.3183],[-76.0216,-0.3204],[-76.0169,-0.3363],[-76.0199,-0.3498],[-76.0145,-0.3517],[-76.0113,-0.3589],[-76.0066,-0.361],[-76.0023,-0.358],[-75.981,-0.3539],[-75.9666,-0.3586],[-75.973,-0.365],[-75.9697,-0.3699],[-75.9645,-0.3692],[-75.9542,-0.3783],[-75.9476,-0.3815],[-75.9423,-0.3869],[-75.9356,-0.384],[-75.9343,-0.3896],[-75.9153,-0.3848],[-75.9144,-0.4053],[-75.9222,-0.4085],[-75.8753,-0.4179],[-75.8707,-0.4167],[-75.8646,-0.4092],[-75.8628,-0.4042],[-75.8594,-0.4039],[-75.8529,-0.4081],[-75.856,-0.4226],[-75.8499,-0.4222],[-75.8472,-0.4248],[-75.8357,-0.4257],[-75.834,-0.4349],[-75.8275,-0.4375],[-75.8144,-0.4331],[-75.8105,-0.4296],[-75.7953,-0.429],[-75.789,-0.4241],[-75.7836,-0.4249],[-75.7762,-0.4194],[-75.7708,-0.4241],[-75.748,-0.4198],[-75.7398,-0.4243],[-75.7312,-0.4368],[-75.7283,-0.4375],[-75.7222,-0.4441],[-75.7188,-0.456],[-75.7184,-0.4638],[-75.7007,-0.4727],[-75.6886,-0.4662],[-75.6835,-0.4674],[-75.6757,-0.4634],[-75.6735,-0.4598],[-75.6589,-0.4566],[-75.656,-0.4522],[-75.6481,-0.4558],[-75.647,-0.4682],[-75.6409,-0.4663],[-75.6337,-0.4744],[-75.6244,-0.4747],[-75.6171,-0.4771],[-75.6153,-0.4809],[-75.6084,-0.4846],[-75.5961,-0.4852],[-75.5922,-0.4923],[-75.593,-0.4982],[-75.5907,-0.5062],[-75.5837,-0.5057],[-75.5841,-0.4975],[-75.58,-0.4961],[-75.5713,-0.4973],[-75.5687,-0.5045],[-75.5741,-0.5177],[-75.5732,-0.5206],[-75.5623,-0.5206],[-75.5592,-0.5235],[-75.561,-0.5387],[-75.5584,-0.5443],[-75.5516,-0.5487],[-75.5417,-0.5455],[-75.5329,-0.5454],[-75.5124,-0.5562],[-75.5051,-0.5559],[-75.4974,-0.5453],[-75.493,-0.5443],[-75.4873,-0.5496],[-75.4857,-0.5582],[-75.4737,-0.552],[-75.4696,-0.5475],[-75.4651,-0.547],[-75.4391,-0.5544],[-75.4285,-0.5642],[-75.4161,-0.5659],[-75.4125,-0.5627],[-75.4068,-0.563],[-75.4,-0.5687],[-75.3958,-0.5771],[-75.3956,-0.5918],[-75.3883,-0.6056],[-75.3849,-0.6082],[-75.3776,-0.6072],[-75.3709,-0.602],[-75.3671,-0.6028],[-75.3579,-0.6135],[-75.3466,-0.6208],[-75.3399,-0.6211],[-75.3343,-0.6189],[-75.3223,-0.6178],[-75.3167,-0.6199],[-75.3077,-0.6303],[-75.2997,-0.63],[-75.2884,-0.6206],[-75.2856,-0.62],[-75.2852,-0.6309],[-75.2879,-0.6405],[-75.2888,-0.6521],[-75.2846,-0.6562],[-75.2743,-0.6462],[-75.2636,-0.6454],[-75.2603,-0.6503],[-75.2629,-0.6551],[-75.2586,-0.656],[-75.2576,-0.6437],[-75.2491,-0.6474],[-75.2501,-0.6416],[-75.2461,-0.6388],[-75.2405,-0.6454],[-75.2319,-0.6459],[-75.2353,-0.6409],[-75.2342,-0.6335],[-75.2309,-0.63],[-75.2236,-0.629],[-75.2271,-0.6264],[-75.2239,-0.6227],[-75.2287,-0.6191],[-75.2335,-0.6084],[-75.2266,-0.6065],[-75.2306,-0.6025],[-75.24,-0.602],[-75.2395,-0.5903],[-75.2373,-0.5895],[-75.2391,-0.5781],[-75.2346,-0.5805],[-75.2255,-0.5717],[-75.2278,-0.5702],[-75.2298,-0.5611],[-75.2269,-0.5549],[-75.2277,-0.5504],[-75.2405,-0.5489],[-75.2448,-0.5454],[-75.2382,-0.5392],[-75.2425,-0.5364],[-75.2393,-0.533],[-75.2438,-0.5328],[-75.2415,-0.5245],[-75.2468,-0.5219],[-75.2467,-0.5183],[-75.2517,-0.5188],[-75.2631,-0.5289],[-75.2621,-0.5334],[-75.2689,-0.5291],[-75.2653,-0.5272],[-75.2696,-0.5195],[-75.2727,-0.5178],[-75.2667,-0.5085],[-75.2705,-0.5014],[-75.2724,-0.5058],[-75.278,-0.4978],[-75.2852,-0.4989],[-75.2899,-0.5027],[-75.2952,-0.5019],[-75.3009,-0.4923],[-75.3126,-0.4946],[-75.3146,-0.4869],[-75.3106,-0.4859],[-75.3101,-0.4811],[-75.3142,-0.476],[-75.3113,-0.4753],[-75.3163,-0.4635],[-75.3188,-0.4645],[-75.3268,-0.4606],[-75.3248,-0.453],[-75.3302,-0.4515],[-75.3348,-0.4549],[-75.3368,-0.4602],[-75.3421,-0.4588],[-75.3444,-0.464],[-75.3492,-0.4636],[-75.3541,-0.4584],[-75.3561,-0.4468],[-75.3672,-0.4458],[-75.3757,-0.438],[-75.3852,-0.4368],[-75.3917,-0.4245],[-75.3884,-0.4173],[-75.3949,-0.4092],[-75.3973,-0.4103],[-75.4026,-0.4007],[-75.411,-0.3991],[-75.4166,-0.3907],[-75.4182,-0.3856],[-75.4248,-0.3814],[-75.4262,-0.3707],[-75.4314,-0.37],[-75.4328,-0.3631],[-75.4417,-0.3541],[-75.4432,-0.3424],[-75.4562,-0.3286],[-75.4637,-0.3175],[-75.4661,-0.3114],[-75.4646,-0.2999],[-75.4717,-0.2981],[-75.4748,-0.2928],[-75.4691,-0.2815],[-75.4724,-0.2746],[-75.4789,-0.2686],[-75.4812,-0.2602],[-75.4793,-0.2537],[-75.4814,-0.2522],[-75.4822,-0.2371],[-75.4894,-0.2336],[-75.495,-0.2271],[-75.4983,-0.2275],[-75.502,-0.2212],[-75.5024,-0.2146],[-75.5107,-0.2085],[-75.5137,-0.1972],[-75.5207,-0.1962],[-75.5246,-0.1886],[-75.5307,-0.185],[-75.5382,-0.1757],[-75.544,-0.1765],[-75.5578,-0.1809],[-75.5609,-0.1842],[-75.5701,-0.1849],[-75.579,-0.1779],[-75.5859,-0.188],[-75.5903,-0.1905],[-75.6102,-0.193],[-75.6105,-0.1667],[-75.6105,-0.1136],[-75.6183,-0.1142],[-75.6259,-0.1263],[-75.6274,-0.1248],[-75.6331,-0.1351],[-75.6361,-0.1328],[-75.6381,-0.1378],[-75.6423,-0.1385],[-75.6398,-0.1493],[-75.6521,-0.1573],[-75.6546,-0.1632],[-75.6664,-0.1651],[-75.6731,-0.1708],[-75.6769,-0.169],[-75.6922,-0.1683],[-75.6974,-0.1649],[-75.7134,-0.1649],[-75.7179,-0.1616],[-75.7256,-0.1658],[-75.7317,-0.1584],[-75.7367,-0.1603],[-75.7412,-0.1588],[-75.7468,-0.1508],[-75.7507,-0.1495],[-75.7548,-0.144],[-75.7588,-0.1471],[-75.7628,-0.1421],[-75.7713,-0.1384],[-75.7787,-0.1389],[-75.7859,-0.1321],[-75.7937,-0.1305],[-75.7985,-0.1326],[-75.7987,-0.1282],[-75.8038,-0.1273],[-75.8139,-0.1317],[-75.8302,-0.13],[-75.8328,-0.1322],[-75.8421,-0.1334],[-75.849,-0.1317],[-75.8492,-0.1272],[-75.8568,-0.1258],[-75.8578,-0.1215],[-75.863,-0.1207],[-75.8624,-0.1077],[-75.8666,-0.1119],[-75.8676,-0.1059],[-75.8758,-0.1051],[-75.8791,-0.107],[-75.8858,-0.1023],[-75.8913,-0.102],[-75.8937,-0.0981],[-75.9017,-0.0944],[-75.9032,-0.0965],[-75.9289,-0.1501],[-75.9362,-0.1643],[-75.9368,-0.1577],[-75.9442,-0.1571],[-75.9433,-0.1625],[-75.9461,-0.1643],[-75.9532,-0.1629],[-75.9603,-0.1594],[-75.9634,-0.1521],[-75.9596,-0.1386],[-75.9555,-0.1344],[-75.9583,-0.1239],[-75.9632,-0.1247],[-75.9689,-0.1206],[-75.9698,-0.1263],[-75.9758,-0.1315],[-75.982,-0.1326],[-75.9899,-0.1289],[-75.9923,-0.123],[-75.9892,-0.1233],[-75.9888,-0.1113],[-75.9914,-0.1059],[-75.9985,-0.1077],[-76.0042,-0.1067],[-76.0092,-0.0949],[-76.018,-0.0939],[-76.0322,-0.0995],[-76.0332,-0.0947],[-76.043,-0.0965],[-76.0387,-0.0998],[-76.0496,-0.1074],[-76.0664,-0.1116],[-76.075,-0.1069],[-76.0813,-0.106],[-76.0909,-0.1075],[-76.1028,-0.099],[-76.1033,-0.0956],[-76.1121,-0.0945],[-76.1137,-0.0896],[-76.1239,-0.0859],[-76.1227,-0.0942],[-76.1291,-0.0925],[-76.131,-0.0977],[-76.1375,-0.0974],[-76.1451,-0.0938],[-76.149,-0.0877],[-76.1519,-0.081],[-76.1573,-0.0761],[-76.1644,-0.0757],[-76.1618,-0.0719],[-76.1664,-0.0695],[-76.1701,-0.0628],[-76.1668,-0.0601],[-76.164,-0.0503],[-76.1587,-0.0391],[-76.1628,-0.0388],[-76.1648,-0.0319],[-76.168,-0.0306],[-76.173,-0.0356],[-76.1833,-0.0306],[-76.1863,-0.0238],[-76.1901,-0.026],[-76.1966,-0.0249],[-76.2009,-0.031],[-76.2065,-0.0275],[-76.2114,-0.0314],[-76.2156,-0.0399],[-76.2212,-0.0368],[-76.2259,-0.0387],[-76.2344,-0.0381],[-76.2425,-0.0356],[-76.2471,-0.0382],[-76.256,-0.0335],[-76.2603,-0.0332],[-76.2678,-0.0377],[-76.2833,-0.0364],[-76.2893,-0.0295],[-76.2933,-0.0295],[-76.3002,-0.0241],[-76.3008,-0.029],[-76.306,-0.0312],[-76.3123,-0.0296],[-76.3241,-0.0303],[-76.3269,-0.0333],[-76.3315,-0.0313],[-76.3357,-0.0345],[-76.3427,-0.0328],[-76.3464,-0.0297],[-76.3577,-0.0318],[-76.3641,-0.0271],[-76.3644,-0.0241],[-76.37,-0.0219],[-76.3718,-0.0246],[-76.3802,-0.0218]]]},"properties":{"poblacion":7133,"dpa_descan":"CUYABENO","dpa_provin":"21","dpa_despro":"SUCUMBIOS","dpa_canton":"2107"}},
{"type":"Feature","geometry":{"type":"Polygon","coordinates":[[[-79.1341,-2.1189],[-79.1475,-2.1221],[-79.1555,-2.1198],[-79.162,-2.1218],[-79.1656,-2.1302],[-79.1686,-2.1329],[-79.169,-2.1415],[-79.1754,-2.1457],[-79.1878,-2.1415],[-79.1937,-2.1311],[-79.2035,-2.1335],[-79.2103,-2.1287],[-79.2192,-2.1256],[-79.2286,-2.1169],[-79.2315,-2.108],[-79.2357,-2.1038],[-79.249,-2.1025],[-79.2524,-2.0935],[-79.2598,-2.0902],[-79.2587,-2.088],[-79.2634,-2.0821],[-79.269,-2.0933],[-79.2711,-2.1038],[-79.2738,-2.1158],[-79.2761,-2.1178],[-79.2691,-2.1236],[-79.2749,-2.1223],[-79.2801,-2.1251],[-79.2671,-2.1409],[-79.268,-2.1498],[-79.2805,-2.1454],[-79.2823,-2.1641],[-79.2868,-2.1765],[-79.2869,-2.1867],[-79.2835,-2.1881],[-79.2801,-2.1847],[-79.2756,-2.1853],[-79.266,-2.192],[-79.258,-2.1926],[-79.2483,-2.1963],[-79.2405,-2.1956],[-79.2211,-2.1995],[-79.2043,-2.1959],[-79.1946,-2.1917],[-79.1891,-2.1923],[-79.1792,-2.1985],[-79.1636,-2.2027],[-79.152,-2.2014],[-79.1425,-2.2027],[-79.1271,-2.2025],[-79.1167,-2.1829],[-79.1383,-2.1824],[-79.1321,-2.1746],[-79.1293,-2.1655],[-79.1098,-2.1505],[-79.1047,-2.1431],[-79.1021,-2.1333],[-79.1071,-2.1329],[-79.121,-2.1409],[-79.1196,-2.1308],[-79.1164,-2.1269],[-79.115,-2.1191],[-79.1248,-2.1135],[-79.1341,-2.1189]]]},"properties":{"poblacion":10642,"dpa_descan":"GNRAL. ANTONIO ELIZALDE","dpa_provin":"09","dpa_despro":"GUAYAS","dpa_canton":"0927"}},
{"type":"Feature","geometry":{"type":"Polygon","coordinates":[[[-80.2573,-2.0963],[-80.2506,-2.1017],[-80.2369,-2.1049],[-80.2235,-2.1036],[-80.2185,-2.1045],[-80.2051,-2.1001],[-80.1742,-2.1058],[-80.1655,-2.1046],[-80.1564,-2.1062],[-80.1497,-2.1051],[-80.1429,-2.1114],[-80.1384,-2.1106],[-80.124,-2.0874],[-80.1232,-2.0794],[-80.1201,-2.0678],[-80.1138,-2.0612],[-80.0997,-2.0507],[-80.0957,-2.0408],[-80.0968,-2.0306],[-80.101,-2.0205],[-80.1142,-2.019],[-80.1144,-2.0147],[-80.111,-1.9964],[-80.1023,-1.9941],[-80.0998,-1.9905],[-80.0952,-1.9907],[-80.0914,-1.985],[-80.0896,-1.9716],[-80.0845,-1.9592],[-80.0768,-1.9495],[-80.0731,-1.9422],[-80.0716,-1.9342],[-80.0603,-1.9071],[-80.0772,-1.9096],[-80.0831,-1.9038],[-80.0894,-1.9052],[-80.0964,-1.8968],[-80.1113,-1.8961],[-80.1146,-1.8925],[-80.1186,-1.874],[-80.1218,-1.8747],[-80.1234,-1.8631],[-80.1135,-1.864],[-80.113,-1.8595],[-80.1088,-1.8571],[-80.1114,-1.8533],[-80.1091,-1.8503],[-80.1025,-1.8502],[-80.094,-1.8356],[-80.0892,-1.8333],[-80.0924,-1.8254],[-80.0835,-1.8177],[-80.092,-1.8068],[-80.0923,-1.8029],[-80.088,-1.7924],[-80.0769,-1.7871],[-80.0739,-1.7798],[-80.0776,-1.7744],[-80.0717,-1.7594],[-80.0778,-1.7537],[-80.0841,-1.7514],[-80.088,-1.7525],[-80.0933,-1.7463],[-80.0981,-1.7358],[-80.1107,-1.7363],[-80.1209,-1.7434],[-80.1265,-1.7429],[-80.1395,-1.7463],[-80.141,-1.7496],[-80.1525,-1.7576],[-80.1411,-1.7653],[-80.1396,-1.7706],[-80.1314,-1.7731],[-80.1315,-1.7827],[-80.1283,-1.788],[-80.1295,-1.7915],[-80.1206,-1.7921],[-80.1214,-1.8014],[-80.1337,-1.8243],[-80.1448,-1.8337],[-80.1513,-1.8338],[-80.1432,-1.8405],[-80.1521,-1.8501],[-80.1488,-1.8547],[-80.1478,-1.8643],[-80.1551,-1.8696],[-80.1648,-1.8653],[-80.1729,-1.8726],[-80.1758,-1.8716],[-80.1848,-1.8741],[-80.1908,-1.8796],[-80.1931,-1.8859],[-80.1994,-1.8963],[-80.2025,-1.8964],[-80.2057,-1.9025],[-80.2052,-1.9086],[-80.2127,-1.915],[-80.216,-1.922],[-80.2217,-1.927],[-80.2254,-1.927],[-80.2261,-1.9329],[-80.2318,-1.9387],[-80.2344,-1.9444],[-80.2602,-1.9494],[-80.2582,-1.9518],[-80.2597,-1.9581],[-80.2565,-1.9597],[-80.2629,-1.9624],[-80.2586,-1.967],[-80.2582,-1.9765],[-80.2559,-1.9853],[-80.2585,-1.9935],[-80.2557,-1.9945],[-80.2585,-2.0003],[-80.257,-2.006],[-80.2598,-2.0078],[-80.258,-2.0185],[-80.2539,-2.0251],[-80.254,-2.0331],[-80.2577,-2.0344],[-80.2561,-2.0413],[-80.2599,-2.0501],[-80.2563,-2.0536],[-80.2646,-2.0704],[-80.264,-2.081],[-80.2624,-2.0931],[-80.2573,-2.0963]]]},"properties":{"poblacion":10870,"dpa_descan":"ISIDRO AYORA","dpa_provin":"09","dpa_despro":"GUAYAS","dpa_canton":"0928"}},
{"type":"Feature","geometry":{"type":"Polygon","coordinates":[[[-79.1522,-3.931],[-79.1484,-3.9275],[-79.1434,-3.9161],[-79.1436,-3.9036],[-79.1374,-3.8992],[-79.1288,-3.8888],[-79.1322,-3.8841],[-79.1296,-3.8788],[-79.133,-3.8687],[-79.1378,-3.8618],[-79.1438,-3.8582],[-79.1455,-3.8544],[-79.1402,-3.847],[-79.1403,-3.8393],[-79.1434,-3.8221],[-79.1563,-3.8185],[-79.1591,-3.8202],[-79.161,-3.8144],[-79.1605,-3.8046],[-79.1676,-3.8024],[-79.1742,-3.7959],[-79.1758,-3.7886],[-79.1778,-3.7798],[-79.1769,-3.7748],[-79.1793,-3.764],[-79.1901,-3.7536],[-79.1896,-3.7477],[-79.1953,-3.725],[-79.2019,-3.7108],[-79.2101,-3.7066],[-79.218,-3.708],[-79.2203,-3.7039],[-79.2179,-3.6975],[-79.2309,-3.6858],[-79.2328,-3.6794],[-79.2471,-3.6839],[-79.253,-3.6734],[-79.2597,-3.6722],[-79.2638,-3.6778],[-79.2705,-3.6781],[-79.2731,-3.6855],[-79.2792,-3.6903],[-79.2888,-3.6856],[-79.2956,-3.6916],[-79.3065,-3.6983],[-79.3089,-3.7097],[-79.3184,-3.7212],[-79.3264,-3.7178],[-79.3258,-3.7058],[-79.3271,-3.6997],[-79.3346,-3.6935],[-79.3502,-3.6951],[-79.3551,-3.691],[-79.3578,-3.6811],[-79.3637,-3.6784],[-79.3734,-3.6801],[-79.3738,-3.6804],[-79.3747,-3.6871],[-79.3839,-3.701],[-79.39,-3.7053],[-79.3984,-3.7085],[-79.4057,-3.7165],[-79.4107,-3.7192],[-79.4156,-3.7254],[-79.4104,-3.7356],[-79.4099,-3.7399],[-79.4039,-3.7517],[-79.4048,-3.7567],[-79.4031,-3.7663],[-79.4049,-3.7716],[-79.4057,-3.7852],[-79.4081,-3.7891],[-79.4097,-3.7909],[-79.4166,-3.7879],[-79.4287,-3.7945],[-79.4294,-3.7994],[-79.4364,-3.8069],[-79.449,-3.8128],[-79.4621,-3.8095],[-79.4723,-3.8022],[-79.4843,-3.8016],[-79.4886,-3.8033],[-79.4931,-3.7967],[-79.5006,-3.7897],[-79.5094,-3.7941],[-79.5121,-3.7896],[-79.5165,-3.7883],[-79.5336,-3.7929],[-79.5373,-3.7966],[-79.5463,-3.7984],[-79.5419,-3.8019],[-79.5361,-3.8109],[-79.5262,-3.8181],[-79.5223,-3.8283],[-79.5156,-3.8338],[-79.5034,-3.8364],[-79.4975,-3.8401],[-79.493,-3.8384],[-79.487,-3.845],[-79.4668,-3.8518],[-79.4549,-3.8679],[-79.4532,-3.8779],[-79.4541,-3.8846],[-79.4607,-3.892],[-79.4553,-3.8937],[-79.4486,-3.8922],[-79.4454,-3.8874],[-79.4387,-3.8841],[-79.4329,-3.8899],[-79.4208,-3.8948],[-79.4116,-3.9045],[-79.4075,-3.912],[-79.3965,-3.9212],[-79.3984,-3.9116],[-79.3962,-3.9064],[-79.3976,-3.8927],[-79.4017,-3.8869],[-79.3912,-3.8886],[-79.3716,-3.8826],[-79.3655,-3.8831],[-79.3592,-3.8918],[-79.3563,-3.8916],[-79.3524,-3.8857],[-79.3482,-3.8877],[-79.3443,-3.8963],[-79.3461,-3.9088],[-79.3348,-3.9103],[-79.3339,-3.9075],[-79.3285,-3.9082],[-79.3241,-3.9139],[-79.3207,-3.9224],[-79.3173,-3.9378],[-79.3185,-3.9466],[-79.3222,-3.9531],[-79.3283,-3.9593],[-79.3332,-3.9677],[-79.3227,-3.9706],[-79.3201,-3.9768],[-79.3118,-3.9852],[-79.2989,-3.9904],[-79.2881,-3.9904],[-79.2789,-3.9929],[-79.2683,-3.9889],[-79.2621,-3.9927],[-79.2587,-3.9959],[-79.2573,-4.0109],[-79.2531,-4.0193],[-79.2474,-4.0237],[-79.2379,-4.0347],[-79.2337,-4.0463],[-79.2308,-4.0501],[-79.2302,-4.0562],[-79.2253,-4.0625],[-79.2275,-4.069],[-79.2258,-4.0756],[-79.2283,-4.078],[-79.2287,-4.0904],[-79.2277,-4.0968],[-79.2234,-4.1009],[-79.2234,-4.1102],[-79.2243,-4.1214],[-79.2356,-4.1338],[-79.2458,-4.1347],[-79.2515,-4.1444],[-79.2555,-4.1472],[-79.2694,-4.1456],[-79.2761,-4.1509],[-79.2827,-4.1599],[-79.2972,-4.1617],[-79.304,-4.1664],[-79.305,-4.1726],[-79.3095,-4.1792],[-79.3156,-4.1816],[-79.32,-4.1869],[-79.3243,-4.1868],[-79.3286,-4.197],[-79.3254,-4.2026],[-79.3294,-4.2111],[-79.3296,-4.2219],[-79.3277,-4.2246],[-79.3341,-4.2349],[-79.3411,-4.2411],[-79.3366,-4.2561],[-79.3326,-4.2598],[-79.3282,-4.2727],[-79.3315,-4.2774],[-79.3307,-4.2832],[-79.3251,-4.2887],[-79.3261,-4.2995],[-79.3312,-4.3036],[-79.3306,-4.3117],[-79.3274,-4.3188],[-79.3206,-4.3226],[-79.3239,-4.3301],[-79.3319,-4.3393],[-79.3318,-4.3448],[-79.3226,-4.3544],[-79.318,-4.3523],[-79.3149,-4.3559],[-79.3149,-4.3634],[-79.3175,-4.3662],[-79.3111,-4.3733],[-79.3142,-4.3942],[-79.3181,-4.4006],[-79.3116,-4.4237],[-79.3086,-4.4506],[-79.3157,-4.4537],[-79.3158,-4.457],[-79.3132,-4.4602],[-79.307,-4.4609],[-79.3036,-4.4656],[-79.3078,-4.4676],[-79.3107,-4.4755],[-79.3097,-4.4941],[-79.317,-4.5055],[-79.3247,-4.5053],[-79.3169,-4.5076],[-79.3029,-4.4991],[-79.3036,-4.4958],[-79.297,-4.4931],[-79.2908,-4.4767],[-79.2878,-4.479],[-79.2825,-4.4747],[-79.2715,-4.4736],[-79.2689,-4.4811],[-79.2606,-4.4879],[-79.2518,-4.4827],[-79.2483,-4.483],[-79.2366,-4.4887],[-79.2253,-4.4925],[-79.2199,-4.4982],[-79.2205,-4.504],[-79.2088,-4.5108],[-79.2041,-4.502],[-79.2027,-4.4959],[-79.1979,-4.4913],[-79.1958,-4.4805],[-79.1885,-4.4746],[-79.185,-4.4816],[-79.1805,-4.4834],[-79.1757,-4.4751],[-79.1677,-4.4747],[-79.1595,-4.4591],[-79.1583,-4.4537],[-79.148,-4.4485],[-79.145,-4.4453],[-79.1421,-4.4335],[-79.1276,-4.4272],[-79.1211,-4.4265],[-79.1182,-4.4236],[-79.1159,-4.4121],[-79.1106,-4.4037],[-79.112,-4.3953],[-79.1104,-4.3935],[-79.1141,-4.3876],[-79.1087,-4.3801],[-79.1111,-4.3748],[-79.1075,-4.3657],[-79.1109,-4.3561],[-79.1145,-4.3413],[-79.1087,-4.3335],[-79.1134,-4.3191],[-79.1205,-4.3076],[-79.1142,-4.3015],[-79.112,-4.2961],[-79.1082,-4.2914],[-79.1079,-4.282],[-79.1121,-4.2769],[-79.1144,-4.2673],[-79.1078,-4.2648],[-79.1055,-4.2568],[-79.107,-4.2386],[-79.1069,-4.2291],[-79.1086,-4.2247],[-79.1016,-4.2136],[-79.1011,-4.2084],[-79.1059,-4.2057],[-79.1048,-4.1991],[-79.1077,-4.1846],[-79.1211,-4.1776],[-79.1252,-4.1688],[-79.1346,-4.1614],[-79.1409,-4.1633],[-79.1509,-4.1604],[-79.1587,-4.154],[-79.1573,-4.1398],[-79.1604,-4.1361],[-79.1576,-4.1289],[-79.1623,-4.115],[-79.1603,-4.1005],[-79.1605,-4.0942],[-79.1539,-4.081],[-79.1528,-4.0666],[-79.1456,-4.0625],[-79.1395,-4.0565],[-79.1393,-4.046],[-79.1364,-4.0351],[-79.1457,-4.0176],[-79.144,-4.0128],[-79.1451,-4.0017],[-79.1478,-3.9949],[-79.1445,-3.9868],[-79.1432,-3.9742],[-79.1512,-3.9638],[-79.1467,-3.9566],[-79.1396,-3.9498],[-79.1428,-3.9413],[-79.1421,-3.9369],[-79.1522,-3.931]]]},"properties":{"poblacion":214855,"dpa_descan":"LOJA","dpa_provin":"11","dpa_despro":"LOJA","dpa_canton":"1101"}},
{"type":"Feature","geometry":{"type":"Polygon","coordinates":[[[-79.2616,-2.4587],[-79.2513,-2.4615],[-79.2537,-2.4707],[-79.2524,-2.4774],[-79.2552,-2.4841],[-79.2478,-2.4853],[-79.2485,-2.5007],[-79.2554,-2.502],[-79.2602,-2.4989],[-79.2764,-2.4975],[-79.2823,-2.5016],[-79.284,-2.5054],[-79.2992,-2.5098],[-79.303,-2.5137],[-79.3105,-2.5115],[-79.3162,-2.5132],[-79.324,-2.5104],[-79.3309,-2.5116],[-79.3394,-2.5106],[-79.3473,-2.5136],[-79.3573,-2.5126],[-79.375,-2.5059],[-79.3877,-2.4976],[-79.393,-2.498],[-79.3889,-2.51],[-79.3853,-2.5144],[-79.3804,-2.5278],[-79.3805,-2.5338],[-79.3769,-2.5397],[-79.3729,-2.5568],[-79.3559,-2.5674],[-79.3449,-2.5658],[-79.3272,-2.5578],[-79.3142,-2.5631],[-79.3051,-2.562],[-79.2948,-2.5658],[-79.2849,-2.5604],[-79.2802,-2.5653],[-79.272,-2.5635],[-79.2553,-2.5738],[-79.256,-2.5784],[-79.2508,-2.5842],[-79.2483,-2.6045],[-79.2454,-2.6143],[-79.2493,-2.6288],[-79.2469,-2.6391],[-79.2438,-2.6429],[-79.2422,-2.6508],[-79.2421,-2.67],[-79.2434,-2.6758],[-79.2399,-2.6785],[-79.2386,-2.6855],[-79.2326,-2.6928],[-79.2316,-2.7],[-79.2253,-2.7105],[-79.2209,-2.7128],[-79.2148,-2.723],[-79.2067,-2.7228],[-79.2045,-2.7199],[-79.1905,-2.721],[-79.1861,-2.7154],[-79.1822,-2.7151],[-79.1783,-2.7194],[-79.1726,-2.7194],[-79.1686,-2.7266],[-79.1633,-2.7305],[-79.1524,-2.7339],[-79.1461,-2.732],[-79.1438,-2.725],[-79.1438,-2.7147],[-79.1225,-2.7152],[-79.1156,-2.7169],[-79.1131,-2.72],[-79.1,-2.7223],[-79.0876,-2.7272],[-79.095,-2.7169],[-79.0904,-2.7095],[-79.0973,-2.6967],[-79.0968,-2.6904],[-79.0928,-2.6827],[-79.0837,-2.6781],[-79.0796,-2.6701],[-79.0809,-2.6652],[-79.0612,-2.658],[-79.0558,-2.6458],[-79.0546,-2.6377],[-79.0468,-2.6289],[-79.0442,-2.6223],[-79.0347,-2.6272],[-79.0277,-2.6394],[-79.0214,-2.6364],[-79.0165,-2.6268],[-79.0043,-2.624],[-79.0018,-2.6215],[-78.9923,-2.6202],[-78.9874,-2.6176],[-78.9854,-2.6113],[-78.9882,-2.605],[-78.9831,-2.6034],[-78.9789,-2.6087],[-78.9622,-2.6159],[-78.9369,-2.6106],[-78.9305,-2.6085],[-78.9146,-2.6246],[-78.9069,-2.6259],[-78.9048,-2.6232],[-78.8952,-2.6219],[-78.8866,-2.6154],[-78.8801,-2.6148],[-78.8875,-2.6256],[-78.8898,-2.6331],[-78.8907,-2.6474],[-78.8857,-2.6503],[-78.8796,-2.6506],[-78.8719,-2.6396],[-78.8553,-2.63],[-78.8483,-2.6355],[-78.846,-2.6317],[-78.8398,-2.6332],[-78.8422,-2.6416],[-78.8405,-2.6449],[-78.8285,-2.6484],[-78.8263,-2.6466],[-78.8132,-2.6486],[-78.8041,-2.6528],[-78.8003,-2.6469],[-78.7869,-2.6382],[-78.7807,-2.6374],[-78.7823,-2.6338],[-78.7797,-2.6229],[-78.7831,-2.6225],[-78.7837,-2.6172],[-78.7809,-2.6073],[-78.7757,-2.602],[-78.7666,-2.5891],[-78.7684,-2.5842],[-78.766,-2.5795],[-78.7656,-2.5713],[-78.768,-2.5677],[-78.766,-2.5626],[-78.7673,-2.552],[-78.7633,-2.5482],[-78.7643,-2.5433],[-78.7613,-2.5312],[-78.7541,-2.5289],[-78.7521,-2.518],[-78.7535,-2.5125],[-78.7463,-2.5037],[-78.7463,-2.4995],[-78.7501,-2.4973],[-78.7484,-2.4864],[-78.7498,-2.4844],[-78.7525,-2.4672],[-78.7491,-2.4604],[-78.7478,-2.4487],[-78.7447,-2.4446],[-78.7489,-2.4407],[-78.7521,-2.4347],[-78.7614,-2.432],[-78.763,-2.4284],[-78.7667,-2.4307],[-78.7731,-2.4291],[-78.7781,-2.4347],[-78.7823,-2.4355],[-78.7868,-2.4306],[-78.7865,-2.4243],[-78.7911,-2.4239],[-78.7984,-2.4163],[-78.7979,-2.4096],[-78.7932,-2.4001],[-78.7913,-2.3907],[-78.792,-2.3847],[-78.797,-2.3817],[-78.8076,-2.3851],[-78.8108,-2.3836],[-78.8135,-2.3772],[-78.8227,-2.3792],[-78.8331,-2.3842],[-78.8419,-2.3948],[-78.8479,-2.3971],[-78.856,-2.3901],[-78.8601,-2.3956],[-78.8644,-2.3962],[-78.8708,-2.3935],[-78.8786,-2.3926],[-78.8869,-2.3944],[-78.8898,-2.3991],[-78.9051,-2.4114],[-78.9118,-2.4193],[-78.916,-2.4121],[-78.9196,-2.4125],[-78.9236,-2.4073],[-78.9328,-2.4039],[-78.9355,-2.4052],[-78.9518,-2.4005],[-78.9583,-2.3965],[-78.968,-2.3935],[-78.9748,-2.3916],[-78.9762,-2.3784],[-78.9861,-2.3761],[-78.9898,-2.3774],[-79.0051,-2.3775],[-79.01,-2.3752],[-79.0134,-2.3689],[-79.0185,-2.3644],[-79.0273,-2.3624],[-79.0283,-2.3586],[-79.043,-2.3402],[-79.0465,-2.3315],[-79.0517,-2.33],[-79.0511,-2.322],[-79.0631,-2.3147],[-79.0659,-2.306],[-79.0617,-2.3002],[-79.0669,-2.2997],[-79.0707,-2.292],[-79.0845,-2.2893],[-79.0886,-2.2861],[-79.0901,-2.2784],[-79.092,-2.266],[-79.0965,-2.2619],[-79.1007,-2.2537],[-79.1231,-2.2466],[-79.1303,-2.2424],[-79.1332,-2.2368],[-79.1323,-2.2326],[-79.1353,-2.2242],[-79.1341,-2.2182],[-79.1363,-2.2131],[-79.141,-2.2131],[-79.1423,-2.2169],[-79.1416,-2.2335],[-79.1474,-2.2374],[-79.1519,-2.2526],[-79.1563,-2.2569],[-79.1638,-2.27],[-79.1685,-2.2757],[-79.1729,-2.2848],[-79.1757,-2.2984],[-79.1753,-2.3033],[-79.1863,-2.3052],[-79.1978,-2.3101],[-79.2089,-2.3128],[-79.2056,-2.3184],[-79.2055,-2.3241],[-79.2006,-2.3276],[-79.1995,-2.3347],[-79.2067,-2.3406],[-79.2096,-2.3463],[-79.2071,-2.354],[-79.2067,-2.3619],[-79.2108,-2.3752],[-79.1996,-2.3861],[-79.2007,-2.3902],[-79.2113,-2.3961],[-79.2265,-2.4094],[-79.2409,-2.4305],[-79.2414,-2.4357],[-79.2513,-2.4406],[-79.2616,-2.4587]],[[-78.9867,-2.5064],[-78.9791,-2.4946],[-78.9649,-2.4946],[-78.9605,-2.4862],[-78.9503,-2.4871],[-78.9437,-2.4855],[-78.9375,-2.478],[-78.9243,-2.4773],[-78.9148,-2.4731],[-78.9063,-2.4622],[-78.8921,-2.4547],[-78.8897,-2.4495],[-78.8894,-2.4409],[-78.8737,-2.4295],[-78.8711,-2.4287],[-78.8689,-2.4352],[-78.8574,-2.4442],[-78.8576,-2.4539],[-78.8608,-2.4573],[-78.8754,-2.4584],[-78.8831,-2.465],[-78.8873,-2.4774],[-78.8782,-2.4886],[-78.8812,-2.4964],[-78.8874,-2.4964],[-78.889,-2.5014],[-78.887,-2.5111],[-78.8944,-2.5155],[-78.8995,-2.5162],[-78.9052,-2.5212],[-78.9119,-2.5335],[-78.9172,-2.5356],[-78.921,-2.5337],[-78.9267,-2.5298],[-78.9317,-2.5297],[-78.9382,-2.5259],[-78.9394,-2.5209],[-78.9479,-2.5195],[-78.9666,-2.5235],[-78.9756,-2.5175],[-78.9832,-2.5156],[-78.9867,-2.5064]],[[-79.0461,-2.4245],[-79.0387,-2.4231],[-79.034,-2.4265],[-79.0239,-2.4288],[-79.0229,-2.4327],[-79.0196,-2.4365],[-79.0118,-2.4408],[-79.0177,-2.4484],[-79.0314,-2.454],[-79.0368,-2.4583],[-79.0409,-2.4654],[-79.0467,-2.4676],[-79.0541,-2.4752],[-79.0607,-2.4905],[-79.059,-2.4962],[-79.0613,-2.5011],[-79.0796,-2.5041],[-79.0897,-2.4999],[-79.103,-2.4975],[-79.1145,-2.4938],[-79.119,-2.4854],[-79.1035,-2.4711],[-79.1022,-2.4614],[-79.0934,-2.4606],[-79.0856,-2.4554],[-79.08,-2.4462],[-79.068,-2.4353],[-79.062,-2.4327],[-79.0528,-2.4261],[-79.0461,-2.4245]]]},"properties":{"poblacion":59323,"dpa_descan":"CAÑAR","dpa_provin":"03","dpa_despro":"CAÑAR","dpa_canton":"0303"}},
{"type":"Feature","geometry":{"type":"Polygon","coordinates":[[[-79.3586,-2.3631],[-79.3662,-2.3601],[-79.3747,-2.358],[-79.3813,-2.3596],[-79.3826,-2.3571],[-79.3916,-2.3588],[-79.3987,-2.3542],[-79.4013,-2.3429],[-79.4095,-2.3406],[-79.4161,-2.3365],[-79.42,-2.3592],[-79.4306,-2.3589],[-79.4337,-2.3735],[-79.4318,-2.3785],[-79.4263,-2.3804],[-79.4186,-2.3781],[-79.4346,-2.4015],[-79.4606,-2.439],[-79.4672,-2.4473],[-79.48,-2.4674],[-79.4878,-2.4702],[-79.5021,-2.4778],[-79.5117,-2.4844],[-79.5144,-2.4903],[-79.5202,-2.4914],[-79.5312,-2.4997],[-79.5158,-2.5195],[-79.5204,-2.5223],[-79.517,-2.5266],[-79.5123,-2.525],[-79.5009,-2.5259],[-79.4988,-2.5329],[-79.4952,-2.5285],[-79.4889,-2.529],[-79.4884,-2.5251],[-79.4821,-2.5228],[-79.4791,-2.5136],[-79.4734,-2.5123],[-79.4742,-2.509],[-79.4672,-2.5073],[-79.4617,-2.5007],[-79.4546,-2.4982],[-79.447,-2.5044],[-79.4375,-2.4996],[-79.4322,-2.5007],[-79.4267,-2.4988],[-79.4165,-2.4969],[-79.4072,-2.4989],[-79.4015,-2.4966],[-79.393,-2.498],[-79.3877,-2.4976],[-79.375,-2.5059],[-79.3573,-2.5126],[-79.3473,-2.5136],[-79.3394,-2.5106],[-79.3309,-2.5116],[-79.324,-2.5104],[-79.3162,-2.5132],[-79.3105,-2.5115],[-79.303,-2.5137],[-79.2992,-2.5098],[-79.284,-2.5054],[-79.2823,-2.5016],[-79.2764,-2.4975],[-79.2602,-2.4989],[-79.2554,-2.502],[-79.2485,-2.5007],[-79.2478,-2.4853],[-79.2552,-2.4841],[-79.2524,-2.4774],[-79.2537,-2.4707],[-79.2513,-2.4615],[-79.2616,-2.4587],[-79.2853,-2.4669],[-79.2919,-2.4667],[-79.2926,-2.4633],[-79.2884,-2.4538],[-79.2909,-2.451],[-79.2922,-2.4306],[-79.2939,-2.4249],[-79.3011,-2.4149],[-79.3028,-2.4023],[-79.3145,-2.3954],[-79.3227,-2.3932],[-79.3225,-2.3889],[-79.3323,-2.3827],[-79.3353,-2.3728],[-79.3398,-2.3752],[-79.3395,-2.3712],[-79.3481,-2.3679],[-79.3476,-2.3703],[-79.3586,-2.3631]]]},"properties":{"poblacion":54389,"dpa_descan":"LA TRONCAL","dpa_provin":"03","dpa_despro":"CAÑAR","dpa_canton":"0304"}},
{"type":"Feature","geometry":{"type":"Polygon","coordinates":[[[-78.921,-2.5337],[-78.9172,-2.5356],[-78.9119,-2.5335],[-78.9052,-2.5212],[-78.8995,-2.5162],[-78.8944,-2.5155],[-78.887,-2.5111],[-78.889,-2.5014],[-78.8874,-2.4964],[-78.8812,-2.4964],[-78.8782,-2.4886],[-78.8873,-2.4774],[-78.8831,-2.465],[-78.8754,-2.4584],[-78.8608,-2.4573],[-78.8576,-2.4539],[-78.8574,-2.4442],[-78.8689,-2.4352],[-78.8711,-2.4287],[-78.8737,-2.4295],[-78.8894,-2.4409],[-78.8897,-2.4495],[-78.8921,-2.4547],[-78.9063,-2.4622],[-78.9148,-2.4731],[-78.9243,-2.4773],[-78.9375,-2.478],[-78.9437,-2.4855],[-78.9503,-2.4871],[-78.9605,-2.4862],[-78.9649,-2.4946],[-78.9791,-2.4946],[-78.9867,-2.5064],[-78.9832,-2.5156],[-78.9756,-2.5175],[-78.9666,-2.5235],[-78.9479,-2.5195],[-78.9394,-2.5209],[-78.9382,-2.5259],[-78.9317,-2.5297],[-78.9267,-2.5298],[-78.921,-2.5337]]]},"properties":{"poblacion":9475,"dpa_descan":"EL TAMBO","dpa_provin":"03","dpa_despro":"CAÑAR","dpa_canton":"0305"}},
{"type":"Feature","geometry":{"type":"Polygon","coordinates":[[[-79.6069,-4.1747],[-79.6102,-4.1748],[-79.6201,-4.1803],[-79.6348,-4.1778],[-79.6354,-4.1834],[-79.6399,-4.1789],[-79.6438,-4.1784],[-79.6513,-4.173],[-79.654,-4.1738],[-79.6586,-4.1719],[-79.6759,-4.1719],[-79.6813,-4.1756],[-79.6899,-4.1702],[-79.6951,-4.1702],[-79.7016,-4.1639],[-79.7135,-4.1585],[-79.7147,-4.155],[-79.7237,-4.1506],[-79.7267,-4.1567],[-79.7233,-4.1642],[-79.7233,-4.1747],[-79.7275,-4.1926],[-79.7264,-4.204],[-79.7304,-4.2075],[-79.7331,-4.2141],[-79.746,-4.2176],[-79.7503,-4.2268],[-79.7543,-4.2307],[-79.7507,-4.2331],[-79.7498,-4.2391],[-79.7404,-4.2425],[-79.7435,-4.2558],[-79.7541,-4.2687],[-79.7604,-4.267],[-79.7725,-4.2762],[-79.7717,-4.281],[-79.7608,-4.2863],[-79.7555,-4.2862],[-79.7465,-4.3001],[-79.7328,-4.3081],[-79.735,-4.3114],[-79.7358,-4.3235],[-79.7418,-4.3261],[-79.7465,-4.3326],[-79.7359,-4.3399],[-79.7384,-4.3471],[-79.7372,-4.3547],[-79.7343,-4.3593],[-79.732,-4.3684],[-79.7251,-4.3797],[-79.7187,-4.3936],[-79.7194,-4.397],[-79.7002,-4.4102],[-79.6916,-4.4127],[-79.6845,-4.4201],[-79.6812,-4.4277],[-79.6784,-4.4482],[-79.6738,-4.4476],[-79.6712,-4.4439],[-79.6629,-4.4417],[-79.6551,-4.4341],[-79.6492,-4.4365],[-79.6448,-4.4337],[-79.6333,-4.4383],[-79.6167,-4.446],[-79.6147,-4.4509],[-79.6082,-4.4573],[-79.6026,-4.456],[-79.6014,-4.4603],[-79.5968,-4.4624],[-79.5984,-4.4671],[-79.5914,-4.469],[-79.593,-4.4742],[-79.5795,-4.4882],[-79.5821,-4.4905],[-79.5761,-4.5032],[-79.5705,-4.5018],[-79.5644,-4.5075],[-79.5607,-4.5155],[-79.5592,-4.5124],[-79.55,-4.5139],[-79.5437,-4.5206],[-79.5442,-4.5259],[-79.5291,-4.5263],[-79.527,-4.5295],[-79.5244,-4.5249],[-79.5196,-4.5227],[-79.5126,-4.5162],[-79.5123,-4.5118],[-79.5055,-4.5083],[-79.5074,-4.5041],[-79.505,-4.4978],[-79.49,-4.4892],[-79.4876,-4.4848],[-79.4824,-4.4819],[-79.4838,-4.4761],[-79.4872,-4.4718],[-79.4853,-4.4673],[-79.4895,-4.4557],[-79.4854,-4.4503],[-79.4899,-4.4462],[-79.4899,-4.4401],[-79.487,-4.4321],[-79.481,-4.4313],[-79.4689,-4.4246],[-79.4656,-4.4259],[-79.4631,-4.4204],[-79.4579,-4.4171],[-79.4576,-4.4141],[-79.4509,-4.4093],[-79.4409,-4.406],[-79.4409,-4.3957],[-79.4337,-4.3942],[-79.4327,-4.3903],[-79.4249,-4.3811],[-79.4302,-4.3723],[-79.4286,-4.3659],[-79.4334,-4.3576],[-79.4384,-4.354],[-79.4402,-4.3466],[-79.4355,-4.3431],[-79.4375,-4.3353],[-79.4368,-4.3281],[-79.4455,-4.3269],[-79.4582,-4.3212],[-79.4609,-4.3225],[-79.4643,-4.326],[-79.4789,-4.3291],[-79.4835,-4.3272],[-79.4904,-4.33],[-79.4951,-4.3246],[-79.4945,-4.3167],[-79.4984,-4.3143],[-79.501,-4.3034],[-79.505,-4.302],[-79.5046,-4.2943],[-79.5077,-4.2878],[-79.5198,-4.2836],[-79.5225,-4.2785],[-79.523,-4.2649],[-79.5249,-4.2593],[-79.5352,-4.2514],[-79.5425,-4.2491],[-79.5459,-4.2408],[-79.563,-4.2482],[-79.5719,-4.2477],[-79.581,-4.2446],[-79.5836,-4.2396],[-79.5832,-4.2333],[-79.5801,-4.2285],[-79.5853,-4.2119],[-79.5822,-4.2072],[-79.5843,-4.2055],[-79.5909,-4.1913],[-79.6047,-4.1816],[-79.6069,-4.1747]]]},"properties":{"poblacion":28185,"dpa_descan":"CALVAS","dpa_provin":"11","dpa_despro":"LOJA","dpa_canton":"1102"}},
{"type":"Feature","geometry":{"type":"Polygon","coordinates":[[[-79.2683,-3.9889],[-79.2789,-3.9929],[-79.2881,-3.9904],[-79.2989,-3.9904],[-79.3118,-3.9852],[-79.3201,-3.9768],[-79.3227,-3.9706],[-79.3332,-3.9677],[-79.3283,-3.9593],[-79.3222,-3.9531],[-79.3185,-3.9466],[-79.3173,-3.9378],[-79.3207,-3.9224],[-79.3241,-3.9139],[-79.3285,-3.9082],[-79.3339,-3.9075],[-79.3348,-3.9103],[-79.3461,-3.9088],[-79.3443,-3.8963],[-79.3482,-3.8877],[-79.3524,-3.8857],[-79.3563,-3.8916],[-79.3592,-3.8918],[-79.3655,-3.8831],[-79.3716,-3.8826],[-79.3912,-3.8886],[-79.4017,-3.8869],[-79.3976,-3.8927],[-79.3962,-3.9064],[-79.3984,-3.9116],[-79.3965,-3.9212],[-79.4075,-3.912],[-79.4116,-3.9045],[-79.4208,-3.8948],[-79.4329,-3.8899],[-79.4387,-3.8841],[-79.4454,-3.8874],[-79.4486,-3.8922],[-79.4553,-3.8937],[-79.4607,-3.892],[-79.4541,-3.8846],[-79.4532,-3.8779],[-79.4549,-3.8679],[-79.4668,-3.8518],[-79.487,-3.845],[-79.493,-3.8384],[-79.4975,-3.8401],[-79.5034,-3.8364],[-79.5156,-3.8338],[-79.5223,-3.8283],[-79.5262,-3.8181],[-79.5361,-3.8109],[-79.5419,-3.8019],[-79.5463,-3.7984],[-79.5513,-3.8016],[-79.5593,-3.8029],[-79.5658,-3.8019],[-79.5682,-3.7984],[-79.5763,-3.7953],[-79.5716,-3.8027],[-79.5759,-3.8108],[-79.5805,-3.8305],[-79.5831,-3.8365],[-79.5744,-3.8457],[-79.5743,-3.854],[-79.5663,-3.8618],[-79.5605,-3.8789],[-79.5569,-3.8828],[-79.5503,-3.894],[-79.5464,-3.8949],[-79.5438,-3.9015],[-79.5477,-3.912],[-79.545,-3.9135],[-79.5334,-3.9277],[-79.5331,-3.9374],[-79.5398,-3.9495],[-79.538,-3.9562],[-79.5392,-3.9626],[-79.5327,-3.9766],[-79.5255,-3.9847],[-79.5225,-3.9967],[-79.5227,-4.0007],[-79.5146,-4.0056],[-79.5186,-4.009],[-79.5177,-4.0159],[-79.52,-4.0237],[-79.5163,-4.0288],[-79.512,-4.0299],[-79.5077,-4.0312],[-79.4991,-4.0293],[-79.4963,-4.0307],[-79.488,-4.0274],[-79.4835,-4.0297],[-79.4761,-4.0298],[-79.4679,-4.0267],[-79.467,-4.0231],[-79.4596,-4.0224],[-79.4573,-4.014],[-79.4444,-4.0019],[-79.4417,-4.0034],[-79.425,-4.0025],[-79.4226,-4.0066],[-79.4147,-4.0067],[-79.4097,-4.0104],[-79.4033,-4.0058],[-79.3992,-4.0105],[-79.3951,-4.0212],[-79.3905,-4.0292],[-79.3874,-4.0405],[-79.3852,-4.0422],[-79.3825,-4.0532],[-79.3695,-4.0625],[-79.3648,-4.063],[-79.357,-4.0723],[-79.3572,-4.0769],[-79.3533,-4.0811],[-79.3574,-4.0866],[-79.3441,-4.0994],[-79.3419,-4.1047],[-79.3422,-4.1127],[-79.3339,-4.1233],[-79.3321,-4.1339],[-79.3345,-4.1338],[-79.343,-4.1427],[-79.3443,-4.1526],[-79.3409,-4.1562],[-79.3341,-4.1589],[-79.3351,-4.1634],[-79.3253,-4.1765],[-79.3243,-4.1868],[-79.32,-4.1869],[-79.3156,-4.1816],[-79.3095,-4.1792],[-79.305,-4.1726],[-79.304,-4.1664],[-79.2972,-4.1617],[-79.2827,-4.1599],[-79.2761,-4.1509],[-79.2694,-4.1456],[-79.2555,-4.1472],[-79.2515,-4.1444],[-79.2458,-4.1347],[-79.2356,-4.1338],[-79.2243,-4.1214],[-79.2234,-4.1102],[-79.2234,-4.1009],[-79.2277,-4.0968],[-79.2287,-4.0904],[-79.2283,-4.078],[-79.2258,-4.0756],[-79.2275,-4.069],[-79.2253,-4.0625],[-79.2302,-4.0562],[-79.2308,-4.0501],[-79.2337,-4.0463],[-79.2379,-4.0347],[-79.2474,-4.0237],[-79.2531,-4.0193],[-79.2573,-4.0109],[-79.2587,-3.9959],[-79.2621,-3.9927],[-79.2683,-3.9889]]]},"properties":{"poblacion":30638,"dpa_descan":"CATAMAYO","dpa_provin":"11","dpa_despro":"LOJA","dpa_canton":"1103"}},
{"type":"Feature","geometry":{"type":"Polygon","coordinates":[[[-79.7036,-3.4996],[-79.6966,-3.5037],[-79.6924,-3.5098],[-79.6734,-3.5122],[-79.6703,-3.5153],[-79.6602,-3.5111],[-79.6504,-3.514],[-79.6456,-3.5132],[-79.6388,-3.5082],[-79.6344,-3.5038],[-79.6249,-3.5103],[-79.6214,-3.5152],[-79.6128,-3.5178],[-79.6061,-3.5271],[-79.6047,-3.5345],[-79.6008,-3.5408],[-79.5868,-3.541],[-79.5822,-3.5385],[-79.5703,-3.5395],[-79.5636,-3.5427],[-79.5558,-3.5431],[-79.5507,-3.5473],[-79.5458,-3.5475],[-79.5393,-3.5409],[-79.5389,-3.5336],[-79.5443,-3.5279],[-79.5437,-3.5225],[-79.5521,-3.5158],[-79.5539,-3.5117],[-79.5461,-3.5081],[-79.548,-3.5022],[-79.5452,-3.4969],[-79.5453,-3.4901],[-79.5419,-3.4843],[-79.5407,-3.4745],[-79.5381,-3.4716],[-79.5492,-3.4524],[-79.5481,-3.4426],[-79.5446,-3.4331],[-79.5498,-3.4285],[-79.5542,-3.4194],[-79.5552,-3.4122],[-79.5533,-3.4094],[-79.5572,-3.4029],[-79.5545,-3.3909],[-79.5557,-3.3874],[-79.5586,-3.3905],[-79.5658,-3.3927],[-79.5692,-3.3909],[-79.5805,-3.3913],[-79.5854,-3.3869],[-79.5893,-3.3762],[-79.581,-3.3728],[-79.5797,-3.3655],[-79.5837,-3.3543],[-79.5903,-3.3415],[-79.5927,-3.3296],[-79.6062,-3.3308],[-79.6071,-3.3361],[-79.6113,-3.3431],[-79.6241,-3.3469],[-79.6338,-3.3455],[-79.637,-3.3402],[-79.6458,-3.3379],[-79.6588,-3.3393],[-79.6578,-3.3353],[-79.6647,-3.3311],[-79.6699,-3.3384],[-79.6704,-3.3452],[-79.6684,-3.3563],[-79.6697,-3.3608],[-79.665,-3.3698],[-79.6699,-3.3697],[-79.6817,-3.3738],[-79.6869,-3.369],[-79.6884,-3.3717],[-79.6949,-3.3705],[-79.702,-3.3785],[-79.701,-3.3821],[-79.7076,-3.3903],[-79.7111,-3.4039],[-79.71,-3.4114],[-79.7051,-3.4159],[-79.7012,-3.4247],[-79.7006,-3.4308],[-79.7097,-3.4312],[-79.7147,-3.4482],[-79.719,-3.455],[-79.7357,-3.4573],[-79.7399,-3.4642],[-79.7332,-3.4694],[-79.7292,-3.4758],[-79.722,-3.4806],[-79.7209,-3.4845],[-79.7111,-3.4903],[-79.7079,-3.4974],[-79.7036,-3.4996]]]},"properties":{"poblacion":2484,"dpa_descan":"CHILLA","dpa_provin":"07","dpa_despro":"EL ORO","dpa_canton":"0705"}},
{"type":"Feature","geometry":{"type":"Polygon","coordinates":[[[-79.9509,-3.2179],[-79.9509,-3.218],[-79.9508,-3.218],[-79.9476,-3.2195],[-79.9457,-3.2241],[-79.9434,-3.2337],[-79.917,-3.2304],[-79.9081,-3.232],[-79.8964,-3.241],[-79.8719,-3.2579],[-79.8688,-3.2666],[-79.8631,-3.2703],[-79.8545,-3.2691],[-79.8498,-3.2717],[-79.8423,-3.2785],[-79.8376,-3.2759],[-79.8367,-3.2734],[-79.8215,-3.2645],[-79.811,-3.2571],[-79.7908,-3.2504],[-79.7901,-3.2546],[-79.7842,-3.2595],[-79.7792,-3.2689],[-79.7741,-3.2739],[-79.7641,-3.2783],[-79.7571,-3.2759],[-79.7523,-3.2765],[-79.7448,-3.2712],[-79.7345,-3.2686],[-79.7322,-3.2713],[-79.725,-3.272],[-79.708,-3.2678],[-79.6989,-3.2675],[-79.6858,-3.2559],[-79.678,-3.2455],[-79.6803,-3.2372],[-79.6803,-3.2294],[-79.6822,-3.2195],[-79.6723,-3.2101],[-79.6694,-3.2036],[-79.6624,-3.1985],[-79.6585,-3.1912],[-79.6514,-3.1874],[-79.6335,-3.1855],[-79.6238,-3.1869],[-79.6138,-3.1803],[-79.5977,-3.1807],[-79.6019,-3.1706],[-79.609,-3.1606],[-79.6195,-3.1489],[-79.628,-3.1471],[-79.6326,-3.1423],[-79.6341,-3.1369],[-79.6369,-3.137],[-79.6411,-3.1315],[-79.6521,-3.127],[-79.6588,-3.1271],[-79.6667,-3.1222],[-79.6729,-3.1211],[-79.6811,-3.1157],[-79.6887,-3.1055],[-79.6942,-3.104],[-79.7049,-3.1046],[-79.7091,-3.1007],[-79.7221,-3.0969],[-79.7278,-3.0985],[-79.7353,-3.0954],[-79.7469,-3.08],[-79.7542,-3.076],[-79.7556,-3.0697],[-79.763,-3.0668],[-79.7632,-3.0627],[-79.768,-3.0606],[-79.7763,-3.0638],[-79.7916,-3.0578],[-79.8014,-3.0545],[-79.8093,-3.0502],[-79.8167,-3.0552],[-79.8233,-3.0526],[-79.8264,-3.0546],[-79.833,-3.0523],[-79.8424,-3.0547],[-79.8495,-3.0476],[-79.8556,-3.0511],[-79.8621,-3.0521],[-79.8695,-3.0602],[-79.8772,-3.0667],[-79.877,-3.0743],[-79.8901,-3.0774],[-79.8892,-3.0869],[-79.8937,-3.0873],[-79.8923,-3.0765],[-79.8943,-3.0766],[-79.8999,-3.0944],[-79.9003,-3.1025],[-79.9027,-3.1103],[-79.9027,-3.117],[-79.9044,-3.145],[-79.9068,-3.1566],[-79.9132,-3.1665],[-79.9156,-3.1775],[-79.9211,-3.1812],[-79.9283,-3.1902],[-79.9286,-3.1874],[-79.938,-3.1871],[-79.948,-3.1837],[-79.953,-3.187],[-79.9526,-3.1913],[-79.946,-3.1965],[-79.9421,-3.197],[-79.9461,-3.212],[-79.9503,-3.2137],[-79.9509,-3.2179]]]},"properties":{"poblacion":50009,"dpa_descan":"EL GUABO","dpa_provin":"07","dpa_despro":"EL ORO","dpa_canton":"0706"}},
{"type":"Feature","geometry":{"type":"MultiPolygon","coordinates":[[[[-80.1285,-3.4469],[-80.1321,-3.4446],[-80.1277,-3.4438],[-80.1283,-3.443],[-80.1305,-3.443],[-80.1314,-3.4416],[-80.1315,-3.4415],[-80.1337,-3.4417],[-80.1346,-3.4402],[-80.1314,-3.4366],[-80.1328,-3.4331],[-80.1317,-3.432],[-80.1283,-3.4323],[-80.1242,-3.4301],[-80.123,-3.4222],[-80.1344,-3.4255],[-80.1441,-3.431],[-80.1557,-3.4345],[-80.1642,-3.4318],[-80.1698,-3.438],[-80.1753,-3.4414],[-80.1922,-3.4417],[-80.1974,-3.4457],[-80.2046,-3.4407],[-80.2219,-3.4406],[-80.2212,-3.4448],[-80.2294,-3.4515],[-80.2346,-3.4511],[-80.2342,-3.4553],[-80.2412,-3.4614],[-80.243,-3.4663],[-80.2399,-3.4704],[-80.2398,-3.4773],[-80.2432,-3.4809],[-80.2449,-3.4877],[-80.2371,-3.4863],[-80.2323,-3.4904],[-80.2293,-3.5019],[-80.2161,-3.5003],[-80.215,-3.4966],[-80.2099,-3.4961],[-80.2009,-3.491],[-80.1686,-3.4756],[-80.1478,-3.4672],[-80.1351,-3.47],[-80.1274,-3.4676],[-80.125,-3.4582],[-80.1299,-3.4528],[-80.1285,-3.4469]]],[[[-80.1375,-3.424],[-80.1306,-3.4217],[-80.1291,-3.4186],[-80.1348,-3.4171],[-80.1419,-3.4184],[-80.1501,-3.4243],[-80.1584,-3.4244],[-80.1604,-3.4274],[-80.1551,-3.4302],[-80.1476,-3.4299],[-80.1375,-3.424]]]]},"properties":{"poblacion":48285,"dpa_descan":"HUAQUILLAS","dpa_provin":"07","dpa_despro":"EL ORO","dpa_canton":"0707"}},
{"type":"Feature","geometry":{"type":"Polygon","coordinates":[[[-79.8649,-3.7794],[-79.8595,-3.7703],[-79.8562,-3.7684],[-79.8495,-3.7585],[-79.8535,-3.753],[-79.8603,-3.751],[-79.8677,-3.757],[-79.8751,-3.7569],[-79.8809,-3.7521],[-79.8811,-3.747],[-79.8891,-3.7444],[-79.8962,-3.7397],[-79.9064,-3.7381],[-79.9139,-3.74],[-79.9244,-3.7281],[-79.9234,-3.7203],[-79.9319,-3.7117],[-79.9367,-3.7098],[-79.9363,-3.7039],[-79.9535,-3.7063],[-79.954,-3.711],[-79.9646,-3.723],[-79.9683,-3.7261],[-79.9719,-3.7354],[-79.97,-3.7443],[-79.9738,-3.7513],[-79.9797,-3.756],[-79.9811,-3.7638],[-79.9859,-3.7676],[-79.9861,-3.7756],[-79.9902,-3.7772],[-80.0012,-3.7896],[-79.9942,-3.8084],[-79.9839,-3.8137],[-79.9913,-3.8194],[-79.9952,-3.8191],[-79.9909,-3.838],[-79.986,-3.8422],[-79.9788,-3.842],[-79.9768,-3.8384],[-79.9689,-3.838],[-79.967,-3.8327],[-79.9624,-3.8326],[-79.9555,-3.8286],[-79.9423,-3.8321],[-79.9333,-3.8311],[-79.9302,-3.8253],[-79.925,-3.8281],[-79.9196,-3.8258],[-79.917,-3.8278],[-79.912,-3.8238],[-79.911,-3.8273],[-79.894,-3.8271],[-79.8835,-3.824],[-79.8752,-3.8255],[-79.8725,-3.8209],[-79.8734,-3.8151],[-79.8772,-3.8106],[-79.8716,-3.8037],[-79.869,-3.7842],[-79.8649,-3.7794]]]},"properties":{"poblacion":5450,"dpa_descan":"MARCABELI","dpa_provin":"07","dpa_despro":"EL ORO","dpa_canton":"0708"}},
{"type":"Feature","geometry":{"type":"Polygon","coordinates":[[[-79.9707,-4.0574],[-79.9994,-4.0727],[-80.0013,-4.0721],[-80.005,-4.0616],[-80.0107,-4.0524],[-80.0191,-4.0712],[-80.0363,-4.0732],[-80.0506,-4.0705],[-80.0531,-4.0665],[-80.0575,-4.0802],[-80.0645,-4.0834],[-80.0662,-4.0806],[-80.0773,-4.0833],[-80.0773,-4.0936],[-80.0746,-4.0962],[-80.0742,-4.102],[-80.0813,-4.1051],[-80.0729,-4.1121],[-80.0697,-4.1191],[-80.0782,-4.1233],[-80.0925,-4.1369],[-80.0912,-4.1471],[-80.1047,-4.1615],[-80.1056,-4.1665],[-80.1151,-4.1741],[-80.1231,-4.1728],[-80.124,-4.1663],[-80.1283,-4.1665],[-80.135,-4.1567],[-80.1412,-4.155],[-80.1461,-4.1447],[-80.1543,-4.1482],[-80.1561,-4.1514],[-80.1621,-4.1534],[-80.1674,-4.1536],[-80.1618,-4.1642],[-80.169,-4.1702],[-80.1745,-4.1658],[-80.1774,-4.169],[-80.1799,-4.173],[-80.1775,-4.1768],[-80.1827,-4.1803],[-80.1957,-4.1835],[-80.1998,-4.1873],[-80.2012,-4.1926],[-80.2086,-4.191],[-80.21,-4.1951],[-80.2332,-4.2137],[-80.2366,-4.2153],[-80.2403,-4.229],[-80.2405,-4.2391],[-80.2382,-4.2412],[-80.2303,-4.2279],[-80.2254,-4.2351],[-80.228,-4.2385],[-80.2203,-4.2395],[-80.2171,-4.2366],[-80.2126,-4.2415],[-80.2056,-4.2432],[-80.2031,-4.2475],[-80.2078,-4.2536],[-80.1968,-4.2597],[-80.1987,-4.2641],[-80.1912,-4.2673],[-80.1877,-4.2596],[-80.1821,-4.2575],[-80.1846,-4.2538],[-80.1818,-4.2492],[-80.1844,-4.2467],[-80.1775,-4.2424],[-80.1739,-4.2361],[-80.1682,-4.2346],[-80.1581,-4.2366],[-80.1406,-4.2378],[-80.1166,-4.232],[-80.1062,-4.2419],[-80.1051,-4.2457],[-80.113,-4.2501],[-80.1128,-4.2548],[-80.1176,-4.2576],[-80.1204,-4.2672],[-80.1302,-4.2671],[-80.1271,-4.2729],[-80.119,-4.2772],[-80.1169,-4.2738],[-80.1111,-4.2751],[-80.1049,-4.2681],[-80.0956,-4.2643],[-80.0873,-4.2647],[-80.079,-4.2613],[-80.0729,-4.2547],[-80.069,-4.254],[-80.0659,-4.2419],[-80.0592,-4.2434],[-80.0565,-4.241],[-80.0487,-4.2374],[-80.0462,-4.2342],[-80.0344,-4.2299],[-80.0246,-4.2313],[-80.0201,-4.2339],[-80.005,-4.2298],[-79.9986,-4.2299],[-79.9921,-4.227],[-79.9869,-4.2279],[-79.9804,-4.2322],[-79.9724,-4.2346],[-79.9653,-4.2331],[-79.9617,-4.2301],[-79.9588,-4.2274],[-79.9595,-4.2208],[-79.9559,-4.212],[-79.9499,-4.2108],[-79.9406,-4.2148],[-79.9331,-4.2121],[-79.9294,-4.2155],[-79.9197,-4.2107],[-79.9091,-4.2127],[-79.9057,-4.2111],[-79.8948,-4.2103],[-79.8862,-4.2082],[-79.8838,-4.2046],[-79.8799,-4.1972],[-79.8686,-4.1867],[-79.8657,-4.1801],[-79.8608,-4.1759],[-79.8611,-4.1688],[-79.8648,-4.1675],[-79.8627,-4.1572],[-79.8573,-4.1527],[-79.8505,-4.1583],[-79.8486,-4.1515],[-79.8447,-4.1488],[-79.8632,-4.1438],[-79.8688,-4.1395],[-79.874,-4.1397],[-79.8771,-4.1361],[-79.8955,-4.1215],[-79.9009,-4.1158],[-79.9005,-4.1087],[-79.9067,-4.1022],[-79.9073,-4.0949],[-79.9131,-4.0796],[-79.9188,-4.0739],[-79.924,-4.0727],[-79.9347,-4.0759],[-79.9525,-4.0736],[-79.9569,-4.0696],[-79.9572,-4.0633],[-79.9611,-4.0571],[-79.9658,-4.0547],[-79.9707,-4.0574]]]},"properties":{"poblacion":14468,"dpa_descan":"CELICA","dpa_provin":"11","dpa_despro":"LOJA","dpa_canton":"1104"}},
{"type":"Feature","geometry":{"type":"Polygon","coordinates":[[[-79.5831,-3.8365],[-79.5805,-3.8305],[-79.5759,-3.8108],[-79.5716,-3.8027],[-79.5763,-3.7953],[-79.5836,-3.7906],[-79.5892,-3.7813],[-79.5918,-3.7805],[-79.602,-3.7652],[-79.6054,-3.7572],[-79.6056,-3.7516],[-79.6105,-3.7508],[-79.6185,-3.75],[-79.6326,-3.763],[-79.6446,-3.7668],[-79.6462,-3.7689],[-79.6581,-3.7741],[-79.6617,-3.7694],[-79.6704,-3.7728],[-79.6715,-3.7769],[-79.6809,-3.7797],[-79.6817,-3.7821],[-79.686,-3.7877],[-79.6857,-3.7968],[-79.6928,-3.8024],[-79.6952,-3.8077],[-79.7015,-3.8136],[-79.7064,-3.8228],[-79.7209,-3.831],[-79.7262,-3.8318],[-79.739,-3.8339],[-79.7459,-3.8314],[-79.7526,-3.8349],[-79.7716,-3.8388],[-79.7767,-3.8373],[-79.7854,-3.8441],[-79.7917,-3.8457],[-79.8016,-3.8449],[-79.802,-3.8422],[-79.8115,-3.8471],[-79.8113,-3.8503],[-79.7967,-3.8622],[-79.7906,-3.8793],[-79.7914,-3.8845],[-79.7831,-3.9029],[-79.7832,-3.9087],[-79.7761,-3.9203],[-79.7608,-3.921],[-79.7579,-3.9196],[-79.7555,-3.9204],[-79.7389,-3.9146],[-79.7351,-3.9094],[-79.7333,-3.8935],[-79.7316,-3.901],[-79.7211,-3.9055],[-79.7237,-3.9108],[-79.7213,-3.9171],[-79.7129,-3.9185],[-79.714,-3.9257],[-79.7108,-3.9366],[-79.7103,-3.9437],[-79.7066,-3.9493],[-79.6877,-3.9315],[-79.6834,-3.933],[-79.6787,-3.9321],[-79.6754,-3.9308],[-79.6713,-3.9208],[-79.6668,-3.9162],[-79.6659,-3.9081],[-79.6673,-3.8996],[-79.6657,-3.8959],[-79.6627,-3.9014],[-79.655,-3.9062],[-79.6433,-3.9046],[-79.6359,-3.908],[-79.623,-3.9017],[-79.6021,-3.9131],[-79.5969,-3.9133],[-79.5916,-3.9015],[-79.5868,-3.9016],[-79.5815,-3.8979],[-79.5815,-3.893],[-79.5776,-3.8944],[-79.5688,-3.8911],[-79.5664,-3.8865],[-79.5569,-3.8828],[-79.5605,-3.8789],[-79.5663,-3.8618],[-79.5743,-3.854],[-79.5744,-3.8457],[-79.5831,-3.8365]]]},"properties":{"poblacion":7161,"dpa_descan":"CHAGUARPAMBA","dpa_provin":"11","dpa_despro":"LOJA","dpa_canton":"1105"}},
{"type":"Feature","geometry":{"type":"Polygon","coordinates":[[[-79.3357,-4.5507],[-79.3365,-4.5466],[-79.3271,-4.5314],[-79.3287,-4.5224],[-79.3275,-4.5092],[-79.3251,-4.508],[-79.3247,-4.5053],[-79.317,-4.5055],[-79.3097,-4.4941],[-79.3107,-4.4755],[-79.3078,-4.4676],[-79.3036,-4.4656],[-79.307,-4.4609],[-79.3132,-4.4602],[-79.3158,-4.457],[-79.3247,-4.4537],[-79.3283,-4.4456],[-79.3416,-4.4474],[-79.3463,-4.4509],[-79.3521,-4.449],[-79.3499,-4.4444],[-79.3519,-4.4326],[-79.3513,-4.4245],[-79.3599,-4.4177],[-79.3671,-4.4172],[-79.3716,-4.4079],[-79.3739,-4.4069],[-79.3827,-4.4127],[-79.3984,-4.4134],[-79.4058,-4.4013],[-79.4194,-4.4002],[-79.4215,-4.398],[-79.4353,-4.4016],[-79.4409,-4.406],[-79.4509,-4.4093],[-79.4576,-4.4141],[-79.4579,-4.4171],[-79.4631,-4.4204],[-79.4656,-4.4259],[-79.4689,-4.4246],[-79.481,-4.4313],[-79.487,-4.4321],[-79.4899,-4.4401],[-79.4899,-4.4462],[-79.4854,-4.4503],[-79.4895,-4.4557],[-79.4853,-4.4673],[-79.4872,-4.4718],[-79.4838,-4.4761],[-79.4824,-4.4819],[-79.4876,-4.4848],[-79.49,-4.4892],[-79.505,-4.4978],[-79.5074,-4.5041],[-79.5055,-4.5083],[-79.5123,-4.5118],[-79.5126,-4.5162],[-79.4961,-4.521],[-79.4957,-4.5243],[-79.4891,-4.5274],[-79.4847,-4.5368],[-79.4853,-4.5429],[-79.4831,-4.5549],[-79.4779,-4.5639],[-79.477,-4.5693],[-79.4796,-4.5723],[-79.4934,-4.5781],[-79.4944,-4.5811],[-79.4905,-4.5897],[-79.4891,-4.5977],[-79.4899,-4.609],[-79.4872,-4.6175],[-79.4885,-4.6242],[-79.4861,-4.6281],[-79.481,-4.6296],[-79.4744,-4.636],[-79.4646,-4.6497],[-79.463,-4.6549],[-79.4647,-4.6597],[-79.4602,-4.6667],[-79.461,-4.6769],[-79.4582,-4.6824],[-79.4594,-4.6871],[-79.4567,-4.6923],[-79.4575,-4.7014],[-79.4528,-4.7112],[-79.4447,-4.7223],[-79.4423,-4.7234],[-79.4327,-4.7343],[-79.4297,-4.7408],[-79.4233,-4.7397],[-79.4199,-4.7356],[-79.4178,-4.7251],[-79.4124,-4.7185],[-79.4061,-4.7208],[-79.3993,-4.7175],[-79.4,-4.7089],[-79.394,-4.6929],[-79.3961,-4.6883],[-79.3955,-4.6822],[-79.3879,-4.6706],[-79.3826,-4.6669],[-79.3801,-4.6589],[-79.3748,-4.6538],[-79.3678,-4.653],[-79.3588,-4.6481],[-79.3536,-4.6357],[-79.3532,-4.6261],[-79.3404,-4.6154],[-79.3333,-4.6058],[-79.331,-4.5984],[-79.3313,-4.5892],[-79.3273,-4.5775],[-79.3282,-4.5668],[-79.3334,-4.5635],[-79.3357,-4.5507]]]},"properties":{"poblacion":14799,"dpa_descan":"ESPINDOLA","dpa_provin":"11","dpa_despro":"LOJA","dpa_canton":"1106"}},
{"type":"Feature","geometry":{"type":"Polygon","coordinates":[[[-79.403,-4.2474],[-79.3947,-4.2472],[-79.3901,-4.2592],[-79.3824,-4.2663],[-79.3764,-4.2688],[-79.3763,-4.2735],[-79.3726,-4.2793],[-79.3739,-4.2846],[-79.3609,-4.2855],[-79.3559,-4.2878],[-79.3435,-4.2872],[-79.3362,-4.2845],[-79.3315,-4.2774],[-79.3282,-4.2727],[-79.3326,-4.2598],[-79.3366,-4.2561],[-79.3411,-4.2411],[-79.3341,-4.2349],[-79.3277,-4.2246],[-79.3296,-4.2219],[-79.3294,-4.2111],[-79.3254,-4.2026],[-79.3286,-4.197],[-79.3243,-4.1868],[-79.3253,-4.1765],[-79.3351,-4.1634],[-79.3341,-4.1589],[-79.3409,-4.1562],[-79.3443,-4.1526],[-79.343,-4.1427],[-79.3345,-4.1338],[-79.3321,-4.1339],[-79.3339,-4.1233],[-79.3422,-4.1127],[-79.3419,-4.1047],[-79.3441,-4.0994],[-79.3574,-4.0866],[-79.3533,-4.0811],[-79.3572,-4.0769],[-79.357,-4.0723],[-79.3648,-4.063],[-79.3695,-4.0625],[-79.3825,-4.0532],[-79.3852,-4.0422],[-79.3874,-4.0405],[-79.3905,-4.0292],[-79.3951,-4.0212],[-79.3992,-4.0105],[-79.4033,-4.0058],[-79.4097,-4.0104],[-79.4147,-4.0067],[-79.4226,-4.0066],[-79.425,-4.0025],[-79.4417,-4.0034],[-79.4444,-4.0019],[-79.4573,-4.014],[-79.4596,-4.0224],[-79.467,-4.0231],[-79.4679,-4.0267],[-79.4761,-4.0298],[-79.4835,-4.0297],[-79.488,-4.0274],[-79.4963,-4.0307],[-79.4991,-4.0293],[-79.5077,-4.0312],[-79.512,-4.0299],[-79.5157,-4.0383],[-79.5238,-4.0459],[-79.5245,-4.0566],[-79.5323,-4.0692],[-79.5315,-4.0729],[-79.541,-4.0792],[-79.547,-4.0792],[-79.5498,-4.0896],[-79.5569,-4.0943],[-79.5604,-4.1024],[-79.5663,-4.1048],[-79.573,-4.1021],[-79.574,-4.1144],[-79.5786,-4.1132],[-79.5778,-4.1192],[-79.5832,-4.1185],[-79.5794,-4.1236],[-79.5826,-4.1244],[-79.5822,-4.1302],[-79.587,-4.1321],[-79.5928,-4.1378],[-79.5927,-4.143],[-79.5956,-4.1462],[-79.5932,-4.1487],[-79.5998,-4.1599],[-79.6025,-4.1608],[-79.6008,-4.1672],[-79.6069,-4.1747],[-79.6047,-4.1816],[-79.5909,-4.1913],[-79.5843,-4.2055],[-79.5822,-4.2072],[-79.5853,-4.2119],[-79.5801,-4.2285],[-79.5832,-4.2333],[-79.5836,-4.2396],[-79.581,-4.2446],[-79.5719,-4.2477],[-79.563,-4.2482],[-79.5459,-4.2408],[-79.5425,-4.2491],[-79.5352,-4.2514],[-79.5249,-4.2593],[-79.523,-4.2649],[-79.5225,-4.2785],[-79.5198,-4.2836],[-79.5077,-4.2878],[-79.5046,-4.2943],[-79.505,-4.302],[-79.501,-4.3034],[-79.4984,-4.3143],[-79.4945,-4.3167],[-79.4951,-4.3246],[-79.4904,-4.33],[-79.4835,-4.3272],[-79.4789,-4.3291],[-79.4643,-4.326],[-79.4609,-4.3225],[-79.4672,-4.3153],[-79.472,-4.3006],[-79.4687,-4.2877],[-79.4707,-4.2805],[-79.4663,-4.2762],[-79.4664,-4.2711],[-79.4619,-4.2595],[-79.4539,-4.2608],[-79.4488,-4.2596],[-79.44,-4.2631],[-79.4321,-4.263],[-79.4243,-4.2666],[-79.4172,-4.2639],[-79.4142,-4.265],[-79.414,-4.2597],[-79.403,-4.2474]]]},"properties":{"poblacion":12716,"dpa_descan":"GONZANAMA","dpa_provin":"11","dpa_despro":"LOJA","dpa_canton":"1107"}},
{"type":"Feature","geometry":{"type":"Polygon","coordinates":[[[-80.0344,-4.2299],[-80.0462,-4.2342],[-80.0487,-4.2374],[-80.0565,-4.241],[-80.0592,-4.2434],[-80.0659,-4.2419],[-80.069,-4.254],[-80.0729,-4.2547],[-80.079,-4.2613],[-80.0873,-4.2647],[-80.0956,-4.2643],[-80.1049,-4.2681],[-80.1111,-4.2751],[-80.1169,-4.2738],[-80.119,-4.2772],[-80.1271,-4.2729],[-80.1302,-4.2671],[-80.1357,-4.2637],[-80.141,-4.2673],[-80.1385,-4.273],[-80.1416,-4.2859],[-80.1354,-4.2856],[-80.1348,-4.2901],[-80.1389,-4.2929],[-80.1359,-4.2965],[-80.1292,-4.2947],[-80.1173,-4.2948],[-80.1141,-4.2977],[-80.1074,-4.2978],[-80.1086,-4.2933],[-80.1039,-4.2916],[-80.0972,-4.2944],[-80.0905,-4.3016],[-80.0839,-4.3018],[-80.0724,-4.3097],[-80.061,-4.311],[-80.0581,-4.3197],[-80.0545,-4.322],[-80.0549,-4.3273],[-80.0393,-4.3383],[-80.0389,-4.3429],[-80.0348,-4.349],[-80.0301,-4.3486],[-80.026,-4.3527],[-80.0141,-4.3574],[-80.0089,-4.3688],[-79.9954,-4.376],[-79.9883,-4.3811],[-79.9771,-4.3796],[-79.9723,-4.3874],[-79.9653,-4.3908],[-79.9622,-4.3955],[-79.9514,-4.3916],[-79.9436,-4.3964],[-79.9287,-4.3937],[-79.9214,-4.3869],[-79.9049,-4.3941],[-79.9,-4.3993],[-79.8947,-4.4006],[-79.886,-4.4065],[-79.884,-4.4103],[-79.8701,-4.4143],[-79.8636,-4.421],[-79.8632,-4.4265],[-79.8596,-4.4274],[-79.8571,-4.4334],[-79.8537,-4.4352],[-79.8549,-4.4439],[-79.8532,-4.4517],[-79.8499,-4.4543],[-79.843,-4.4613],[-79.8403,-4.468],[-79.8328,-4.4709],[-79.8284,-4.4778],[-79.8238,-4.48],[-79.8157,-4.4896],[-79.8114,-4.4912],[-79.8015,-4.4886],[-79.7932,-4.4938],[-79.7828,-4.4916],[-79.7744,-4.488],[-79.7598,-4.4865],[-79.7551,-4.4821],[-79.7509,-4.4837],[-79.7513,-4.4713],[-79.7539,-4.4601],[-79.7595,-4.4489],[-79.7655,-4.4413],[-79.7606,-4.4326],[-79.7717,-4.4265],[-79.7786,-4.4161],[-79.7873,-4.4063],[-79.787,-4.4024],[-79.7873,-4.39],[-79.7928,-4.3831],[-79.799,-4.3851],[-79.801,-4.3826],[-79.7905,-4.3757],[-79.7942,-4.3666],[-79.7998,-4.3646],[-79.8062,-4.3588],[-79.8058,-4.3531],[-79.8016,-4.3489],[-79.82,-4.3452],[-79.8353,-4.345],[-79.839,-4.3312],[-79.8386,-4.3194],[-79.8437,-4.314],[-79.8455,-4.3067],[-79.8393,-4.3003],[-79.8446,-4.2995],[-79.8469,-4.2956],[-79.8486,-4.2901],[-79.8524,-4.2871],[-79.8504,-4.2753],[-79.8482,-4.2734],[-79.8571,-4.2513],[-79.8566,-4.2421],[-79.8539,-4.2357],[-79.8556,-4.2299],[-79.861,-4.228],[-79.8612,-4.2235],[-79.8672,-4.2131],[-79.8793,-4.2039],[-79.8838,-4.2046],[-79.8862,-4.2082],[-79.8948,-4.2103],[-79.9057,-4.2111],[-79.9091,-4.2127],[-79.9197,-4.2107],[-79.9294,-4.2155],[-79.9331,-4.2121],[-79.9406,-4.2148],[-79.9499,-4.2108],[-79.9559,-4.212],[-79.9595,-4.2208],[-79.9588,-4.2274],[-79.9617,-4.2301],[-79.9653,-4.2331],[-79.9724,-4.2346],[-79.9804,-4.2322],[-79.9869,-4.2279],[-79.9921,-4.227],[-79.9986,-4.2299],[-80.005,-4.2298],[-80.0201,-4.2339],[-80.0246,-4.2313],[-80.0344,-4.2299]]]},"properties":{"poblacion":19018,"dpa_descan":"MACARA","dpa_provin":"11","dpa_despro":"LOJA","dpa_canton":"1108"}},
{"type":"Feature","geometry":{"type":"Polygon","coordinates":[[[-79.6069,-4.1747],[-79.6008,-4.1672],[-79.6025,-4.1608],[-79.5998,-4.1599],[-79.5932,-4.1487],[-79.5956,-4.1462],[-79.5927,-4.143],[-79.5928,-4.1378],[-79.587,-4.1321],[-79.5822,-4.1302],[-79.5826,-4.1244],[-79.5794,-4.1236],[-79.5832,-4.1185],[-79.5778,-4.1192],[-79.5786,-4.1132],[-79.574,-4.1144],[-79.573,-4.1021],[-79.5663,-4.1048],[-79.5604,-4.1024],[-79.5569,-4.0943],[-79.5498,-4.0896],[-79.547,-4.0792],[-79.541,-4.0792],[-79.5315,-4.0729],[-79.5323,-4.0692],[-79.5245,-4.0566],[-79.5238,-4.0459],[-79.5157,-4.0383],[-79.512,-4.0299],[-79.5163,-4.0288],[-79.52,-4.0237],[-79.5177,-4.0159],[-79.5186,-4.009],[-79.5146,-4.0056],[-79.5227,-4.0007],[-79.5225,-3.9967],[-79.5341,-3.9912],[-79.5443,-3.9815],[-79.5498,-3.9793],[-79.5525,-3.9716],[-79.5589,-3.9696],[-79.5663,-3.976],[-79.5746,-3.9769],[-79.5851,-3.9744],[-79.5988,-3.9666],[-79.617,-3.9613],[-79.6268,-3.9673],[-79.6386,-3.9722],[-79.643,-3.9754],[-79.6529,-3.9624],[-79.6583,-3.9586],[-79.6581,-3.9512],[-79.665,-3.9439],[-79.6727,-3.9441],[-79.6774,-3.9373],[-79.6787,-3.9321],[-79.6834,-3.933],[-79.6877,-3.9315],[-79.7066,-3.9493],[-79.7103,-3.9437],[-79.7108,-3.9366],[-79.714,-3.9257],[-79.7129,-3.9185],[-79.7213,-3.9171],[-79.7237,-3.9108],[-79.7211,-3.9055],[-79.7316,-3.901],[-79.7333,-3.8935],[-79.7351,-3.9094],[-79.7389,-3.9146],[-79.7555,-3.9204],[-79.7579,-3.9196],[-79.7608,-3.921],[-79.7761,-3.9203],[-79.7832,-3.9087],[-79.7831,-3.9029],[-79.7914,-3.8845],[-79.7906,-3.8793],[-79.7967,-3.8622],[-79.8113,-3.8503],[-79.8115,-3.8471],[-79.802,-3.8422],[-79.8086,-3.8353],[-79.8212,-3.8404],[-79.8307,-3.8372],[-79.8322,-3.8334],[-79.8421,-3.8303],[-79.8533,-3.8246],[-79.8603,-3.8237],[-79.864,-3.8205],[-79.8725,-3.8209],[-79.8752,-3.8255],[-79.8835,-3.824],[-79.894,-3.8271],[-79.911,-3.8273],[-79.912,-3.8238],[-79.917,-3.8278],[-79.9196,-3.8258],[-79.925,-3.8281],[-79.9302,-3.8253],[-79.9333,-3.8311],[-79.9423,-3.8321],[-79.9555,-3.8286],[-79.9624,-3.8326],[-79.967,-3.8327],[-79.9689,-3.838],[-79.9768,-3.8384],[-79.9788,-3.842],[-79.986,-3.8422],[-79.9932,-3.8482],[-79.9983,-3.8565],[-79.997,-3.8634],[-79.9902,-3.8649],[-79.9884,-3.8629],[-79.9864,-3.8759],[-79.9782,-3.88],[-79.9756,-3.879],[-79.9704,-3.8832],[-79.97,-3.8873],[-79.9612,-3.8902],[-79.9554,-3.8877],[-79.9513,-3.8898],[-79.9426,-3.8981],[-79.9455,-3.899],[-79.9402,-3.904],[-79.9433,-3.9097],[-79.9385,-3.9101],[-79.9333,-3.9148],[-79.9257,-3.9227],[-79.9146,-3.918],[-79.9111,-3.9174],[-79.9088,-3.9237],[-79.9122,-3.931],[-79.9113,-3.946],[-79.9084,-3.9532],[-79.9092,-3.9618],[-79.9066,-3.9638],[-79.9066,-3.9697],[-79.9034,-3.9778],[-79.903,-3.9845],[-79.8992,-3.9879],[-79.895,-3.997],[-79.8797,-4.0017],[-79.8809,-4.0094],[-79.8718,-4.0292],[-79.8738,-4.0324],[-79.8797,-4.0332],[-79.8826,-4.0309],[-79.885,-4.0299],[-79.894,-4.0341],[-79.9057,-4.0374],[-79.9218,-4.0401],[-79.9301,-4.0363],[-79.9327,-4.0309],[-79.9442,-4.0259],[-79.9464,-4.0211],[-79.9513,-4.0209],[-79.9675,-4.0248],[-79.9712,-4.0273],[-79.9745,-4.0402],[-79.9739,-4.0487],[-79.9717,-4.0505],[-79.974,-4.0573],[-79.9707,-4.0574],[-79.9658,-4.0547],[-79.9611,-4.0571],[-79.9572,-4.0633],[-79.9569,-4.0696],[-79.9525,-4.0736],[-79.9347,-4.0759],[-79.924,-4.0727],[-79.9188,-4.0739],[-79.9131,-4.0796],[-79.9073,-4.0949],[-79.9067,-4.1022],[-79.9005,-4.1087],[-79.9009,-4.1158],[-79.8955,-4.1215],[-79.8771,-4.1361],[-79.874,-4.1397],[-79.8688,-4.1395],[-79.8632,-4.1438],[-79.8447,-4.1488],[-79.8387,-4.1445],[-79.8395,-4.1419],[-79.8353,-4.1344],[-79.8377,-4.1317],[-79.83,-4.1312],[-79.8235,-4.1348],[-79.8184,-4.1282],[-79.8141,-4.1273],[-79.8105,-4.1193],[-79.8098,-4.1161],[-79.8014,-4.118],[-79.7927,-4.1254],[-79.7887,-4.1236],[-79.7868,-4.1301],[-79.7788,-4.1332],[-79.774,-4.1374],[-79.7703,-4.1372],[-79.7585,-4.1434],[-79.7541,-4.1415],[-79.7343,-4.1451],[-79.7335,-4.148],[-79.7266,-4.1466],[-79.7237,-4.1506],[-79.7147,-4.155],[-79.7135,-4.1585],[-79.7016,-4.1639],[-79.6951,-4.1702],[-79.6899,-4.1702],[-79.6813,-4.1756],[-79.6759,-4.1719],[-79.6586,-4.1719],[-79.654,-4.1738],[-79.6513,-4.173],[-79.6438,-4.1784],[-79.6399,-4.1789],[-79.6354,-4.1834],[-79.6348,-4.1778],[-79.6201,-4.1803],[-79.6102,-4.1748],[-79.6069,-4.1747]]]},"properties":{"poblacion":23801,"dpa_descan":"PALTAS","dpa_provin":"11","dpa_despro":"LOJA","dpa_canton":"1109"}},
{"type":"Feature","geometry":{"type":"Polygon","coordinates":[[[-79.9707,-4.0574],[-79.974,-4.0573],[-79.9717,-4.0505],[-79.9739,-4.0487],[-79.9745,-4.0402],[-79.9712,-4.0273],[-79.9675,-4.0248],[-79.9513,-4.0209],[-79.9464,-4.0211],[-79.9442,-4.0259],[-79.9327,-4.0309],[-79.9301,-4.0363],[-79.9218,-4.0401],[-79.9057,-4.0374],[-79.894,-4.0341],[-79.885,-4.0299],[-79.8826,-4.0309],[-79.8797,-4.0332],[-79.8738,-4.0324],[-79.8718,-4.0292],[-79.8809,-4.0094],[-79.8797,-4.0017],[-79.895,-3.997],[-79.8992,-3.9879],[-79.903,-3.9845],[-79.9034,-3.9778],[-79.9066,-3.9697],[-79.9066,-3.9638],[-79.9092,-3.9618],[-79.9084,-3.9532],[-79.9113,-3.946],[-79.9122,-3.931],[-79.9088,-3.9237],[-79.9111,-3.9174],[-79.9146,-3.918],[-79.9257,-3.9227],[-79.9333,-3.9148],[-79.9385,-3.9101],[-79.9433,-3.9097],[-79.9402,-3.904],[-79.9455,-3.899],[-79.9426,-3.8981],[-79.9513,-3.8898],[-79.9554,-3.8877],[-79.9612,-3.8902],[-79.97,-3.8873],[-79.9704,-3.8832],[-79.9756,-3.879],[-79.9782,-3.88],[-79.9864,-3.8759],[-79.9884,-3.8629],[-79.9902,-3.8649],[-79.997,-3.8634],[-79.9983,-3.8565],[-80.0072,-3.8586],[-80.0113,-3.8676],[-80.0166,-3.8667],[-80.0343,-3.8741],[-80.0379,-3.8726],[-80.0495,-3.8753],[-80.0524,-3.8793],[-80.0628,-3.8818],[-80.0698,-3.879],[-80.0778,-3.8839],[-80.0842,-3.883],[-80.1012,-3.8873],[-80.1061,-3.8844],[-80.1066,-3.8898],[-80.1111,-3.8855],[-80.1228,-3.8859],[-80.1275,-3.8885],[-80.1268,-3.8953],[-80.1341,-3.901],[-80.1333,-3.9035],[-80.1392,-3.9074],[-80.1407,-3.9129],[-80.1581,-3.9129],[-80.1617,-3.9196],[-80.1735,-3.9259],[-80.1806,-3.9251],[-80.1855,-3.928],[-80.1877,-3.9363],[-80.1987,-3.946],[-80.2083,-3.9515],[-80.2117,-3.9513],[-80.2183,-3.9568],[-80.2177,-3.9533],[-80.2227,-3.9515],[-80.2297,-3.9543],[-80.2347,-3.9482],[-80.2363,-3.9539],[-80.2407,-3.9564],[-80.2407,-3.9604],[-80.2368,-3.9628],[-80.2418,-3.9683],[-80.2477,-3.9702],[-80.2507,-3.9781],[-80.255,-3.9805],[-80.2566,-3.9906],[-80.2628,-4],[-80.2725,-4.0079],[-80.2767,-4.0081],[-80.2851,-4.0127],[-80.2886,-4.0111],[-80.2958,-4.0161],[-80.2912,-4.0223],[-80.2931,-4.0265],[-80.2889,-4.0415],[-80.2809,-4.0372],[-80.2734,-4.0488],[-80.2707,-4.0576],[-80.2561,-4.0523],[-80.2602,-4.0587],[-80.2558,-4.0663],[-80.2552,-4.0612],[-80.2501,-4.0661],[-80.2493,-4.0576],[-80.2453,-4.0609],[-80.2449,-4.0553],[-80.2399,-4.0591],[-80.2388,-4.0649],[-80.2327,-4.0641],[-80.2268,-4.0603],[-80.2118,-4.0558],[-80.1985,-4.0491],[-80.1966,-4.0498],[-80.19,-4.0437],[-80.1716,-4.0477],[-80.1678,-4.0412],[-80.1636,-4.0416],[-80.1629,-4.0398],[-80.1357,-4.0285],[-80.1293,-4.0266],[-80.1226,-4.0326],[-80.118,-4.0322],[-80.1106,-4.041],[-80.1052,-4.0431],[-80.0984,-4.041],[-80.0955,-4.0432],[-80.0912,-4.0536],[-80.0946,-4.0585],[-80.1051,-4.0675],[-80.0994,-4.0711],[-80.0866,-4.0601],[-80.0862,-4.0567],[-80.0816,-4.0597],[-80.0757,-4.0549],[-80.0756,-4.0515],[-80.0707,-4.0484],[-80.0634,-4.0479],[-80.0606,-4.0443],[-80.0496,-4.0449],[-80.0407,-4.042],[-80.0226,-4.0412],[-80.0186,-4.0395],[-80.0147,-4.0432],[-80.0107,-4.0524],[-80.005,-4.0616],[-80.0013,-4.0721],[-79.9994,-4.0727],[-79.9707,-4.0574]]]},"properties":{"poblacion":15513,"dpa_descan":"PUYANGO","dpa_provin":"11","dpa_despro":"LOJA","dpa_canton":"1110"}},
{"type":"Feature","geometry":{"type":"Polygon","coordinates":[[[-79.6538,-3.6408],[-79.6668,-3.6425],[-79.6742,-3.646],[-79.6808,-3.6523],[-79.692,-3.6419],[-79.6954,-3.6336],[-79.6996,-3.6282],[-79.6984,-3.6218],[-79.7043,-3.6127],[-79.7039,-3.6018],[-79.7135,-3.5794],[-79.7225,-3.5759],[-79.7289,-3.5783],[-79.7408,-3.5747],[-79.7475,-3.5851],[-79.7547,-3.586],[-79.7627,-3.6056],[-79.7737,-3.6149],[-79.7829,-3.619],[-79.7946,-3.6363],[-79.806,-3.6405],[-79.8084,-3.638],[-79.8086,-3.6298],[-79.8215,-3.6208],[-79.8314,-3.6198],[-79.8375,-3.6178],[-79.8417,-3.613],[-79.851,-3.6081],[-79.8616,-3.6092],[-79.8687,-3.5998],[-79.8765,-3.6018],[-79.8814,-3.6063],[-79.8868,-3.6075],[-79.8976,-3.5993],[-79.902,-3.5978],[-79.918,-3.5997],[-79.9184,-3.5979],[-79.9218,-3.5995],[-79.9245,-3.5956],[-79.931,-3.5992],[-79.9326,-3.6068],[-79.9378,-3.6079],[-79.9358,-3.615],[-79.9447,-3.6156],[-79.951,-3.6199],[-79.9484,-3.6256],[-79.9398,-3.627],[-79.9411,-3.6336],[-79.9384,-3.6349],[-79.9363,-3.6482],[-79.9381,-3.6509],[-79.9323,-3.6561],[-79.9306,-3.665],[-79.9339,-3.6774],[-79.9436,-3.6815],[-79.953,-3.6975],[-79.9535,-3.7063],[-79.9363,-3.7039],[-79.9367,-3.7098],[-79.9319,-3.7117],[-79.9234,-3.7203],[-79.9244,-3.7281],[-79.9139,-3.74],[-79.9064,-3.7381],[-79.8962,-3.7397],[-79.8891,-3.7444],[-79.8811,-3.747],[-79.8717,-3.7321],[-79.865,-3.7283],[-79.8606,-3.7239],[-79.8543,-3.7235],[-79.8408,-3.7253],[-79.8313,-3.7299],[-79.8241,-3.7286],[-79.8141,-3.7297],[-79.8046,-3.7285],[-79.7971,-3.732],[-79.798,-3.7355],[-79.7997,-3.7384],[-79.799,-3.7482],[-79.7958,-3.7562],[-79.7928,-3.7585],[-79.791,-3.766],[-79.798,-3.7741],[-79.8077,-3.7772],[-79.8138,-3.7865],[-79.8124,-3.7924],[-79.8148,-3.7993],[-79.8099,-3.8048],[-79.8138,-3.8082],[-79.8236,-3.8106],[-79.832,-3.8085],[-79.8459,-3.8113],[-79.8498,-3.8149],[-79.8533,-3.8246],[-79.8421,-3.8303],[-79.8322,-3.8334],[-79.8307,-3.8372],[-79.8212,-3.8404],[-79.8086,-3.8353],[-79.802,-3.8422],[-79.8016,-3.8449],[-79.7917,-3.8457],[-79.7854,-3.8441],[-79.7767,-3.8373],[-79.7716,-3.8388],[-79.7526,-3.8349],[-79.7459,-3.8314],[-79.739,-3.8339],[-79.7262,-3.8318],[-79.7209,-3.831],[-79.7064,-3.8228],[-79.7015,-3.8136],[-79.6952,-3.8077],[-79.6928,-3.8024],[-79.6857,-3.7968],[-79.686,-3.7877],[-79.6817,-3.7821],[-79.6809,-3.7797],[-79.6715,-3.7769],[-79.6704,-3.7728],[-79.6617,-3.7694],[-79.6581,-3.7741],[-79.6462,-3.7689],[-79.644,-3.7482],[-79.6417,-3.7404],[-79.6354,-3.7278],[-79.633,-3.7183],[-79.6352,-3.7024],[-79.635,-3.7016],[-79.6465,-3.6858],[-79.646,-3.6785],[-79.6399,-3.6755],[-79.6374,-3.6674],[-79.6455,-3.6555],[-79.6528,-3.6416],[-79.6538,-3.6408]]]},"properties":{"poblacion":25988,"dpa_descan":"PIÑAS","dpa_provin":"07","dpa_despro":"EL ORO","dpa_canton":"0710"}},
{"type":"Feature","geometry":{"type":"Polygon","coordinates":[[[-79.6105,-3.7508],[-79.6056,-3.7516],[-79.6054,-3.7572],[-79.602,-3.7652],[-79.5918,-3.7805],[-79.5892,-3.7813],[-79.5836,-3.7906],[-79.5763,-3.7953],[-79.5682,-3.7984],[-79.5658,-3.8019],[-79.5593,-3.8029],[-79.5513,-3.8016],[-79.5463,-3.7984],[-79.5373,-3.7966],[-79.5336,-3.7929],[-79.5165,-3.7883],[-79.5121,-3.7896],[-79.5094,-3.7941],[-79.5006,-3.7897],[-79.4931,-3.7967],[-79.4886,-3.8033],[-79.4843,-3.8016],[-79.4723,-3.8022],[-79.4621,-3.8095],[-79.449,-3.8128],[-79.4364,-3.8069],[-79.4294,-3.7994],[-79.4287,-3.7945],[-79.4166,-3.7879],[-79.4097,-3.7909],[-79.4081,-3.7891],[-79.4057,-3.7852],[-79.4049,-3.7716],[-79.4031,-3.7663],[-79.4048,-3.7567],[-79.4039,-3.7517],[-79.4099,-3.7399],[-79.4104,-3.7356],[-79.4156,-3.7254],[-79.4107,-3.7192],[-79.4057,-3.7165],[-79.3984,-3.7085],[-79.39,-3.7053],[-79.3839,-3.701],[-79.3747,-3.6871],[-79.3738,-3.6804],[-79.3861,-3.6738],[-79.3935,-3.6738],[-79.4038,-3.6673],[-79.4128,-3.6708],[-79.4209,-3.6764],[-79.4333,-3.6758],[-79.4466,-3.6801],[-79.4529,-3.681],[-79.4567,-3.6788],[-79.4623,-3.6807],[-79.4641,-3.6853],[-79.4724,-3.6836],[-79.4851,-3.6914],[-79.4953,-3.6921],[-79.5028,-3.6944],[-79.5158,-3.696],[-79.5201,-3.7017],[-79.5233,-3.7001],[-79.5325,-3.7064],[-79.5398,-3.7057],[-79.5485,-3.7093],[-79.5526,-3.7131],[-79.5595,-3.7152],[-79.5614,-3.7046],[-79.5714,-3.7073],[-79.5734,-3.7099],[-79.579,-3.7051],[-79.5785,-3.6977],[-79.5859,-3.6966],[-79.5909,-3.7004],[-79.5906,-3.7035],[-79.5958,-3.7006],[-79.6052,-3.6963],[-79.6294,-3.7043],[-79.6352,-3.7024],[-79.633,-3.7183],[-79.6354,-3.7278],[-79.6417,-3.7404],[-79.644,-3.7482],[-79.6462,-3.7689],[-79.6446,-3.7668],[-79.6326,-3.763],[-79.6185,-3.75],[-79.6105,-3.7508]]]},"properties":{"poblacion":12200,"dpa_descan":"PORTOVELO","dpa_provin":"07","dpa_despro":"EL ORO","dpa_canton":"0711"}},
{"type":"Feature","geometry":{"type":"Polygon","coordinates":[[[-79.6352,-3.7024],[-79.6294,-3.7043],[-79.6052,-3.6963],[-79.5958,-3.7006],[-79.5906,-3.7035],[-79.5909,-3.7004],[-79.5859,-3.6966],[-79.5785,-3.6977],[-79.579,-3.7051],[-79.5734,-3.7099],[-79.5714,-3.7073],[-79.5614,-3.7046],[-79.5595,-3.7152],[-79.5526,-3.7131],[-79.5485,-3.7093],[-79.5398,-3.7057],[-79.5325,-3.7064],[-79.5233,-3.7001],[-79.5201,-3.7017],[-79.5158,-3.696],[-79.5028,-3.6944],[-79.4953,-3.6921],[-79.4851,-3.6914],[-79.4724,-3.6836],[-79.4641,-3.6853],[-79.4623,-3.6807],[-79.4567,-3.6788],[-79.4529,-3.681],[-79.4466,-3.6801],[-79.4333,-3.6758],[-79.4209,-3.6764],[-79.4128,-3.6708],[-79.4038,-3.6673],[-79.3935,-3.6738],[-79.3861,-3.6738],[-79.3738,-3.6804],[-79.3734,-3.6801],[-79.3693,-3.6714],[-79.3686,-3.6626],[-79.3665,-3.6605],[-79.3683,-3.6487],[-79.3709,-3.6461],[-79.3727,-3.6375],[-79.3809,-3.6274],[-79.3892,-3.621],[-79.3913,-3.6131],[-79.397,-3.6106],[-79.4025,-3.6113],[-79.4152,-3.6074],[-79.4176,-3.6026],[-79.4231,-3.585],[-79.4227,-3.5817],[-79.4313,-3.5796],[-79.4357,-3.587],[-79.448,-3.5976],[-79.4481,-3.605],[-79.4634,-3.616],[-79.4721,-3.6206],[-79.4802,-3.6308],[-79.4796,-3.6331],[-79.4871,-3.6381],[-79.4902,-3.6359],[-79.4895,-3.6292],[-79.4943,-3.6206],[-79.4987,-3.6095],[-79.4887,-3.5924],[-79.4855,-3.5913],[-79.4794,-3.5827],[-79.4798,-3.5726],[-79.4773,-3.5676],[-79.4816,-3.5621],[-79.4812,-3.5468],[-79.4825,-3.5396],[-79.475,-3.5297],[-79.475,-3.5231],[-79.4816,-3.5152],[-79.4795,-3.5114],[-79.4692,-3.5036],[-79.4604,-3.4991],[-79.4512,-3.4842],[-79.4456,-3.4798],[-79.4425,-3.4703],[-79.4295,-3.4641],[-79.4256,-3.456],[-79.4261,-3.4513],[-79.4231,-3.4442],[-79.4228,-3.4418],[-79.4288,-3.4371],[-79.4371,-3.4279],[-79.4481,-3.4306],[-79.4512,-3.4267],[-79.4602,-3.4317],[-79.4623,-3.4209],[-79.4679,-3.4108],[-79.4682,-3.4065],[-79.4747,-3.397],[-79.4712,-3.3888],[-79.4694,-3.3765],[-79.4689,-3.361],[-79.4641,-3.3545],[-79.4607,-3.3436],[-79.4627,-3.3355],[-79.4614,-3.3304],[-79.4659,-3.3285],[-79.4746,-3.3193],[-79.4795,-3.3176],[-79.4817,-3.3158],[-79.4969,-3.315],[-79.5123,-3.3101],[-79.5156,-3.3074],[-79.5253,-3.3109],[-79.5398,-3.3143],[-79.5532,-3.3151],[-79.5569,-3.3138],[-79.5674,-3.3145],[-79.5734,-3.3174],[-79.5805,-3.3245],[-79.5797,-3.3262],[-79.5842,-3.3369],[-79.5774,-3.3471],[-79.5712,-3.3504],[-79.5635,-3.3586],[-79.5512,-3.3629],[-79.5494,-3.3641],[-79.5532,-3.3834],[-79.5557,-3.3874],[-79.5545,-3.3909],[-79.5572,-3.4029],[-79.5533,-3.4094],[-79.5552,-3.4122],[-79.5542,-3.4194],[-79.5498,-3.4285],[-79.5446,-3.4331],[-79.5481,-3.4426],[-79.5492,-3.4524],[-79.5381,-3.4716],[-79.5407,-3.4745],[-79.5419,-3.4843],[-79.5453,-3.4901],[-79.5452,-3.4969],[-79.548,-3.5022],[-79.5461,-3.5081],[-79.5539,-3.5117],[-79.5521,-3.5158],[-79.5437,-3.5225],[-79.5443,-3.5279],[-79.5389,-3.5336],[-79.5393,-3.5409],[-79.5458,-3.5475],[-79.5507,-3.5473],[-79.5558,-3.5431],[-79.5636,-3.5427],[-79.5703,-3.5395],[-79.5822,-3.5385],[-79.5868,-3.541],[-79.6008,-3.5408],[-79.6068,-3.5473],[-79.612,-3.5492],[-79.6172,-3.5607],[-79.6185,-3.5744],[-79.6271,-3.5889],[-79.6336,-3.595],[-79.6411,-3.6058],[-79.6492,-3.6221],[-79.6486,-3.6254],[-79.6522,-3.6385],[-79.6528,-3.6416],[-79.6455,-3.6555],[-79.6374,-3.6674],[-79.6399,-3.6755],[-79.646,-3.6785],[-79.6465,-3.6858],[-79.635,-3.7016],[-79.6352,-3.7024]]]},"properties":{"poblacion":24097,"dpa_descan":"ZARUMA","dpa_provin":"07","dpa_despro":"EL ORO","dpa_canton":"0713"}},
{"type":"Feature","geometry":{"type":"Polygon","coordinates":[[[-79.2019,-3.7108],[-79.1953,-3.725],[-79.1919,-3.721],[-79.1805,-3.7126],[-79.174,-3.7116],[-79.1622,-3.7153],[-79.1597,-3.7039],[-79.1575,-3.7023],[-79.154,-3.6961],[-79.1547,-3.6879],[-79.1592,-3.6773],[-79.1572,-3.6686],[-79.1535,-3.6615],[-79.1461,-3.6594],[-79.1396,-3.6635],[-79.1169,-3.6505],[-79.1068,-3.6461],[-79.1079,-3.6377],[-79.0953,-3.6254],[-79.1054,-3.63],[-79.1057,-3.6173],[-79.109,-3.6131],[-79.1152,-3.6119],[-79.1187,-3.6013],[-79.1311,-3.6013],[-79.1352,-3.5913],[-79.1334,-3.5808],[-79.1369,-3.5789],[-79.1398,-3.5681],[-79.1396,-3.5585],[-79.1347,-3.5505],[-79.1358,-3.5461],[-79.1333,-3.5406],[-79.1365,-3.5345],[-79.1365,-3.5277],[-79.153,-3.5121],[-79.1548,-3.5066],[-79.1584,-3.5046],[-79.1589,-3.4994],[-79.1562,-3.4899],[-79.1591,-3.4784],[-79.1573,-3.4763],[-79.1612,-3.4705],[-79.1752,-3.4677],[-79.1793,-3.4577],[-79.1805,-3.4421],[-79.1836,-3.4391],[-79.1891,-3.4395],[-79.1948,-3.4455],[-79.2079,-3.4486],[-79.2133,-3.4546],[-79.2178,-3.4546],[-79.2224,-3.4622],[-79.2321,-3.4628],[-79.2446,-3.4688],[-79.2541,-3.4723],[-79.2572,-3.4757],[-79.2654,-3.4775],[-79.2734,-3.4744],[-79.2765,-3.4768],[-79.2771,-3.477],[-79.2827,-3.4687],[-79.2895,-3.4666],[-79.2886,-3.4629],[-79.2936,-3.4514],[-79.2961,-3.4511],[-79.2966,-3.4422],[-79.3018,-3.436],[-79.304,-3.428],[-79.3046,-3.4183],[-79.2999,-3.4076],[-79.3086,-3.4003],[-79.3088,-3.3938],[-79.306,-3.3909],[-79.3051,-3.3836],[-79.3016,-3.3772],[-79.3021,-3.3681],[-79.3013,-3.365],[-79.3058,-3.3573],[-79.3151,-3.353],[-79.3296,-3.3487],[-79.3354,-3.3393],[-79.3387,-3.3423],[-79.3455,-3.342],[-79.3488,-3.339],[-79.3532,-3.3431],[-79.3644,-3.3436],[-79.3734,-3.3451],[-79.3765,-3.349],[-79.3821,-3.3464],[-79.3928,-3.3462],[-79.4052,-3.3445],[-79.4089,-3.3424],[-79.4171,-3.3435],[-79.4226,-3.3416],[-79.4292,-3.3436],[-79.4338,-3.342],[-79.4369,-3.3376],[-79.4477,-3.3346],[-79.452,-3.3304],[-79.4614,-3.3304],[-79.4627,-3.3355],[-79.4607,-3.3436],[-79.4641,-3.3545],[-79.4689,-3.361],[-79.4694,-3.3765],[-79.4712,-3.3888],[-79.4747,-3.397],[-79.4682,-3.4065],[-79.4679,-3.4108],[-79.4623,-3.4209],[-79.4602,-3.4317],[-79.4512,-3.4267],[-79.4481,-3.4306],[-79.4371,-3.4279],[-79.4288,-3.4371],[-79.4228,-3.4418],[-79.4231,-3.4442],[-79.4261,-3.4513],[-79.4256,-3.456],[-79.4295,-3.4641],[-79.4425,-3.4703],[-79.4456,-3.4798],[-79.4512,-3.4842],[-79.4604,-3.4991],[-79.4692,-3.5036],[-79.4795,-3.5114],[-79.4816,-3.5152],[-79.475,-3.5231],[-79.475,-3.5297],[-79.4825,-3.5396],[-79.4812,-3.5468],[-79.4816,-3.5621],[-79.4773,-3.5676],[-79.4798,-3.5726],[-79.4794,-3.5827],[-79.4855,-3.5913],[-79.4887,-3.5924],[-79.4987,-3.6095],[-79.4943,-3.6206],[-79.4895,-3.6292],[-79.4902,-3.6359],[-79.4871,-3.6381],[-79.4796,-3.6331],[-79.4802,-3.6308],[-79.4721,-3.6206],[-79.4634,-3.616],[-79.4481,-3.605],[-79.448,-3.5976],[-79.4357,-3.587],[-79.4313,-3.5796],[-79.4227,-3.5817],[-79.4231,-3.585],[-79.4176,-3.6026],[-79.4152,-3.6074],[-79.4025,-3.6113],[-79.397,-3.6106],[-79.3913,-3.6131],[-79.3892,-3.621],[-79.3809,-3.6274],[-79.3727,-3.6375],[-79.3709,-3.6461],[-79.3683,-3.6487],[-79.3665,-3.6605],[-79.3686,-3.6626],[-79.3693,-3.6714],[-79.3734,-3.6801],[-79.3637,-3.6784],[-79.3578,-3.6811],[-79.3551,-3.691],[-79.3502,-3.6951],[-79.3346,-3.6935],[-79.3271,-3.6997],[-79.3258,-3.7058],[-79.3264,-3.7178],[-79.3184,-3.7212],[-79.3089,-3.7097],[-79.3065,-3.6983],[-79.2956,-3.6916],[-79.2888,-3.6856],[-79.2792,-3.6903],[-79.2731,-3.6855],[-79.2705,-3.6781],[-79.2638,-3.6778],[-79.2597,-3.6722],[-79.253,-3.6734],[-79.2471,-3.6839],[-79.2328,-3.6794],[-79.2309,-3.6858],[-79.2179,-3.6975],[-79.2203,-3.7039],[-79.218,-3.708],[-79.2101,-3.7066],[-79.2019,-3.7108]]]},"properties":{"poblacion":30183,"dpa_descan":"SARAGURO","dpa_provin":"11","dpa_despro":"LOJA","dpa_canton":"1111"}},
{"type":"Feature","geometry":{"type":"Polygon","coordinates":[[[-79.7237,-4.1506],[-79.7266,-4.1466],[-79.7335,-4.148],[-79.7343,-4.1451],[-79.7541,-4.1415],[-79.7585,-4.1434],[-79.7703,-4.1372],[-79.774,-4.1374],[-79.7788,-4.1332],[-79.7868,-4.1301],[-79.7887,-4.1236],[-79.7927,-4.1254],[-79.8014,-4.118],[-79.8098,-4.1161],[-79.8105,-4.1193],[-79.8141,-4.1273],[-79.8184,-4.1282],[-79.8235,-4.1348],[-79.83,-4.1312],[-79.8377,-4.1317],[-79.8353,-4.1344],[-79.8395,-4.1419],[-79.8387,-4.1445],[-79.8447,-4.1488],[-79.8486,-4.1515],[-79.8505,-4.1583],[-79.8573,-4.1527],[-79.8627,-4.1572],[-79.8648,-4.1675],[-79.8611,-4.1688],[-79.8608,-4.1759],[-79.8657,-4.1801],[-79.8686,-4.1867],[-79.8799,-4.1972],[-79.8838,-4.2046],[-79.8793,-4.2039],[-79.8672,-4.2131],[-79.8612,-4.2235],[-79.861,-4.228],[-79.8556,-4.2299],[-79.8539,-4.2357],[-79.8566,-4.2421],[-79.8571,-4.2513],[-79.8482,-4.2734],[-79.8504,-4.2753],[-79.8524,-4.2871],[-79.8486,-4.2901],[-79.8469,-4.2956],[-79.8446,-4.2995],[-79.8393,-4.3003],[-79.8455,-4.3067],[-79.8437,-4.314],[-79.8386,-4.3194],[-79.839,-4.3312],[-79.8353,-4.345],[-79.82,-4.3452],[-79.8016,-4.3489],[-79.8058,-4.3531],[-79.8062,-4.3588],[-79.7998,-4.3646],[-79.7942,-4.3666],[-79.7905,-4.3757],[-79.801,-4.3826],[-79.799,-4.3851],[-79.7928,-4.3831],[-79.7873,-4.39],[-79.787,-4.4024],[-79.7873,-4.4063],[-79.7786,-4.4161],[-79.7717,-4.4265],[-79.7606,-4.4326],[-79.7655,-4.4413],[-79.7595,-4.4489],[-79.7539,-4.4601],[-79.7513,-4.4713],[-79.7509,-4.4837],[-79.7451,-4.4825],[-79.7451,-4.4795],[-79.7389,-4.4783],[-79.72,-4.4681],[-79.7157,-4.4714],[-79.7061,-4.4713],[-79.7012,-4.4643],[-79.689,-4.4583],[-79.688,-4.4527],[-79.6821,-4.4478],[-79.6784,-4.4482],[-79.6812,-4.4277],[-79.6845,-4.4201],[-79.6916,-4.4127],[-79.7002,-4.4102],[-79.7194,-4.397],[-79.7187,-4.3936],[-79.7251,-4.3797],[-79.732,-4.3684],[-79.7343,-4.3593],[-79.7372,-4.3547],[-79.7384,-4.3471],[-79.7359,-4.3399],[-79.7465,-4.3326],[-79.7418,-4.3261],[-79.7358,-4.3235],[-79.735,-4.3114],[-79.7328,-4.3081],[-79.7465,-4.3001],[-79.7555,-4.2862],[-79.7608,-4.2863],[-79.7717,-4.281],[-79.7725,-4.2762],[-79.7604,-4.267],[-79.7541,-4.2687],[-79.7435,-4.2558],[-79.7404,-4.2425],[-79.7498,-4.2391],[-79.7507,-4.2331],[-79.7543,-4.2307],[-79.7503,-4.2268],[-79.746,-4.2176],[-79.7331,-4.2141],[-79.7304,-4.2075],[-79.7264,-4.204],[-79.7275,-4.1926],[-79.7233,-4.1747],[-79.7233,-4.1642],[-79.7267,-4.1567],[-79.7237,-4.1506]]]},"properties":{"poblacion":7465,"dpa_descan":"SOZORANGA","dpa_provin":"11","dpa_despro":"LOJA","dpa_canton":"1112"}},
{"type":"Feature","geometry":{"type":"Polygon","coordinates":[[[-80.1987,-4.2641],[-80.1968,-4.2597],[-80.2078,-4.2536],[-80.2031,-4.2475],[-80.2056,-4.2432],[-80.2126,-4.2415],[-80.2171,-4.2366],[-80.2203,-4.2395],[-80.228,-4.2385],[-80.2254,-4.2351],[-80.2303,-4.2279],[-80.2382,-4.2412],[-80.2405,-4.2391],[-80.2403,-4.229],[-80.2366,-4.2153],[-80.2332,-4.2137],[-80.21,-4.1951],[-80.2086,-4.191],[-80.2012,-4.1926],[-80.1998,-4.1873],[-80.1957,-4.1835],[-80.1827,-4.1803],[-80.1775,-4.1768],[-80.1799,-4.173],[-80.1774,-4.169],[-80.1844,-4.1678],[-80.1899,-4.1518],[-80.1868,-4.147],[-80.1916,-4.1372],[-80.1962,-4.1349],[-80.1971,-4.1194],[-80.1998,-4.1129],[-80.2047,-4.1123],[-80.2068,-4.1074],[-80.1988,-4.1055],[-80.2052,-4.0945],[-80.2057,-4.0869],[-80.2026,-4.0849],[-80.2102,-4.0823],[-80.2115,-4.0722],[-80.2155,-4.068],[-80.2286,-4.0684],[-80.2284,-4.0646],[-80.2327,-4.0641],[-80.2388,-4.0649],[-80.2399,-4.0591],[-80.2449,-4.0553],[-80.2453,-4.0609],[-80.2493,-4.0576],[-80.2501,-4.0661],[-80.2552,-4.0612],[-80.2558,-4.0663],[-80.2602,-4.0587],[-80.2561,-4.0523],[-80.2707,-4.0576],[-80.2734,-4.0488],[-80.2809,-4.0372],[-80.2889,-4.0415],[-80.2931,-4.0265],[-80.2912,-4.0223],[-80.2958,-4.0161],[-80.3003,-4.0171],[-80.3074,-4.0126],[-80.3122,-4.012],[-80.3242,-4.011],[-80.3285,-4.0062],[-80.3294,-4.0004],[-80.3341,-3.9984],[-80.3389,-3.9923],[-80.3424,-3.9957],[-80.3536,-3.9946],[-80.3596,-3.9855],[-80.3666,-3.9818],[-80.3722,-3.9847],[-80.375,-3.9893],[-80.386,-3.9878],[-80.3891,-3.9893],[-80.3986,-3.9812],[-80.4126,-3.9915],[-80.4194,-3.9905],[-80.4239,-3.9958],[-80.4269,-3.9954],[-80.4302,-3.9894],[-80.4465,-3.9969],[-80.4454,-4.0027],[-80.4416,-4.0064],[-80.4478,-4.009],[-80.4456,-4.0156],[-80.4558,-4.0161],[-80.4509,-4.031],[-80.4568,-4.0344],[-80.468,-4.0342],[-80.4716,-4.0491],[-80.4766,-4.0502],[-80.4823,-4.0559],[-80.4747,-4.0594],[-80.4768,-4.0674],[-80.472,-4.0725],[-80.4753,-4.0812],[-80.4832,-4.0795],[-80.4864,-4.0823],[-80.4821,-4.088],[-80.4818,-4.0944],[-80.4785,-4.0953],[-80.4753,-4.1045],[-80.4648,-4.1144],[-80.4636,-4.1203],[-80.468,-4.1264],[-80.4635,-4.129],[-80.4567,-4.1237],[-80.4515,-4.1248],[-80.4488,-4.1202],[-80.4491,-4.1291],[-80.4491,-4.2088],[-80.4393,-4.1983],[-80.4316,-4.1956],[-80.4192,-4.2023],[-80.4162,-4.2113],[-80.4094,-4.2182],[-80.3878,-4.202],[-80.3831,-4.2074],[-80.3719,-4.1975],[-80.3679,-4.1968],[-80.364,-4.2038],[-80.3652,-4.2061],[-80.3554,-4.2162],[-80.3538,-4.2207],[-80.3468,-4.217],[-80.3472,-4.2123],[-80.3399,-4.2086],[-80.3359,-4.213],[-80.3297,-4.2145],[-80.3129,-4.1975],[-80.3064,-4.2002],[-80.3093,-4.2046],[-80.3121,-4.2089],[-80.3209,-4.215],[-80.3294,-4.223],[-80.3385,-4.237],[-80.3461,-4.2466],[-80.3513,-4.2501],[-80.3526,-4.2583],[-80.3678,-4.2701],[-80.3676,-4.2799],[-80.3796,-4.2907],[-80.3853,-4.2911],[-80.3916,-4.2991],[-80.3975,-4.3018],[-80.3992,-4.3056],[-80.4051,-4.3093],[-80.4123,-4.3169],[-80.4202,-4.3293],[-80.4238,-4.3301],[-80.4305,-4.3454],[-80.4294,-4.3517],[-80.4324,-4.3521],[-80.4351,-4.3615],[-80.4431,-4.3652],[-80.4456,-4.3714],[-80.4532,-4.382],[-80.454,-4.3877],[-80.4491,-4.3924],[-80.4524,-4.3974],[-80.4478,-4.4035],[-80.4534,-4.407],[-80.449,-4.4195],[-80.451,-4.4205],[-80.4488,-4.4326],[-80.4496,-4.4377],[-80.4455,-4.4387],[-80.4495,-4.4477],[-80.4446,-4.4459],[-80.4384,-4.4564],[-80.4252,-4.4591],[-80.4256,-4.4628],[-80.4194,-4.4666],[-80.4196,-4.4601],[-80.4071,-4.467],[-80.3961,-4.4761],[-80.3976,-4.4797],[-80.3938,-4.484],[-80.3878,-4.4868],[-80.3817,-4.4773],[-80.3709,-4.4794],[-80.3624,-4.4795],[-80.357,-4.4733],[-80.3523,-4.4728],[-80.3401,-4.4669],[-80.331,-4.4652],[-80.3249,-4.4607],[-80.3213,-4.4528],[-80.3128,-4.4524],[-80.3061,-4.4479],[-80.3034,-4.4416],[-80.2928,-4.4371],[-80.2906,-4.4342],[-80.2956,-4.4263],[-80.2924,-4.4199],[-80.2871,-4.4173],[-80.2864,-4.4097],[-80.2796,-4.408],[-80.2745,-4.404],[-80.2661,-4.4116],[-80.2621,-4.4111],[-80.2605,-4.4055],[-80.2476,-4.3992],[-80.2484,-4.3931],[-80.245,-4.3899],[-80.2366,-4.3869],[-80.2315,-4.3725],[-80.2276,-4.3739],[-80.2254,-4.3799],[-80.2197,-4.3744],[-80.224,-4.37],[-80.2171,-4.3648],[-80.2196,-4.355],[-80.2165,-4.3537],[-80.2125,-4.359],[-80.2086,-4.3563],[-80.2112,-4.3524],[-80.2047,-4.3496],[-80.199,-4.3517],[-80.1949,-4.35],[-80.197,-4.3446],[-80.2063,-4.3408],[-80.2032,-4.3357],[-80.1986,-4.3371],[-80.1879,-4.336],[-80.1856,-4.3326],[-80.1857,-4.3167],[-80.1791,-4.3038],[-80.1794,-4.3009],[-80.1703,-4.2895],[-80.1657,-4.2914],[-80.1666,-4.3002],[-80.157,-4.3044],[-80.1543,-4.3028],[-80.148,-4.2929],[-80.1416,-4.2859],[-80.1385,-4.273],[-80.141,-4.2673],[-80.1357,-4.2637],[-80.1302,-4.2671],[-80.1204,-4.2672],[-80.1176,-4.2576],[-80.1128,-4.2548],[-80.113,-4.2501],[-80.1051,-4.2457],[-80.1062,-4.2419],[-80.1166,-4.232],[-80.1406,-4.2378],[-80.1581,-4.2366],[-80.1682,-4.2346],[-80.1739,-4.2361],[-80.1775,-4.2424],[-80.1844,-4.2467],[-80.1818,-4.2492],[-80.1846,-4.2538],[-80.1821,-4.2575],[-80.1877,-4.2596],[-80.1912,-4.2673],[-80.1987,-4.2641]]]},"properties":{"poblacion":12313,"dpa_descan":"ZAPOTILLO","dpa_provin":"11","dpa_despro":"LOJA","dpa_canton":"1113"}},
{"type":"Feature","geometry":{"type":"Polygon","coordinates":[[[-80.1621,-4.1534],[-80.1561,-4.1514],[-80.1543,-4.1482],[-80.1461,-4.1447],[-80.1412,-4.155],[-80.135,-4.1567],[-80.1283,-4.1665],[-80.124,-4.1663],[-80.1231,-4.1728],[-80.1151,-4.1741],[-80.1056,-4.1665],[-80.1047,-4.1615],[-80.0912,-4.1471],[-80.0925,-4.1369],[-80.0782,-4.1233],[-80.0697,-4.1191],[-80.0729,-4.1121],[-80.0813,-4.1051],[-80.0742,-4.102],[-80.0746,-4.0962],[-80.0773,-4.0936],[-80.0773,-4.0833],[-80.0662,-4.0806],[-80.0645,-4.0834],[-80.0575,-4.0802],[-80.0531,-4.0665],[-80.0506,-4.0705],[-80.0363,-4.0732],[-80.0191,-4.0712],[-80.0107,-4.0524],[-80.0147,-4.0432],[-80.0186,-4.0395],[-80.0226,-4.0412],[-80.0407,-4.042],[-80.0496,-4.0449],[-80.0606,-4.0443],[-80.0634,-4.0479],[-80.0707,-4.0484],[-80.0756,-4.0515],[-80.0757,-4.0549],[-80.0816,-4.0597],[-80.0862,-4.0567],[-80.0866,-4.0601],[-80.0994,-4.0711],[-80.1051,-4.0675],[-80.0946,-4.0585],[-80.0912,-4.0536],[-80.0955,-4.0432],[-80.0984,-4.041],[-80.1052,-4.0431],[-80.1106,-4.041],[-80.118,-4.0322],[-80.1226,-4.0326],[-80.1293,-4.0266],[-80.1357,-4.0285],[-80.1629,-4.0398],[-80.1636,-4.0416],[-80.1678,-4.0412],[-80.1716,-4.0477],[-80.19,-4.0437],[-80.1966,-4.0498],[-80.1985,-4.0491],[-80.2118,-4.0558],[-80.2268,-4.0603],[-80.2327,-4.0641],[-80.2284,-4.0646],[-80.2286,-4.0684],[-80.2155,-4.068],[-80.2115,-4.0722],[-80.2102,-4.0823],[-80.2026,-4.0849],[-80.2057,-4.0869],[-80.2052,-4.0945],[-80.1988,-4.1055],[-80.2068,-4.1074],[-80.2047,-4.1123],[-80.1998,-4.1129],[-80.1971,-4.1194],[-80.1962,-4.1349],[-80.1916,-4.1372],[-80.1868,-4.147],[-80.1899,-4.1518],[-80.1844,-4.1678],[-80.1774,-4.169],[-80.1745,-4.1658],[-80.169,-4.1702],[-80.1618,-4.1642],[-80.1674,-4.1536],[-80.1621,-4.1534]]]},"properties":{"poblacion":8646,"dpa_descan":"PINDAL","dpa_provin":"11","dpa_despro":"LOJA","dpa_canton":"1114"}},
{"type":"Feature","geometry":{"type":"Polygon","coordinates":[[[-79.3315,-4.2774],[-79.3362,-4.2845],[-79.3435,-4.2872],[-79.3559,-4.2878],[-79.3609,-4.2855],[-79.3739,-4.2846],[-79.3726,-4.2793],[-79.3763,-4.2735],[-79.3764,-4.2688],[-79.3824,-4.2663],[-79.3901,-4.2592],[-79.3947,-4.2472],[-79.403,-4.2474],[-79.414,-4.2597],[-79.4142,-4.265],[-79.4172,-4.2639],[-79.4243,-4.2666],[-79.4321,-4.263],[-79.44,-4.2631],[-79.4488,-4.2596],[-79.4539,-4.2608],[-79.4619,-4.2595],[-79.4664,-4.2711],[-79.4663,-4.2762],[-79.4707,-4.2805],[-79.4687,-4.2877],[-79.472,-4.3006],[-79.4672,-4.3153],[-79.4609,-4.3225],[-79.4582,-4.3212],[-79.4455,-4.3269],[-79.4368,-4.3281],[-79.4375,-4.3353],[-79.4355,-4.3431],[-79.4402,-4.3466],[-79.4384,-4.354],[-79.4334,-4.3576],[-79.4286,-4.3659],[-79.4302,-4.3723],[-79.4249,-4.3811],[-79.4327,-4.3903],[-79.4337,-4.3942],[-79.4409,-4.3957],[-79.4409,-4.406],[-79.4353,-4.4016],[-79.4215,-4.398],[-79.4194,-4.4002],[-79.4058,-4.4013],[-79.3984,-4.4134],[-79.3827,-4.4127],[-79.3739,-4.4069],[-79.3716,-4.4079],[-79.3671,-4.4172],[-79.3599,-4.4177],[-79.3513,-4.4245],[-79.3519,-4.4326],[-79.3499,-4.4444],[-79.3521,-4.449],[-79.3463,-4.4509],[-79.3416,-4.4474],[-79.3283,-4.4456],[-79.3247,-4.4537],[-79.3158,-4.457],[-79.3157,-4.4537],[-79.3086,-4.4506],[-79.3116,-4.4237],[-79.3181,-4.4006],[-79.3142,-4.3942],[-79.3111,-4.3733],[-79.3175,-4.3662],[-79.3149,-4.3634],[-79.3149,-4.3559],[-79.318,-4.3523],[-79.3226,-4.3544],[-79.3318,-4.3448],[-79.3319,-4.3393],[-79.3239,-4.3301],[-79.3206,-4.3226],[-79.3274,-4.3188],[-79.3306,-4.3117],[-79.3312,-4.3036],[-79.3261,-4.2995],[-79.3251,-4.2887],[-79.3307,-4.2832],[-79.3315,-4.2774]]]},"properties":{"poblacion":4337,"dpa_descan":"QUILANGA","dpa_provin":"11","dpa_despro":"LOJA","dpa_canton":"1115"}},
{"type":"Feature","geometry":{"type":"Polygon","coordinates":[[[-79.6657,-3.8959],[-79.6673,-3.8996],[-79.6659,-3.9081],[-79.6668,-3.9162],[-79.6713,-3.9208],[-79.6754,-3.9308],[-79.6787,-3.9321],[-79.6774,-3.9373],[-79.6727,-3.9441],[-79.665,-3.9439],[-79.6581,-3.9512],[-79.6583,-3.9586],[-79.6529,-3.9624],[-79.643,-3.9754],[-79.6386,-3.9722],[-79.6268,-3.9673],[-79.617,-3.9613],[-79.5988,-3.9666],[-79.5851,-3.9744],[-79.5746,-3.9769],[-79.5663,-3.976],[-79.5589,-3.9696],[-79.5525,-3.9716],[-79.5498,-3.9793],[-79.5443,-3.9815],[-79.5341,-3.9912],[-79.5225,-3.9967],[-79.5255,-3.9847],[-79.5327,-3.9766],[-79.5392,-3.9626],[-79.538,-3.9562],[-79.5398,-3.9495],[-79.5331,-3.9374],[-79.5334,-3.9277],[-79.545,-3.9135],[-79.5477,-3.912],[-79.5438,-3.9015],[-79.5464,-3.8949],[-79.5503,-3.894],[-79.5569,-3.8828],[-79.5664,-3.8865],[-79.5688,-3.8911],[-79.5776,-3.8944],[-79.5815,-3.893],[-79.5815,-3.8979],[-79.5868,-3.9016],[-79.5916,-3.9015],[-79.5969,-3.9133],[-79.6021,-3.9131],[-79.623,-3.9017],[-79.6359,-3.908],[-79.6433,-3.9046],[-79.655,-3.9062],[-79.6627,-3.9014],[-79.6657,-3.8959]]]},"properties":{"poblacion":4870,"dpa_descan":"OLMEDO","dpa_provin":"11","dpa_despro":"LOJA","dpa_canton":"1116"}},
{"type":"Feature","geometry":{"type":"Polygon","coordinates":[[[-79.6478,-1.9235],[-79.6406,-1.9217],[-79.6376,-1.9239],[-79.6321,-1.9204],[-79.6283,-1.9223],[-79.6231,-1.9192],[-79.6225,-1.9152],[-79.6178,-1.9107],[-79.6138,-1.9104],[-79.6086,-1.9032],[-79.5979,-1.9079],[-79.5805,-1.905],[-79.5762,-1.9007],[-79.5632,-1.8965],[-79.5642,-1.8898],[-79.5581,-1.8899],[-79.5555,-1.8854],[-79.5507,-1.8861],[-79.5414,-1.8823],[-79.5382,-1.8851],[-79.5321,-1.8829],[-79.5245,-1.8851],[-79.5222,-1.8803],[-79.5063,-1.8836],[-79.5025,-1.8869],[-79.4889,-1.8841],[-79.4878,-1.8909],[-79.4849,-1.8928],[-79.4854,-1.9011],[-79.4776,-1.9088],[-79.4687,-1.9104],[-79.464,-1.9182],[-79.4602,-1.9158],[-79.455,-1.9172],[-79.4537,-1.9252],[-79.4556,-1.9266],[-79.4451,-1.9347],[-79.4368,-1.9405],[-79.4216,-1.9372],[-79.4064,-1.9418],[-79.412,-1.9483],[-79.4095,-1.9508],[-79.4114,-1.9552],[-79.4057,-1.9601],[-79.401,-1.96],[-79.403,-1.9647],[-79.3997,-1.9674],[-79.389,-1.9656],[-79.3828,-1.9687],[-79.3732,-1.9679],[-79.3685,-1.9712],[-79.3706,-1.9782],[-79.3675,-1.9787],[-79.3621,-1.9874],[-79.3587,-1.9868],[-79.358,-1.9981],[-79.3504,-2.0093],[-79.3426,-2.0158],[-79.3442,-2.0206],[-79.3379,-2.0217],[-79.3367,-2.0269],[-79.3384,-2.0325],[-79.3339,-2.0354],[-79.3344,-2.0416],[-79.331,-2.0412],[-79.3281,-2.0473],[-79.323,-2.0521],[-79.3171,-2.0632],[-79.3183,-2.0688],[-79.3172,-2.0817],[-79.3049,-2.0857],[-79.2988,-2.0945],[-79.2913,-2.0973],[-79.285,-2.0971],[-79.2711,-2.1038],[-79.269,-2.0933],[-79.2634,-2.0821],[-79.2587,-2.088],[-79.2598,-2.0902],[-79.2524,-2.0935],[-79.249,-2.1025],[-79.2357,-2.1038],[-79.2315,-2.108],[-79.2286,-2.1169],[-79.2192,-2.1256],[-79.2103,-2.1287],[-79.2035,-2.1335],[-79.206,-2.123],[-79.2032,-2.1114],[-79.2155,-2.0989],[-79.2218,-2.0881],[-79.2224,-2.0841],[-79.2133,-2.0877],[-79.2012,-2.0777],[-79.2091,-2.0745],[-79.209,-2.0701],[-79.2135,-2.0603],[-79.2282,-2.041],[-79.2254,-2.0381],[-79.2236,-2.0296],[-79.2252,-2.0251],[-79.243,-2.0121],[-79.2457,-2.0081],[-79.248,-1.9969],[-79.2477,-1.9881],[-79.2498,-1.9796],[-79.2556,-1.9734],[-79.2605,-1.9639],[-79.2608,-1.9595],[-79.2555,-1.9447],[-79.2586,-1.9373],[-79.2589,-1.937],[-79.2678,-1.9249],[-79.2731,-1.9202],[-79.2749,-1.9127],[-79.2821,-1.9079],[-79.2824,-1.905],[-79.2899,-1.8992],[-79.289,-1.8926],[-79.293,-1.8901],[-79.297,-1.8933],[-79.3046,-1.8928],[-79.3107,-1.8877],[-79.313,-1.8916],[-79.3181,-1.8883],[-79.3229,-1.8932],[-79.3296,-1.8922],[-79.331,-1.8865],[-79.3354,-1.8851],[-79.3337,-1.8804],[-79.3412,-1.8768],[-79.3455,-1.8772],[-79.3441,-1.8699],[-79.3483,-1.8697],[-79.3528,-1.8742],[-79.3533,-1.8677],[-79.3591,-1.8702],[-79.373,-1.8636],[-79.3787,-1.8682],[-79.3813,-1.8631],[-79.3841,-1.8686],[-79.3879,-1.8641],[-79.395,-1.8673],[-79.3949,-1.8575],[-79.3982,-1.8597],[-79.4016,-1.8554],[-79.4105,-1.857],[-79.4145,-1.8526],[-79.4147,-1.8594],[-79.4188,-1.8596],[-79.424,-1.8572],[-79.4234,-1.8516],[-79.4287,-1.8511],[-79.4309,-1.8454],[-79.4354,-1.8461],[-79.4377,-1.8386],[-79.4401,-1.8392],[-79.4433,-1.8299],[-79.4488,-1.8296],[-79.4505,-1.8233],[-79.4574,-1.8201],[-79.4616,-1.8028],[-79.4589,-1.8002],[-79.4537,-1.8037],[-79.4497,-1.7988],[-79.4414,-1.7973],[-79.4369,-1.792],[-79.4184,-1.7948],[-79.4118,-1.7897],[-79.4086,-1.7903],[-79.4004,-1.7857],[-79.3939,-1.7855],[-79.3891,-1.779],[-79.3859,-1.7651],[-79.3852,-1.7553],[-79.3808,-1.7507],[-79.3765,-1.751],[-79.3744,-1.7452],[-79.3697,-1.7431],[-79.3616,-1.7455],[-79.3568,-1.7434],[-79.3502,-1.7493],[-79.3501,-1.7547],[-79.3407,-1.7565],[-79.3303,-1.7479],[-79.3298,-1.7421],[-79.3229,-1.7457],[-79.3216,-1.7403],[-79.3161,-1.7424],[-79.3054,-1.7395],[-79.3028,-1.7313],[-79.305,-1.7277],[-79.3093,-1.7027],[-79.3085,-1.6944],[-79.3042,-1.6881],[-79.2953,-1.6805],[-79.2944,-1.6727],[-79.2912,-1.6693],[-79.2881,-1.6601],[-79.2885,-1.6546],[-79.2892,-1.6514],[-79.3014,-1.6537],[-79.3168,-1.6594],[-79.3218,-1.6592],[-79.3224,-1.6463],[-79.3453,-1.6465],[-79.3556,-1.6375],[-79.3532,-1.6334],[-79.3727,-1.6327],[-79.3792,-1.6264],[-79.392,-1.6261],[-79.3976,-1.6227],[-79.4126,-1.6188],[-79.418,-1.6296],[-79.4274,-1.636],[-79.4276,-1.6434],[-79.4444,-1.6545],[-79.4516,-1.6546],[-79.456,-1.6573],[-79.4549,-1.6619],[-79.4648,-1.6678],[-79.4667,-1.6725],[-79.4755,-1.6735],[-79.4896,-1.669],[-79.4966,-1.6758],[-79.4939,-1.6901],[-79.4949,-1.6953],[-79.5011,-1.6974],[-79.5042,-1.6954],[-79.5121,-1.6963],[-79.5171,-1.6938],[-79.526,-1.7008],[-79.5276,-1.6909],[-79.5477,-1.6767],[-79.557,-1.6767],[-79.5608,-1.6786],[-79.5609,-1.6845],[-79.5655,-1.6856],[-79.5693,-1.6938],[-79.5788,-1.7003],[-79.5923,-1.7022],[-79.5945,-1.7001],[-79.6005,-1.7047],[-79.6062,-1.7053],[-79.6118,-1.7094],[-79.6085,-1.7154],[-79.6126,-1.7187],[-79.6108,-1.7215],[-79.6136,-1.7286],[-79.6187,-1.7337],[-79.6156,-1.7403],[-79.6189,-1.7428],[-79.6243,-1.7563],[-79.6264,-1.7615],[-79.6298,-1.7621],[-79.6297,-1.7751],[-79.6335,-1.783],[-79.6327,-1.7922],[-79.6268,-1.7909],[-79.6259,-1.7948],[-79.6281,-1.8052],[-79.6269,-1.8243],[-79.63,-1.8376],[-79.6262,-1.8394],[-79.6296,-1.8431],[-79.6249,-1.85],[-79.6344,-1.8537],[-79.6365,-1.864],[-79.6466,-1.8653],[-79.6469,-1.8731],[-79.6501,-1.8754],[-79.6562,-1.8698],[-79.6574,-1.8582],[-79.6619,-1.861],[-79.6685,-1.8799],[-79.6664,-1.8851],[-79.6585,-1.8901],[-79.6669,-1.8966],[-79.6697,-1.9009],[-79.6688,-1.9052],[-79.6609,-1.9151],[-79.6612,-1.9193],[-79.6565,-1.9231],[-79.6529,-1.9209],[-79.6478,-1.9235]]]},"properties":{"poblacion":153776,"dpa_descan":"BABAHOYO","dpa_provin":"12","dpa_despro":"LOS RIOS","dpa_canton":"1201"}},
{"type":"Feature","geometry":{"type":"Polygon","coordinates":[[[-79.728,-1.8369],[-79.7315,-1.8403],[-79.7302,-1.8475],[-79.7262,-1.8504],[-79.717,-1.8507],[-79.7091,-1.8546],[-79.7098,-1.8585],[-79.7043,-1.8656],[-79.6978,-1.8692],[-79.6855,-1.8684],[-79.6837,-1.8793],[-79.6752,-1.8869],[-79.6724,-1.8912],[-79.6737,-1.8959],[-79.6697,-1.9009],[-79.6669,-1.8966],[-79.6585,-1.8901],[-79.6664,-1.8851],[-79.6685,-1.8799],[-79.6619,-1.861],[-79.6574,-1.8582],[-79.6562,-1.8698],[-79.6501,-1.8754],[-79.6469,-1.8731],[-79.6466,-1.8653],[-79.6365,-1.864],[-79.6344,-1.8537],[-79.6249,-1.85],[-79.6296,-1.8431],[-79.6262,-1.8394],[-79.63,-1.8376],[-79.6269,-1.8243],[-79.6281,-1.8052],[-79.6259,-1.7948],[-79.6268,-1.7909],[-79.6327,-1.7922],[-79.6335,-1.783],[-79.6297,-1.7751],[-79.6298,-1.7621],[-79.6264,-1.7615],[-79.6243,-1.7563],[-79.6189,-1.7428],[-79.6156,-1.7403],[-79.6187,-1.7337],[-79.6136,-1.7286],[-79.6108,-1.7215],[-79.6126,-1.7187],[-79.6085,-1.7154],[-79.6118,-1.7094],[-79.6062,-1.7053],[-79.6005,-1.7047],[-79.5945,-1.7001],[-79.5901,-1.6947],[-79.5952,-1.6917],[-79.5954,-1.685],[-79.5981,-1.6802],[-79.5938,-1.6729],[-79.5976,-1.6657],[-79.5976,-1.6562],[-79.5921,-1.647],[-79.5826,-1.6388],[-79.5804,-1.6317],[-79.5771,-1.6295],[-79.5872,-1.6189],[-79.6085,-1.6197],[-79.6097,-1.6142],[-79.6134,-1.6209],[-79.6339,-1.6233],[-79.6364,-1.6192],[-79.6276,-1.6129],[-79.6284,-1.6071],[-79.6233,-1.6057],[-79.6243,-1.5988],[-79.6176,-1.5981],[-79.6158,-1.6025],[-79.6067,-1.5993],[-79.6059,-1.594],[-79.5997,-1.5973],[-79.5942,-1.5956],[-79.583,-1.6023],[-79.58,-1.6013],[-79.5873,-1.5951],[-79.5824,-1.5909],[-79.5782,-1.5838],[-79.5789,-1.5737],[-79.5854,-1.5687],[-79.5913,-1.5711],[-79.5962,-1.5695],[-79.5997,-1.5578],[-79.6008,-1.5492],[-79.5984,-1.5404],[-79.5928,-1.5392],[-79.5931,-1.5342],[-79.5872,-1.5192],[-79.5837,-1.5134],[-79.5857,-1.4963],[-79.5854,-1.4854],[-79.5763,-1.4776],[-79.5786,-1.4652],[-79.5805,-1.466],[-79.5865,-1.4601],[-79.5944,-1.4613],[-79.5974,-1.4583],[-79.5958,-1.4523],[-79.5997,-1.4496],[-79.6075,-1.4501],[-79.6098,-1.4459],[-79.6215,-1.4509],[-79.6258,-1.4611],[-79.6384,-1.4651],[-79.6415,-1.469],[-79.6564,-1.4736],[-79.6561,-1.4774],[-79.6404,-1.4895],[-79.6327,-1.4895],[-79.6407,-1.5004],[-79.6529,-1.5031],[-79.6594,-1.5085],[-79.656,-1.5126],[-79.6557,-1.5221],[-79.6491,-1.5271],[-79.6572,-1.5342],[-79.6595,-1.5414],[-79.669,-1.5446],[-79.6707,-1.5476],[-79.6844,-1.5485],[-79.6858,-1.5527],[-79.6936,-1.5556],[-79.6918,-1.5665],[-79.6871,-1.5731],[-79.6839,-1.5828],[-79.6831,-1.5928],[-79.6734,-1.5978],[-79.6782,-1.6439],[-79.7002,-1.6283],[-79.7035,-1.6229],[-79.7025,-1.6151],[-79.7079,-1.6191],[-79.7177,-1.6175],[-79.7296,-1.6228],[-79.7313,-1.652],[-79.7299,-1.669],[-79.7262,-1.6743],[-79.732,-1.6812],[-79.7333,-1.6865],[-79.7386,-1.6904],[-79.7443,-1.698],[-79.7505,-1.6996],[-79.7521,-1.7034],[-79.7478,-1.7054],[-79.7476,-1.7172],[-79.7489,-1.7204],[-79.743,-1.7281],[-79.7408,-1.7354],[-79.7482,-1.7385],[-79.7445,-1.7458],[-79.7444,-1.7504],[-79.7487,-1.7834],[-79.7459,-1.791],[-79.7388,-1.7971],[-79.7371,-1.8062],[-79.7302,-1.8088],[-79.7285,-1.8255],[-79.7207,-1.8257],[-79.7203,-1.83],[-79.728,-1.8369]]]},"properties":{"poblacion":39681,"dpa_descan":"BABA","dpa_provin":"12","dpa_despro":"LOS RIOS","dpa_canton":"1202"}},
{"type":"Feature","geometry":{"type":"Polygon","coordinates":[[[-79.2397,-1.7675],[-79.2249,-1.7565],[-79.223,-1.7571],[-79.2101,-1.7495],[-79.2086,-1.7461],[-79.2109,-1.7401],[-79.2223,-1.7372],[-79.2284,-1.7395],[-79.2339,-1.7364],[-79.2367,-1.7304],[-79.246,-1.7257],[-79.2629,-1.7086],[-79.2694,-1.6973],[-79.2532,-1.691],[-79.2509,-1.6807],[-79.2518,-1.6776],[-79.2652,-1.6706],[-79.2685,-1.6709],[-79.278,-1.6665],[-79.285,-1.6664],[-79.2912,-1.6693],[-79.2944,-1.6727],[-79.2953,-1.6805],[-79.3042,-1.6881],[-79.3085,-1.6944],[-79.3093,-1.7027],[-79.305,-1.7277],[-79.3028,-1.7313],[-79.3054,-1.7395],[-79.3161,-1.7424],[-79.3216,-1.7403],[-79.3229,-1.7457],[-79.3298,-1.7421],[-79.3303,-1.7479],[-79.3407,-1.7565],[-79.3501,-1.7547],[-79.3502,-1.7493],[-79.3568,-1.7434],[-79.3616,-1.7455],[-79.3697,-1.7431],[-79.3744,-1.7452],[-79.3765,-1.751],[-79.3808,-1.7507],[-79.3852,-1.7553],[-79.3859,-1.7651],[-79.3891,-1.779],[-79.3939,-1.7855],[-79.4004,-1.7857],[-79.4086,-1.7903],[-79.4118,-1.7897],[-79.4184,-1.7948],[-79.4369,-1.792],[-79.4414,-1.7973],[-79.4497,-1.7988],[-79.4537,-1.8037],[-79.4589,-1.8002],[-79.4616,-1.8028],[-79.4574,-1.8201],[-79.4505,-1.8233],[-79.4488,-1.8296],[-79.4433,-1.8299],[-79.4401,-1.8392],[-79.4377,-1.8386],[-79.4354,-1.8461],[-79.4309,-1.8454],[-79.4287,-1.8511],[-79.4234,-1.8516],[-79.424,-1.8572],[-79.4188,-1.8596],[-79.4147,-1.8594],[-79.4145,-1.8526],[-79.4105,-1.857],[-79.4016,-1.8554],[-79.3982,-1.8597],[-79.3949,-1.8575],[-79.395,-1.8673],[-79.3879,-1.8641],[-79.3841,-1.8686],[-79.3813,-1.8631],[-79.3787,-1.8682],[-79.373,-1.8636],[-79.3591,-1.8702],[-79.3533,-1.8677],[-79.3528,-1.8742],[-79.3483,-1.8697],[-79.3441,-1.8699],[-79.3455,-1.8772],[-79.3412,-1.8768],[-79.3337,-1.8804],[-79.3354,-1.8851],[-79.331,-1.8865],[-79.3296,-1.8922],[-79.3229,-1.8932],[-79.3181,-1.8883],[-79.313,-1.8916],[-79.3107,-1.8877],[-79.3046,-1.8928],[-79.297,-1.8933],[-79.293,-1.8901],[-79.289,-1.8926],[-79.2899,-1.8992],[-79.2824,-1.905],[-79.2821,-1.9079],[-79.2749,-1.9127],[-79.2731,-1.9202],[-79.2678,-1.9249],[-79.2589,-1.937],[-79.2561,-1.9348],[-79.2489,-1.9204],[-79.2485,-1.9111],[-79.2436,-1.8959],[-79.2442,-1.8904],[-79.2496,-1.8836],[-79.2433,-1.8741],[-79.2462,-1.8603],[-79.2413,-1.8576],[-79.2379,-1.8524],[-79.2338,-1.8519],[-79.2304,-1.8492],[-79.2314,-1.8422],[-79.2362,-1.8365],[-79.2366,-1.8299],[-79.2442,-1.8262],[-79.2519,-1.8146],[-79.2474,-1.8147],[-79.2388,-1.8041],[-79.2434,-1.8015],[-79.2489,-1.7873],[-79.2456,-1.779],[-79.247,-1.7717],[-79.2416,-1.77],[-79.2397,-1.7675]]]},"properties":{"poblacion":24165,"dpa_descan":"MONTALVO","dpa_provin":"12","dpa_despro":"LOS RIOS","dpa_canton":"1203"}},
{"type":"Feature","geometry":{"type":"Polygon","coordinates":[[[-79.58,-1.6013],[-79.583,-1.6023],[-79.5942,-1.5956],[-79.5997,-1.5973],[-79.6059,-1.594],[-79.6067,-1.5993],[-79.6158,-1.6025],[-79.6176,-1.5981],[-79.6243,-1.5988],[-79.6233,-1.6057],[-79.6284,-1.6071],[-79.6276,-1.6129],[-79.6364,-1.6192],[-79.6339,-1.6233],[-79.6134,-1.6209],[-79.6097,-1.6142],[-79.6085,-1.6197],[-79.5872,-1.6189],[-79.5771,-1.6295],[-79.5804,-1.6317],[-79.5826,-1.6388],[-79.5921,-1.647],[-79.5976,-1.6562],[-79.5976,-1.6657],[-79.5938,-1.6729],[-79.5981,-1.6802],[-79.5954,-1.685],[-79.5952,-1.6917],[-79.5901,-1.6947],[-79.5945,-1.7001],[-79.5923,-1.7022],[-79.5788,-1.7003],[-79.5693,-1.6938],[-79.5655,-1.6856],[-79.5609,-1.6845],[-79.5608,-1.6786],[-79.557,-1.6767],[-79.5477,-1.6767],[-79.5276,-1.6909],[-79.526,-1.7008],[-79.5171,-1.6938],[-79.5121,-1.6963],[-79.5042,-1.6954],[-79.5011,-1.6974],[-79.4949,-1.6953],[-79.4939,-1.6901],[-79.4966,-1.6758],[-79.4896,-1.669],[-79.4871,-1.6655],[-79.4909,-1.6586],[-79.4837,-1.6524],[-79.4885,-1.6462],[-79.4889,-1.6414],[-79.4948,-1.6419],[-79.5004,-1.6337],[-79.5003,-1.6279],[-79.4974,-1.6241],[-79.4916,-1.6236],[-79.4877,-1.6176],[-79.487,-1.6097],[-79.4919,-1.6065],[-79.4904,-1.5981],[-79.4943,-1.5935],[-79.4947,-1.5881],[-79.4983,-1.582],[-79.497,-1.5789],[-79.5004,-1.5727],[-79.502,-1.5574],[-79.5022,-1.5204],[-79.5047,-1.5224],[-79.5111,-1.5183],[-79.5045,-1.5056],[-79.5132,-1.5032],[-79.5075,-1.4947],[-79.5109,-1.4864],[-79.5049,-1.4732],[-79.5103,-1.4737],[-79.5111,-1.4455],[-79.5084,-1.4352],[-79.5035,-1.4268],[-79.4941,-1.4171],[-79.4943,-1.4034],[-79.4895,-1.4014],[-79.4971,-1.3967],[-79.497,-1.3936],[-79.503,-1.3937],[-79.521,-1.3839],[-79.5257,-1.389],[-79.5304,-1.3903],[-79.5286,-1.3822],[-79.533,-1.3779],[-79.5342,-1.3722],[-79.5407,-1.3736],[-79.5451,-1.3716],[-79.5519,-1.3727],[-79.5534,-1.3808],[-79.5566,-1.3826],[-79.5615,-1.393],[-79.5618,-1.3986],[-79.5593,-1.4039],[-79.5613,-1.412],[-79.573,-1.4172],[-79.5732,-1.4256],[-79.5759,-1.4264],[-79.5815,-1.4343],[-79.5863,-1.4361],[-79.5908,-1.4342],[-79.592,-1.4402],[-79.5963,-1.4481],[-79.5997,-1.4496],[-79.5958,-1.4523],[-79.5974,-1.4583],[-79.5944,-1.4613],[-79.5865,-1.4601],[-79.5805,-1.466],[-79.5786,-1.4652],[-79.5763,-1.4776],[-79.5854,-1.4854],[-79.5857,-1.4963],[-79.5837,-1.5134],[-79.5872,-1.5192],[-79.5931,-1.5342],[-79.5928,-1.5392],[-79.5984,-1.5404],[-79.6008,-1.5492],[-79.5997,-1.5578],[-79.5962,-1.5695],[-79.5913,-1.5711],[-79.5854,-1.5687],[-79.5789,-1.5737],[-79.5782,-1.5838],[-79.5824,-1.5909],[-79.5873,-1.5951],[-79.58,-1.6013]]]},"properties":{"poblacion":36477,"dpa_descan":"PUEBLOVIEJO","dpa_provin":"12","dpa_despro":"LOS RIOS","dpa_canton":"1204"}},
{"type":"Feature","geometry":{"type":"Polygon","coordinates":[[[-79.6166,-1.0639],[-79.6149,-1.0674],[-79.6024,-1.0768],[-79.5522,-1.0871],[-79.5021,-1.0784],[-79.4938,-1.0669],[-79.4886,-1.072],[-79.4792,-1.0767],[-79.4795,-1.0837],[-79.4732,-1.0839],[-79.469,-1.0807],[-79.4645,-1.0903],[-79.4576,-1.0914],[-79.4539,-1.0976],[-79.4472,-1.1011],[-79.4536,-1.1114],[-79.4513,-1.1235],[-79.4554,-1.1207],[-79.4646,-1.1193],[-79.4691,-1.1254],[-79.466,-1.1322],[-79.4657,-1.1383],[-79.4572,-1.1417],[-79.4604,-1.1505],[-79.4578,-1.1522],[-79.4504,-1.1644],[-79.4409,-1.1666],[-79.4361,-1.1745],[-79.4318,-1.1783],[-79.4317,-1.1837],[-79.4272,-1.1888],[-79.4273,-1.1934],[-79.4234,-1.1943],[-79.4143,-1.186],[-79.4154,-1.1795],[-79.4104,-1.1731],[-79.4115,-1.1589],[-79.4142,-1.1433],[-79.4103,-1.1408],[-79.4091,-1.1356],[-79.4107,-1.1266],[-79.4042,-1.1208],[-79.3805,-1.1231],[-79.3782,-1.1255],[-79.3757,-1.1227],[-79.3778,-1.1162],[-79.3753,-1.1122],[-79.384,-1.1088],[-79.3864,-1.1052],[-79.3828,-1.1019],[-79.3824,-1.097],[-79.3863,-1.0888],[-79.3917,-1.0847],[-79.3936,-1.0785],[-79.3913,-1.0748],[-79.3918,-1.0687],[-79.3889,-1.0661],[-79.3908,-1.0604],[-79.3981,-1.0588],[-79.3987,-1.0467],[-79.3949,-1.0384],[-79.3913,-1.04],[-79.3884,-1.0285],[-79.392,-1.0244],[-79.3858,-1.0214],[-79.3901,-1.0158],[-79.3842,-1.0131],[-79.3791,-1.0059],[-79.3707,-1],[-79.3694,-0.9967],[-79.3945,-0.9744],[-79.3986,-0.9696],[-79.4144,-0.9569],[-79.4285,-0.9445],[-79.4353,-0.9424],[-79.4435,-0.946],[-79.4445,-0.95],[-79.4512,-0.9462],[-79.4532,-0.9486],[-79.4522,-0.956],[-79.456,-0.9612],[-79.4604,-0.9582],[-79.4689,-0.9561],[-79.4713,-0.9509],[-79.4744,-0.9517],[-79.4828,-0.9485],[-79.4897,-0.9436],[-79.4943,-0.9434],[-79.4993,-0.9478],[-79.5072,-0.9448],[-79.5068,-0.9613],[-79.5089,-0.9687],[-79.5149,-0.9697],[-79.5165,-0.9737],[-79.5214,-0.9739],[-79.5256,-0.9795],[-79.5237,-0.9841],[-79.5283,-0.9886],[-79.5236,-0.9955],[-79.5259,-1.0013],[-79.5253,-1.0077],[-79.5323,-1.0121],[-79.5365,-1.0112],[-79.5402,-1.0171],[-79.5367,-1.0218],[-79.5386,-1.0242],[-79.5327,-1.0305],[-79.5325,-1.0437],[-79.5352,-1.0505],[-79.5406,-1.0579],[-79.5483,-1.0578],[-79.5481,-1.0613],[-79.5529,-1.0644],[-79.554,-1.0611],[-79.5592,-1.0656],[-79.562,-1.063],[-79.5662,-1.0674],[-79.5734,-1.0638],[-79.5762,-1.0668],[-79.5854,-1.0695],[-79.5873,-1.0681],[-79.5998,-1.0727],[-79.6018,-1.0699],[-79.6098,-1.0682],[-79.6086,-1.0655],[-79.6166,-1.0639]]]},"properties":{"poblacion":173575,"dpa_descan":"QUEVEDO","dpa_provin":"12","dpa_despro":"LOS RIOS","dpa_canton":"1205"}},
{"type":"Feature","geometry":{"type":"Polygon","coordinates":[[[-80.1929,-3.7741],[-80.1856,-3.775],[-80.1822,-3.7856],[-80.1763,-3.7929],[-80.1733,-3.7909],[-80.1664,-3.7983],[-80.1608,-3.8022],[-80.1596,-3.8087],[-80.1619,-3.8188],[-80.1601,-3.8207],[-80.163,-3.828],[-80.1581,-3.8354],[-80.1603,-3.8415],[-80.1531,-3.8484],[-80.1541,-3.8576],[-80.1582,-3.8585],[-80.1563,-3.8636],[-80.1595,-3.8682],[-80.157,-3.8724],[-80.1444,-3.8832],[-80.1387,-3.8848],[-80.1331,-3.8899],[-80.1275,-3.8885],[-80.1228,-3.8859],[-80.1111,-3.8855],[-80.1066,-3.8898],[-80.1061,-3.8844],[-80.1012,-3.8873],[-80.0842,-3.883],[-80.0778,-3.8839],[-80.0698,-3.879],[-80.0628,-3.8818],[-80.0524,-3.8793],[-80.0495,-3.8753],[-80.0379,-3.8726],[-80.0343,-3.8741],[-80.0166,-3.8667],[-80.0113,-3.8676],[-80.0072,-3.8586],[-79.9983,-3.8565],[-79.9932,-3.8482],[-79.986,-3.8422],[-79.9909,-3.838],[-79.9952,-3.8191],[-79.9913,-3.8194],[-79.9839,-3.8137],[-79.9942,-3.8084],[-80.0012,-3.7896],[-79.9902,-3.7772],[-79.9861,-3.7756],[-79.9859,-3.7676],[-79.9811,-3.7638],[-79.9797,-3.756],[-79.9738,-3.7513],[-79.97,-3.7443],[-79.9719,-3.7354],[-79.9683,-3.7261],[-79.9646,-3.723],[-79.9715,-3.7187],[-79.9766,-3.712],[-79.9997,-3.712],[-80.0031,-3.7105],[-80.0092,-3.7152],[-80.016,-3.7172],[-80.0165,-3.7098],[-80.0237,-3.709],[-80.0293,-3.7137],[-80.0266,-3.7181],[-80.0404,-3.7226],[-80.0433,-3.7187],[-80.0579,-3.7207],[-80.0585,-3.7327],[-80.076,-3.7383],[-80.0786,-3.7361],[-80.0825,-3.7391],[-80.0927,-3.7429],[-80.0951,-3.7482],[-80.1041,-3.7535],[-80.1154,-3.7544],[-80.1125,-3.758],[-80.1143,-3.7638],[-80.1211,-3.7745],[-80.1235,-3.7818],[-80.1397,-3.7819],[-80.1431,-3.7728],[-80.1525,-3.7674],[-80.1687,-3.7741],[-80.1929,-3.7741]]]},"properties":{"poblacion":4794,"dpa_descan":"LAS LAJAS","dpa_provin":"07","dpa_despro":"EL ORO","dpa_canton":"0714"}},
{"type":"Feature","geometry":{"type":"Polygon","coordinates":[[[-79.4648,-1.6678],[-79.4549,-1.6619],[-79.456,-1.6573],[-79.4516,-1.6546],[-79.4444,-1.6545],[-79.4276,-1.6434],[-79.4274,-1.636],[-79.418,-1.6296],[-79.4126,-1.6188],[-79.3976,-1.6227],[-79.392,-1.6261],[-79.3792,-1.6264],[-79.3727,-1.6327],[-79.3532,-1.6334],[-79.3497,-1.6342],[-79.3441,-1.6303],[-79.3176,-1.6268],[-79.3167,-1.6206],[-79.3115,-1.6152],[-79.3054,-1.6044],[-79.2983,-1.5994],[-79.2899,-1.6017],[-79.2879,-1.6049],[-79.279,-1.6101],[-79.2724,-1.5993],[-79.2744,-1.5958],[-79.2698,-1.5862],[-79.2581,-1.572],[-79.2537,-1.5698],[-79.2524,-1.5649],[-79.248,-1.5604],[-79.2451,-1.5452],[-79.2472,-1.5435],[-79.2521,-1.5402],[-79.2629,-1.5386],[-79.2683,-1.5409],[-79.272,-1.5396],[-79.2831,-1.5284],[-79.2926,-1.5242],[-79.3042,-1.5259],[-79.3105,-1.5198],[-79.3116,-1.5157],[-79.3217,-1.5126],[-79.3227,-1.5083],[-79.3208,-1.4992],[-79.3176,-1.4947],[-79.3237,-1.4832],[-79.3275,-1.4836],[-79.3285,-1.4746],[-79.3256,-1.4652],[-79.3301,-1.4606],[-79.3378,-1.4605],[-79.343,-1.4636],[-79.3422,-1.4667],[-79.3471,-1.4716],[-79.3497,-1.47],[-79.3558,-1.4722],[-79.3554,-1.4693],[-79.361,-1.4706],[-79.3634,-1.4764],[-79.3698,-1.4796],[-79.3723,-1.4846],[-79.3784,-1.4901],[-79.3867,-1.4939],[-79.3924,-1.4931],[-79.395,-1.4963],[-79.4022,-1.4926],[-79.4036,-1.4947],[-79.4093,-1.4913],[-79.4169,-1.491],[-79.4185,-1.4887],[-79.4285,-1.4895],[-79.4308,-1.4987],[-79.436,-1.498],[-79.4387,-1.5014],[-79.4423,-1.4989],[-79.4482,-1.5028],[-79.4505,-1.5082],[-79.4547,-1.5101],[-79.461,-1.5182],[-79.4625,-1.5241],[-79.4668,-1.526],[-79.4823,-1.52],[-79.5022,-1.5193],[-79.5022,-1.5204],[-79.502,-1.5574],[-79.5004,-1.5727],[-79.497,-1.5789],[-79.4983,-1.582],[-79.4947,-1.5881],[-79.4943,-1.5935],[-79.4904,-1.5981],[-79.4919,-1.6065],[-79.487,-1.6097],[-79.4877,-1.6176],[-79.4916,-1.6236],[-79.4974,-1.6241],[-79.5003,-1.6279],[-79.5004,-1.6337],[-79.4948,-1.6419],[-79.4889,-1.6414],[-79.4885,-1.6462],[-79.4837,-1.6524],[-79.4909,-1.6586],[-79.4871,-1.6655],[-79.4896,-1.669],[-79.4755,-1.6735],[-79.4667,-1.6725],[-79.4648,-1.6678]]]},"properties":{"poblacion":29263,"dpa_descan":"URDANETA","dpa_provin":"12","dpa_despro":"LOS RIOS","dpa_canton":"1206"}},
{"type":"Feature","geometry":{"type":"Polygon","coordinates":[[[-79.3613,-1.4485],[-79.3584,-1.4467],[-79.3555,-1.4551],[-79.3451,-1.4549],[-79.3324,-1.4462],[-79.3276,-1.4455],[-79.3166,-1.4377],[-79.3152,-1.434],[-79.3191,-1.4197],[-79.3218,-1.4148],[-79.3248,-1.4022],[-79.3243,-1.3926],[-79.3171,-1.3934],[-79.3073,-1.3906],[-79.2989,-1.3956],[-79.2935,-1.3954],[-79.2869,-1.3916],[-79.2846,-1.3854],[-79.2802,-1.3853],[-79.2846,-1.3744],[-79.2852,-1.3683],[-79.2812,-1.3571],[-79.2837,-1.3543],[-79.2784,-1.3547],[-79.2736,-1.3376],[-79.2664,-1.3313],[-79.2751,-1.328],[-79.2819,-1.3275],[-79.2932,-1.3333],[-79.3098,-1.3243],[-79.3155,-1.3258],[-79.3223,-1.3219],[-79.3202,-1.3176],[-79.3227,-1.3083],[-79.3326,-1.2963],[-79.346,-1.2958],[-79.3545,-1.2998],[-79.3628,-1.3245],[-79.3705,-1.3284],[-79.3771,-1.3225],[-79.3814,-1.324],[-79.3948,-1.3232],[-79.3998,-1.3251],[-79.4004,-1.3324],[-79.4044,-1.3299],[-79.4085,-1.3338],[-79.4097,-1.3234],[-79.4073,-1.3132],[-79.4116,-1.3115],[-79.4145,-1.3025],[-79.4131,-1.2906],[-79.403,-1.2905],[-79.4139,-1.2849],[-79.4185,-1.2845],[-79.4129,-1.2788],[-79.4144,-1.2716],[-79.4198,-1.2704],[-79.4197,-1.2648],[-79.4098,-1.2594],[-79.4111,-1.2571],[-79.4176,-1.2598],[-79.4217,-1.2586],[-79.4229,-1.253],[-79.4115,-1.2533],[-79.4098,-1.2416],[-79.3989,-1.2396],[-79.398,-1.2319],[-79.4022,-1.2289],[-79.4072,-1.2306],[-79.4101,-1.2251],[-79.4064,-1.2243],[-79.4017,-1.2168],[-79.4028,-1.212],[-79.397,-1.2042],[-79.3953,-1.1956],[-79.3838,-1.1946],[-79.3869,-1.1891],[-79.3843,-1.1856],[-79.388,-1.1833],[-79.3874,-1.1786],[-79.3811,-1.1778],[-79.3776,-1.1732],[-79.3797,-1.1705],[-79.3735,-1.162],[-79.3803,-1.1627],[-79.3841,-1.156],[-79.3784,-1.1534],[-79.3786,-1.1439],[-79.3729,-1.1402],[-79.3706,-1.134],[-79.3726,-1.1279],[-79.3782,-1.1255],[-79.3805,-1.1231],[-79.4042,-1.1208],[-79.4107,-1.1266],[-79.4091,-1.1356],[-79.4103,-1.1408],[-79.4142,-1.1433],[-79.4115,-1.1589],[-79.4104,-1.1731],[-79.4154,-1.1795],[-79.4143,-1.186],[-79.4234,-1.1943],[-79.4273,-1.1934],[-79.4339,-1.1979],[-79.4349,-1.2059],[-79.4421,-1.2113],[-79.4431,-1.2181],[-79.4403,-1.221],[-79.4392,-1.2276],[-79.4458,-1.2446],[-79.4487,-1.2571],[-79.4515,-1.2584],[-79.4506,-1.2676],[-79.4539,-1.2789],[-79.4449,-1.2897],[-79.4521,-1.2927],[-79.4545,-1.2997],[-79.4489,-1.3077],[-79.4525,-1.3157],[-79.4519,-1.3199],[-79.4446,-1.3272],[-79.4516,-1.3319],[-79.4615,-1.3263],[-79.4733,-1.3264],[-79.4734,-1.3191],[-79.4838,-1.3188],[-79.4901,-1.3282],[-79.5039,-1.3276],[-79.517,-1.3284],[-79.5233,-1.336],[-79.5232,-1.3442],[-79.5343,-1.3504],[-79.5356,-1.3583],[-79.54,-1.3661],[-79.5439,-1.3639],[-79.544,-1.3687],[-79.5519,-1.3727],[-79.5451,-1.3716],[-79.5407,-1.3736],[-79.5342,-1.3722],[-79.533,-1.3779],[-79.5286,-1.3822],[-79.5304,-1.3903],[-79.5257,-1.389],[-79.521,-1.3839],[-79.503,-1.3937],[-79.497,-1.3936],[-79.4971,-1.3967],[-79.4895,-1.4014],[-79.4943,-1.4034],[-79.4941,-1.4171],[-79.5035,-1.4268],[-79.5084,-1.4352],[-79.5111,-1.4455],[-79.5103,-1.4737],[-79.5049,-1.4732],[-79.5109,-1.4864],[-79.5075,-1.4947],[-79.5132,-1.5032],[-79.5045,-1.5056],[-79.5111,-1.5183],[-79.5047,-1.5224],[-79.5022,-1.5204],[-79.5022,-1.5193],[-79.4823,-1.52],[-79.4668,-1.526],[-79.4625,-1.5241],[-79.461,-1.5182],[-79.4547,-1.5101],[-79.4505,-1.5082],[-79.4482,-1.5028],[-79.4423,-1.4989],[-79.4387,-1.5014],[-79.436,-1.498],[-79.4308,-1.4987],[-79.4285,-1.4895],[-79.4185,-1.4887],[-79.4169,-1.491],[-79.4093,-1.4913],[-79.4036,-1.4947],[-79.4022,-1.4926],[-79.395,-1.4963],[-79.3924,-1.4931],[-79.3867,-1.4939],[-79.3784,-1.4901],[-79.3723,-1.4846],[-79.3698,-1.4796],[-79.3634,-1.4764],[-79.361,-1.4706],[-79.3554,-1.4693],[-79.3558,-1.4722],[-79.3497,-1.47],[-79.3471,-1.4716],[-79.3559,-1.4624],[-79.3582,-1.4533],[-79.3613,-1.4485]]]},"properties":{"poblacion":66553,"dpa_descan":"VENTANAS","dpa_provin":"12","dpa_despro":"LOS RIOS","dpa_canton":"1207"}},
{"type":"Feature","geometry":{"type":"Polygon","coordinates":[[[-79.8621,-1.6101],[-79.8609,-1.6208],[-79.8562,-1.6314],[-79.8634,-1.6438],[-79.8588,-1.6486],[-79.8521,-1.644],[-79.8445,-1.6481],[-79.8441,-1.6518],[-79.8365,-1.6567],[-79.8347,-1.6658],[-79.8253,-1.6657],[-79.8224,-1.6729],[-79.8273,-1.6752],[-79.8297,-1.6815],[-79.8374,-1.6823],[-79.8399,-1.6853],[-79.8315,-1.6933],[-79.8272,-1.7003],[-79.8266,-1.7068],[-79.8239,-1.7084],[-79.8145,-1.7076],[-79.8096,-1.7107],[-79.8002,-1.7135],[-79.7961,-1.7183],[-79.7891,-1.7214],[-79.7877,-1.7265],[-79.7822,-1.7277],[-79.771,-1.7241],[-79.753,-1.7362],[-79.7482,-1.7385],[-79.7408,-1.7354],[-79.743,-1.7281],[-79.7489,-1.7204],[-79.7476,-1.7172],[-79.7478,-1.7054],[-79.7521,-1.7034],[-79.7505,-1.6996],[-79.7443,-1.698],[-79.7386,-1.6904],[-79.7333,-1.6865],[-79.732,-1.6812],[-79.7262,-1.6743],[-79.7299,-1.669],[-79.7313,-1.652],[-79.7296,-1.6228],[-79.7177,-1.6175],[-79.7079,-1.6191],[-79.7025,-1.6151],[-79.7035,-1.6229],[-79.7002,-1.6283],[-79.6782,-1.6439],[-79.6734,-1.5978],[-79.6831,-1.5928],[-79.6839,-1.5828],[-79.6871,-1.5731],[-79.6918,-1.5665],[-79.6936,-1.5556],[-79.6858,-1.5527],[-79.6844,-1.5485],[-79.6707,-1.5476],[-79.669,-1.5446],[-79.6595,-1.5414],[-79.6572,-1.5342],[-79.6491,-1.5271],[-79.6557,-1.5221],[-79.656,-1.5126],[-79.6594,-1.5085],[-79.6529,-1.5031],[-79.6407,-1.5004],[-79.6327,-1.4895],[-79.6404,-1.4895],[-79.6561,-1.4774],[-79.6564,-1.4736],[-79.6415,-1.469],[-79.6384,-1.4651],[-79.6258,-1.4611],[-79.6215,-1.4509],[-79.6098,-1.4459],[-79.6075,-1.4501],[-79.5997,-1.4496],[-79.5963,-1.4481],[-79.592,-1.4402],[-79.5908,-1.4342],[-79.5863,-1.4361],[-79.5815,-1.4343],[-79.5759,-1.4264],[-79.5732,-1.4256],[-79.573,-1.4172],[-79.5613,-1.412],[-79.5593,-1.4039],[-79.5618,-1.3986],[-79.5615,-1.393],[-79.5566,-1.3826],[-79.5534,-1.3808],[-79.5519,-1.3727],[-79.544,-1.3687],[-79.5439,-1.3639],[-79.54,-1.3661],[-79.5356,-1.3583],[-79.5343,-1.3504],[-79.5232,-1.3442],[-79.5233,-1.336],[-79.517,-1.3284],[-79.5136,-1.319],[-79.5077,-1.3157],[-79.5069,-1.3087],[-79.5228,-1.3076],[-79.5331,-1.3179],[-79.5401,-1.3216],[-79.5458,-1.3199],[-79.5483,-1.3239],[-79.5535,-1.3223],[-79.5537,-1.3279],[-79.5609,-1.326],[-79.5664,-1.3295],[-79.5781,-1.3287],[-79.5976,-1.3164],[-79.6037,-1.3166],[-79.6122,-1.3253],[-79.6182,-1.3287],[-79.6296,-1.3306],[-79.6327,-1.3367],[-79.635,-1.3493],[-79.627,-1.3715],[-79.6295,-1.3771],[-79.6437,-1.3841],[-79.6435,-1.3882],[-79.6498,-1.3915],[-79.6516,-1.3985],[-79.6592,-1.4016],[-79.6624,-1.4075],[-79.6699,-1.4058],[-79.6768,-1.4172],[-79.6773,-1.4367],[-79.688,-1.4401],[-79.6864,-1.4415],[-79.6938,-1.4465],[-79.6986,-1.4563],[-79.7017,-1.4581],[-79.7047,-1.4659],[-79.7035,-1.4689],[-79.7074,-1.4737],[-79.7044,-1.4767],[-79.7153,-1.4843],[-79.7262,-1.4894],[-79.7355,-1.4867],[-79.7342,-1.4821],[-79.7392,-1.4806],[-79.7518,-1.4689],[-79.7598,-1.4721],[-79.7654,-1.4678],[-79.7637,-1.4601],[-79.7727,-1.4499],[-79.7859,-1.4548],[-79.7912,-1.4554],[-79.7931,-1.4496],[-79.8029,-1.45],[-79.8074,-1.448],[-79.8138,-1.4522],[-79.8126,-1.4547],[-79.8179,-1.4621],[-79.8248,-1.4623],[-79.8284,-1.4677],[-79.8319,-1.4632],[-79.8402,-1.4603],[-79.8481,-1.4628],[-79.8506,-1.4569],[-79.8435,-1.4385],[-79.8389,-1.4353],[-79.8351,-1.4211],[-79.8609,-1.4213],[-79.8643,-1.4209],[-79.8617,-1.4348],[-79.8681,-1.4354],[-79.8653,-1.4467],[-79.8703,-1.4489],[-79.8642,-1.4512],[-79.8659,-1.457],[-79.8713,-1.4579],[-79.8701,-1.4648],[-79.8658,-1.4676],[-79.8698,-1.4689],[-79.8672,-1.4799],[-79.8695,-1.483],[-79.862,-1.4867],[-79.8641,-1.4901],[-79.869,-1.487],[-79.8723,-1.4901],[-79.8732,-1.4973],[-79.8698,-1.5033],[-79.8754,-1.5099],[-79.8762,-1.5143],[-79.8718,-1.5204],[-79.8776,-1.5228],[-79.8679,-1.5264],[-79.8704,-1.5306],[-79.8671,-1.5318],[-79.8744,-1.5365],[-79.8748,-1.5419],[-79.8682,-1.543],[-79.8715,-1.5547],[-79.87,-1.5581],[-79.8658,-1.5561],[-79.8646,-1.5645],[-79.8595,-1.5623],[-79.8541,-1.5659],[-79.8562,-1.5691],[-79.8535,-1.579],[-79.8599,-1.5797],[-79.8646,-1.5838],[-79.8676,-1.5913],[-79.8657,-1.5978],[-79.8712,-1.6012],[-79.8661,-1.6099],[-79.8621,-1.6101]]]},"properties":{"poblacion":71736,"dpa_descan":"VINCES","dpa_provin":"12","dpa_despro":"LOS RIOS","dpa_canton":"1208"}},
{"type":"Feature","geometry":{"type":"Polygon","coordinates":[[[-79.5781,-1.3287],[-79.5757,-1.3257],[-79.5768,-1.3138],[-79.5757,-1.3018],[-79.5697,-1.2919],[-79.5697,-1.2864],[-79.5667,-1.2845],[-79.573,-1.2732],[-79.5845,-1.2601],[-79.5943,-1.2636],[-79.5989,-1.261],[-79.6036,-1.2627],[-79.6052,-1.2585],[-79.6007,-1.2591],[-79.6018,-1.2536],[-79.6096,-1.2441],[-79.6118,-1.2372],[-79.621,-1.2242],[-79.6298,-1.2241],[-79.6326,-1.2275],[-79.6419,-1.2287],[-79.6654,-1.2293],[-79.6658,-1.2247],[-79.6494,-1.2137],[-79.6479,-1.2098],[-79.6407,-1.2082],[-79.6355,-1.2042],[-79.6466,-1.2041],[-79.6533,-1.2],[-79.6634,-1.2013],[-79.6675,-1.1995],[-79.6706,-1.1939],[-79.6621,-1.1862],[-79.6816,-1.1868],[-79.6848,-1.1898],[-79.6903,-1.1854],[-79.6956,-1.1869],[-79.7065,-1.1932],[-79.7049,-1.1865],[-79.7061,-1.1773],[-79.718,-1.1793],[-79.7252,-1.1826],[-79.7325,-1.1777],[-79.7413,-1.1833],[-79.7403,-1.185],[-79.7486,-1.1921],[-79.7487,-1.2083],[-79.7454,-1.2097],[-79.7498,-1.2128],[-79.7459,-1.2189],[-79.7528,-1.2243],[-79.7554,-1.2331],[-79.759,-1.2346],[-79.7523,-1.2441],[-79.7578,-1.2467],[-79.7596,-1.2529],[-79.7653,-1.2507],[-79.7711,-1.2577],[-79.7641,-1.2598],[-79.7634,-1.2658],[-79.7666,-1.2701],[-79.7695,-1.2687],[-79.7775,-1.2772],[-79.7806,-1.2776],[-79.7744,-1.2881],[-79.7802,-1.2928],[-79.7823,-1.2904],[-79.7902,-1.2949],[-79.7886,-1.2978],[-79.7934,-1.3046],[-79.7917,-1.3119],[-79.7949,-1.3202],[-79.7973,-1.3196],[-79.8001,-1.3329],[-79.8036,-1.3322],[-79.803,-1.3446],[-79.8097,-1.3473],[-79.813,-1.3549],[-79.8227,-1.3596],[-79.8213,-1.3616],[-79.8266,-1.3693],[-79.8304,-1.3682],[-79.8393,-1.3801],[-79.842,-1.3791],[-79.8479,-1.3869],[-79.8456,-1.3941],[-79.8464,-1.3983],[-79.8513,-1.3971],[-79.8494,-1.4032],[-79.8544,-1.406],[-79.8473,-1.4088],[-79.8554,-1.4143],[-79.8568,-1.4196],[-79.8609,-1.4213],[-79.8351,-1.4211],[-79.8389,-1.4353],[-79.8435,-1.4385],[-79.8506,-1.4569],[-79.8481,-1.4628],[-79.8402,-1.4603],[-79.8319,-1.4632],[-79.8284,-1.4677],[-79.8248,-1.4623],[-79.8179,-1.4621],[-79.8126,-1.4547],[-79.8138,-1.4522],[-79.8074,-1.448],[-79.8029,-1.45],[-79.7931,-1.4496],[-79.7912,-1.4554],[-79.7859,-1.4548],[-79.7727,-1.4499],[-79.7637,-1.4601],[-79.7654,-1.4678],[-79.7598,-1.4721],[-79.7518,-1.4689],[-79.7392,-1.4806],[-79.7342,-1.4821],[-79.7355,-1.4867],[-79.7262,-1.4894],[-79.7153,-1.4843],[-79.7044,-1.4767],[-79.7074,-1.4737],[-79.7035,-1.4689],[-79.7047,-1.4659],[-79.7017,-1.4581],[-79.6986,-1.4563],[-79.6938,-1.4465],[-79.6864,-1.4415],[-79.688,-1.4401],[-79.6773,-1.4367],[-79.6768,-1.4172],[-79.6699,-1.4058],[-79.6624,-1.4075],[-79.6592,-1.4016],[-79.6516,-1.3985],[-79.6498,-1.3915],[-79.6435,-1.3882],[-79.6437,-1.3841],[-79.6295,-1.3771],[-79.627,-1.3715],[-79.635,-1.3493],[-79.6327,-1.3367],[-79.6296,-1.3306],[-79.6182,-1.3287],[-79.6122,-1.3253],[-79.6037,-1.3166],[-79.5976,-1.3164],[-79.5781,-1.3287]]]},"properties":{"poblacion":22320,"dpa_descan":"PALENQUE","dpa_provin":"12","dpa_despro":"LOS RIOS","dpa_canton":"1209"}},
{"type":"Feature","geometry":{"type":"Polygon","coordinates":[[[-79.6074,-0.8533],[-79.6006,-0.859],[-79.5951,-0.855],[-79.594,-0.8514],[-79.5836,-0.8485],[-79.5763,-0.8442],[-79.5697,-0.847],[-79.5645,-0.8465],[-79.5581,-0.8417],[-79.5506,-0.8424],[-79.5469,-0.8398],[-79.5431,-0.8489],[-79.5409,-0.8445],[-79.5415,-0.8386],[-79.5377,-0.8365],[-79.5325,-0.8383],[-79.536,-0.8449],[-79.5272,-0.8564],[-79.5249,-0.8614],[-79.5197,-0.8515],[-79.5135,-0.8482],[-79.5031,-0.8392],[-79.5054,-0.8477],[-79.5051,-0.8543],[-79.5096,-0.8639],[-79.5116,-0.8643],[-79.5127,-0.8751],[-79.5191,-0.8858],[-79.5186,-0.8915],[-79.524,-0.9086],[-79.5276,-0.9139],[-79.5273,-0.9199],[-79.5217,-0.9263],[-79.5172,-0.9353],[-79.5072,-0.9448],[-79.4993,-0.9478],[-79.4943,-0.9434],[-79.4897,-0.9436],[-79.4828,-0.9485],[-79.4744,-0.9517],[-79.4713,-0.9509],[-79.4689,-0.9561],[-79.4604,-0.9582],[-79.456,-0.9612],[-79.4522,-0.956],[-79.4532,-0.9486],[-79.4512,-0.9462],[-79.4538,-0.9397],[-79.4515,-0.9344],[-79.4461,-0.9319],[-79.4482,-0.919],[-79.4405,-0.9179],[-79.4414,-0.9135],[-79.4481,-0.9081],[-79.4575,-0.9049],[-79.4598,-0.9017],[-79.4531,-0.8912],[-79.459,-0.8921],[-79.4609,-0.8884],[-79.4709,-0.891],[-79.4782,-0.8909],[-79.4822,-0.8823],[-79.4801,-0.8747],[-79.4753,-0.8764],[-79.4725,-0.8663],[-79.4727,-0.8582],[-79.477,-0.8576],[-79.4822,-0.8473],[-79.4759,-0.8391],[-79.4724,-0.8417],[-79.4678,-0.8405],[-79.4712,-0.8343],[-79.4671,-0.8303],[-79.4617,-0.8339],[-79.4556,-0.8316],[-79.4597,-0.8265],[-79.4505,-0.8255],[-79.4541,-0.8173],[-79.4621,-0.8152],[-79.4568,-0.8105],[-79.4534,-0.8122],[-79.4506,-0.8088],[-79.4519,-0.8026],[-79.4563,-0.8066],[-79.4601,-0.8061],[-79.4616,-0.8011],[-79.4573,-0.7963],[-79.4536,-0.7965],[-79.4517,-0.7911],[-79.4552,-0.7846],[-79.4604,-0.7805],[-79.4578,-0.7742],[-79.459,-0.7689],[-79.4549,-0.7667],[-79.4587,-0.7569],[-79.4545,-0.7544],[-79.457,-0.7485],[-79.454,-0.7405],[-79.4492,-0.7408],[-79.443,-0.733],[-79.4485,-0.7294],[-79.4569,-0.7271],[-79.4568,-0.7234],[-79.4516,-0.7194],[-79.4536,-0.7115],[-79.4533,-0.7031],[-79.4439,-0.691],[-79.4275,-0.6918],[-79.4224,-0.6888],[-79.4247,-0.679],[-79.4227,-0.6732],[-79.4272,-0.6682],[-79.4209,-0.6596],[-79.4104,-0.662],[-79.404,-0.665],[-79.4021,-0.6721],[-79.3981,-0.6734],[-79.3868,-0.6683],[-79.3839,-0.6779],[-79.3794,-0.6807],[-79.3755,-0.6755],[-79.3772,-0.6654],[-79.369,-0.658],[-79.3693,-0.6518],[-79.3629,-0.6554],[-79.3627,-0.6495],[-79.3597,-0.6459],[-79.3611,-0.6415],[-79.3525,-0.6327],[-79.3455,-0.6305],[-79.3491,-0.627],[-79.3484,-0.614],[-79.353,-0.6106],[-79.3529,-0.604],[-79.3581,-0.5949],[-79.3567,-0.5888],[-79.3654,-0.5854],[-79.3665,-0.5784],[-79.3621,-0.573],[-79.3496,-0.5709],[-79.3523,-0.568],[-79.3555,-0.5578],[-79.3449,-0.555],[-79.3465,-0.5439],[-79.3625,-0.54],[-79.3726,-0.5398],[-79.3734,-0.5443],[-79.3896,-0.5458],[-79.3906,-0.5435],[-79.4056,-0.5431],[-79.4164,-0.5467],[-79.4167,-0.5388],[-79.4331,-0.5453],[-79.4405,-0.5445],[-79.4519,-0.5498],[-79.4544,-0.5595],[-79.4584,-0.5628],[-79.4579,-0.5523],[-79.4611,-0.5483],[-79.4834,-0.5431],[-79.4873,-0.5446],[-79.4928,-0.5531],[-79.4912,-0.5569],[-79.4944,-0.5611],[-79.497,-0.5693],[-79.4912,-0.5749],[-79.4932,-0.5831],[-79.486,-0.5877],[-79.4884,-0.5914],[-79.4838,-0.5986],[-79.4877,-0.6019],[-79.4846,-0.6074],[-79.4855,-0.6097],[-79.4948,-0.6052],[-79.4984,-0.6098],[-79.5009,-0.6082],[-79.5072,-0.6181],[-79.505,-0.6253],[-79.5085,-0.6363],[-79.5162,-0.6377],[-79.5147,-0.6428],[-79.5189,-0.6468],[-79.5256,-0.6465],[-79.5231,-0.6518],[-79.5334,-0.6551],[-79.5323,-0.6596],[-79.5408,-0.6595],[-79.5432,-0.6653],[-79.5425,-0.6718],[-79.5357,-0.6808],[-79.5412,-0.684],[-79.5392,-0.694],[-79.5354,-0.6945],[-79.5367,-0.6986],[-79.5339,-0.7034],[-79.5341,-0.7104],[-79.5376,-0.7171],[-79.5424,-0.7147],[-79.5412,-0.7186],[-79.5536,-0.7231],[-79.5548,-0.7174],[-79.5625,-0.7214],[-79.5654,-0.71],[-79.5728,-0.7114],[-79.574,-0.7007],[-79.5762,-0.7003],[-79.5827,-0.7132],[-79.5773,-0.7165],[-79.5776,-0.7224],[-79.584,-0.7271],[-79.5892,-0.7337],[-79.5914,-0.7403],[-79.5965,-0.7396],[-79.6031,-0.7537],[-79.5977,-0.7545],[-79.597,-0.76],[-79.5994,-0.7658],[-79.5969,-0.7774],[-79.6013,-0.7843],[-79.601,-0.7914],[-79.6057,-0.7986],[-79.6033,-0.8132],[-79.5993,-0.8218],[-79.6079,-0.8368],[-79.6097,-0.8516],[-79.6074,-0.8533]]]},"properties":{"poblacion":63148,"dpa_descan":"BUENA FE","dpa_provin":"12","dpa_despro":"LOS RIOS","dpa_canton":"1210"}},
{"type":"Feature","geometry":{"type":"Polygon","coordinates":[[[-79.1867,-0.7991],[-79.183,-0.7841],[-79.1829,-0.7762],[-79.1875,-0.7661],[-79.1868,-0.7639],[-79.1736,-0.7582],[-79.1719,-0.7506],[-79.1602,-0.7429],[-79.1578,-0.7345],[-79.1512,-0.7205],[-79.1432,-0.715],[-79.1404,-0.7105],[-79.1286,-0.649],[-79.1206,-0.6381],[-79.1177,-0.6296],[-79.112,-0.6242],[-79.0971,-0.6036],[-79.0949,-0.593],[-79.0913,-0.5874],[-79.091,-0.5798],[-79.0833,-0.5667],[-79.0873,-0.563],[-79.0882,-0.5569],[-79.0964,-0.5519],[-79.102,-0.5507],[-79.1127,-0.542],[-79.1249,-0.5428],[-79.1371,-0.5498],[-79.1461,-0.5643],[-79.1519,-0.5757],[-79.1602,-0.586],[-79.1706,-0.5933],[-79.1849,-0.5998],[-79.1967,-0.6087],[-79.1962,-0.6166],[-79.201,-0.6209],[-79.2019,-0.6284],[-79.2137,-0.6361],[-79.2164,-0.64],[-79.2357,-0.6435],[-79.2431,-0.6474],[-79.2436,-0.6505],[-79.2491,-0.652],[-79.2528,-0.6569],[-79.2649,-0.6628],[-79.2663,-0.6685],[-79.2728,-0.6766],[-79.2781,-0.6792],[-79.2848,-0.6877],[-79.2855,-0.6961],[-79.2903,-0.6936],[-79.2935,-0.6991],[-79.3023,-0.6994],[-79.3055,-0.695],[-79.3114,-0.6941],[-79.3146,-0.6976],[-79.324,-0.6986],[-79.3311,-0.6933],[-79.3396,-0.6939],[-79.3442,-0.6901],[-79.3496,-0.6899],[-79.3509,-0.6851],[-79.3621,-0.6768],[-79.3595,-0.6697],[-79.369,-0.658],[-79.3772,-0.6654],[-79.3755,-0.6755],[-79.3794,-0.6807],[-79.3839,-0.6779],[-79.3868,-0.6683],[-79.3981,-0.6734],[-79.4021,-0.6721],[-79.404,-0.665],[-79.4104,-0.662],[-79.4209,-0.6596],[-79.4272,-0.6682],[-79.4227,-0.6732],[-79.4247,-0.679],[-79.4224,-0.6888],[-79.4275,-0.6918],[-79.4439,-0.691],[-79.4533,-0.7031],[-79.4536,-0.7115],[-79.4516,-0.7194],[-79.4568,-0.7234],[-79.4569,-0.7271],[-79.4485,-0.7294],[-79.443,-0.733],[-79.4492,-0.7408],[-79.454,-0.7405],[-79.457,-0.7485],[-79.4545,-0.7544],[-79.4587,-0.7569],[-79.4549,-0.7667],[-79.459,-0.7689],[-79.4578,-0.7742],[-79.4604,-0.7805],[-79.4552,-0.7846],[-79.4517,-0.7911],[-79.4536,-0.7965],[-79.4573,-0.7963],[-79.4616,-0.8011],[-79.4601,-0.8061],[-79.4563,-0.8066],[-79.4519,-0.8026],[-79.4506,-0.8088],[-79.4534,-0.8122],[-79.4568,-0.8105],[-79.4621,-0.8152],[-79.4541,-0.8173],[-79.4505,-0.8255],[-79.4597,-0.8265],[-79.4556,-0.8316],[-79.4617,-0.8339],[-79.4671,-0.8303],[-79.4712,-0.8343],[-79.4678,-0.8405],[-79.4724,-0.8417],[-79.4759,-0.8391],[-79.4822,-0.8473],[-79.477,-0.8576],[-79.4727,-0.8582],[-79.4725,-0.8663],[-79.4753,-0.8764],[-79.4801,-0.8747],[-79.4822,-0.8823],[-79.4782,-0.8909],[-79.4709,-0.891],[-79.4609,-0.8884],[-79.459,-0.8921],[-79.4531,-0.8912],[-79.4598,-0.9017],[-79.4575,-0.9049],[-79.4481,-0.9081],[-79.4414,-0.9135],[-79.4405,-0.9179],[-79.4482,-0.919],[-79.4461,-0.9319],[-79.4515,-0.9344],[-79.4538,-0.9397],[-79.4512,-0.9462],[-79.4445,-0.95],[-79.4435,-0.946],[-79.4353,-0.9424],[-79.4285,-0.9445],[-79.4144,-0.9569],[-79.3986,-0.9696],[-79.3945,-0.9744],[-79.3694,-0.9967],[-79.3679,-0.9924],[-79.3588,-0.9895],[-79.356,-0.98],[-79.3475,-0.9816],[-79.3413,-0.9752],[-79.3353,-0.9739],[-79.3323,-0.9661],[-79.3296,-0.967],[-79.3253,-0.9619],[-79.3228,-0.9637],[-79.32,-0.9593],[-79.315,-0.9579],[-79.3098,-0.9491],[-79.3068,-0.9489],[-79.3061,-0.9303],[-79.2991,-0.9286],[-79.2958,-0.9172],[-79.2872,-0.9118],[-79.2874,-0.8917],[-79.2795,-0.8869],[-79.2717,-0.8851],[-79.2649,-0.8805],[-79.2494,-0.8813],[-79.249,-0.8784],[-79.2435,-0.8786],[-79.2412,-0.8747],[-79.2392,-0.8506],[-79.2342,-0.8335],[-79.2261,-0.8361],[-79.2263,-0.8297],[-79.2229,-0.8224],[-79.2228,-0.8164],[-79.2185,-0.8094],[-79.2087,-0.8082],[-79.2053,-0.8053],[-79.1953,-0.8063],[-79.1867,-0.7991]]]},"properties":{"poblacion":42556,"dpa_descan":"VALENCIA","dpa_provin":"12","dpa_despro":"LOS RIOS","dpa_canton":"1211"}},
{"type":"Feature","geometry":{"type":"Polygon","coordinates":[[[-79.6509,-1.1145],[-79.6523,-1.118],[-79.662,-1.1217],[-79.6687,-1.1131],[-79.6729,-1.1162],[-79.6754,-1.1225],[-79.6838,-1.1228],[-79.6851,-1.1287],[-79.6815,-1.1332],[-79.6874,-1.1415],[-79.6872,-1.1494],[-79.6908,-1.1521],[-79.693,-1.1478],[-79.697,-1.1484],[-79.6999,-1.1557],[-79.7042,-1.156],[-79.7148,-1.153],[-79.7149,-1.1598],[-79.7188,-1.166],[-79.7159,-1.1731],[-79.718,-1.1793],[-79.7061,-1.1773],[-79.7049,-1.1865],[-79.7065,-1.1932],[-79.6956,-1.1869],[-79.6903,-1.1854],[-79.6848,-1.1898],[-79.6816,-1.1868],[-79.6621,-1.1862],[-79.6706,-1.1939],[-79.6675,-1.1995],[-79.6634,-1.2013],[-79.6533,-1.2],[-79.6466,-1.2041],[-79.6355,-1.2042],[-79.6407,-1.2082],[-79.6479,-1.2098],[-79.6494,-1.2137],[-79.6658,-1.2247],[-79.6654,-1.2293],[-79.6419,-1.2287],[-79.6326,-1.2275],[-79.6298,-1.2241],[-79.621,-1.2242],[-79.6118,-1.2372],[-79.6096,-1.2441],[-79.6018,-1.2536],[-79.6007,-1.2591],[-79.6052,-1.2585],[-79.6036,-1.2627],[-79.5989,-1.261],[-79.5943,-1.2636],[-79.5845,-1.2601],[-79.573,-1.2732],[-79.5667,-1.2845],[-79.5697,-1.2864],[-79.5697,-1.2919],[-79.5757,-1.3018],[-79.5768,-1.3138],[-79.5757,-1.3257],[-79.5781,-1.3287],[-79.5664,-1.3295],[-79.5609,-1.326],[-79.5537,-1.3279],[-79.5535,-1.3223],[-79.5483,-1.3239],[-79.5458,-1.3199],[-79.5401,-1.3216],[-79.5331,-1.3179],[-79.5228,-1.3076],[-79.5069,-1.3087],[-79.5077,-1.3157],[-79.5136,-1.319],[-79.517,-1.3284],[-79.5039,-1.3276],[-79.4901,-1.3282],[-79.4838,-1.3188],[-79.4734,-1.3191],[-79.4733,-1.3264],[-79.4615,-1.3263],[-79.4516,-1.3319],[-79.4446,-1.3272],[-79.4519,-1.3199],[-79.4525,-1.3157],[-79.4489,-1.3077],[-79.4545,-1.2997],[-79.4521,-1.2927],[-79.4449,-1.2897],[-79.4539,-1.2789],[-79.4506,-1.2676],[-79.4515,-1.2584],[-79.4487,-1.2571],[-79.4458,-1.2446],[-79.4392,-1.2276],[-79.4403,-1.221],[-79.4431,-1.2181],[-79.4421,-1.2113],[-79.4349,-1.2059],[-79.4339,-1.1979],[-79.4273,-1.1934],[-79.4272,-1.1888],[-79.4317,-1.1837],[-79.4318,-1.1783],[-79.4361,-1.1745],[-79.4409,-1.1666],[-79.4504,-1.1644],[-79.4578,-1.1522],[-79.4604,-1.1505],[-79.4572,-1.1417],[-79.4657,-1.1383],[-79.466,-1.1322],[-79.4691,-1.1254],[-79.4646,-1.1193],[-79.4554,-1.1207],[-79.4513,-1.1235],[-79.4536,-1.1114],[-79.4472,-1.1011],[-79.4539,-1.0976],[-79.4576,-1.0914],[-79.4645,-1.0903],[-79.469,-1.0807],[-79.4732,-1.0839],[-79.4795,-1.0837],[-79.4792,-1.0767],[-79.4886,-1.072],[-79.4938,-1.0669],[-79.5021,-1.0784],[-79.5522,-1.0871],[-79.6024,-1.0768],[-79.6149,-1.0674],[-79.6166,-1.0639],[-79.6205,-1.0679],[-79.623,-1.0788],[-79.6323,-1.0873],[-79.636,-1.0879],[-79.6406,-1.0932],[-79.6427,-1.1039],[-79.6412,-1.1081],[-79.6509,-1.1145]]]},"properties":{"poblacion":38392,"dpa_descan":"MOCACHE","dpa_provin":"12","dpa_despro":"LOS RIOS","dpa_canton":"1212"}},
{"type":"Feature","geometry":{"type":"Polygon","coordinates":[[[-79.2899,-1.2053],[-79.2953,-1.1864],[-79.3011,-1.1758],[-79.3256,-1.162],[-79.3335,-1.1494],[-79.3323,-1.1399],[-79.3362,-1.1385],[-79.3384,-1.1295],[-79.3358,-1.1264],[-79.3392,-1.1232],[-79.3314,-1.1203],[-79.3332,-1.1143],[-79.3277,-1.1155],[-79.325,-1.1013],[-79.3215,-1.0972],[-79.3203,-1.0797],[-79.3143,-1.0774],[-79.3149,-1.0676],[-79.31,-1.0643],[-79.3083,-1.0545],[-79.3117,-1.0456],[-79.3119,-1.0347],[-79.3079,-1.0324],[-79.3066,-1.0237],[-79.3023,-1.0159],[-79.2948,-1.0106],[-79.2918,-1.0045],[-79.2916,-0.9885],[-79.2992,-0.9884],[-79.3007,-0.9922],[-79.3066,-0.9927],[-79.3203,-0.9979],[-79.3194,-0.9835],[-79.3179,-0.9815],[-79.315,-0.9579],[-79.32,-0.9593],[-79.3228,-0.9637],[-79.3253,-0.9619],[-79.3296,-0.967],[-79.3323,-0.9661],[-79.3353,-0.9739],[-79.3413,-0.9752],[-79.3475,-0.9816],[-79.356,-0.98],[-79.3588,-0.9895],[-79.3679,-0.9924],[-79.3694,-0.9967],[-79.3707,-1],[-79.3791,-1.0059],[-79.3842,-1.0131],[-79.3901,-1.0158],[-79.3858,-1.0214],[-79.392,-1.0244],[-79.3884,-1.0285],[-79.3913,-1.04],[-79.3949,-1.0384],[-79.3987,-1.0467],[-79.3981,-1.0588],[-79.3908,-1.0604],[-79.3889,-1.0661],[-79.3918,-1.0687],[-79.3913,-1.0748],[-79.3936,-1.0785],[-79.3917,-1.0847],[-79.3863,-1.0888],[-79.3824,-1.097],[-79.3828,-1.1019],[-79.3864,-1.1052],[-79.384,-1.1088],[-79.3753,-1.1122],[-79.3778,-1.1162],[-79.3757,-1.1227],[-79.3782,-1.1255],[-79.3726,-1.1279],[-79.3706,-1.134],[-79.3729,-1.1402],[-79.3786,-1.1439],[-79.3784,-1.1534],[-79.3841,-1.156],[-79.3803,-1.1627],[-79.3735,-1.162],[-79.3797,-1.1705],[-79.3776,-1.1732],[-79.3811,-1.1778],[-79.3874,-1.1786],[-79.388,-1.1833],[-79.3843,-1.1856],[-79.3869,-1.1891],[-79.3838,-1.1946],[-79.3953,-1.1956],[-79.397,-1.2042],[-79.4028,-1.212],[-79.4017,-1.2168],[-79.4064,-1.2243],[-79.4101,-1.2251],[-79.4072,-1.2306],[-79.4022,-1.2289],[-79.398,-1.2319],[-79.3989,-1.2396],[-79.4098,-1.2416],[-79.4115,-1.2533],[-79.4229,-1.253],[-79.4217,-1.2586],[-79.4176,-1.2598],[-79.4111,-1.2571],[-79.4098,-1.2594],[-79.4197,-1.2648],[-79.4198,-1.2704],[-79.4144,-1.2716],[-79.4129,-1.2788],[-79.4185,-1.2845],[-79.4139,-1.2849],[-79.403,-1.2905],[-79.4131,-1.2906],[-79.4145,-1.3025],[-79.4116,-1.3115],[-79.4073,-1.3132],[-79.4097,-1.3234],[-79.4085,-1.3338],[-79.4044,-1.3299],[-79.4004,-1.3324],[-79.3998,-1.3251],[-79.3948,-1.3232],[-79.3894,-1.3181],[-79.3919,-1.3163],[-79.387,-1.3116],[-79.3841,-1.3053],[-79.3748,-1.3058],[-79.3712,-1.2962],[-79.3623,-1.289],[-79.3565,-1.2771],[-79.3487,-1.2716],[-79.3494,-1.2666],[-79.3447,-1.2539],[-79.3407,-1.2503],[-79.3415,-1.2451],[-79.3359,-1.238],[-79.3347,-1.2268],[-79.3313,-1.2229],[-79.3254,-1.221],[-79.3208,-1.2163],[-79.31,-1.2103],[-79.3067,-1.2069],[-79.2953,-1.2084],[-79.2899,-1.2053]]]},"properties":{"poblacion":16476,"dpa_descan":"QUINSALOMA","dpa_provin":"12","dpa_despro":"LOS RIOS","dpa_canton":"1213"}},
{"type":"Feature","geometry":{"type":"Polygon","coordinates":[[[-80.5362,-1.2007],[-80.5303,-1.2008],[-80.5304,-1.1953],[-80.5179,-1.1878],[-80.5105,-1.1818],[-80.4931,-1.1732],[-80.4854,-1.1678],[-80.4771,-1.1701],[-80.4687,-1.1667],[-80.4671,-1.1637],[-80.4532,-1.1623],[-80.4456,-1.163],[-80.4408,-1.1678],[-80.4336,-1.1678],[-80.4286,-1.1734],[-80.4131,-1.1723],[-80.3989,-1.1627],[-80.3911,-1.1611],[-80.3897,-1.1639],[-80.3843,-1.1597],[-80.3854,-1.157],[-80.3664,-1.1578],[-80.3548,-1.1555],[-80.3513,-1.1521],[-80.3415,-1.1517],[-80.3352,-1.1445],[-80.3287,-1.1344],[-80.3236,-1.1165],[-80.3079,-1.1064],[-80.2941,-1.1102],[-80.2931,-1.1062],[-80.2864,-1.097],[-80.2771,-1.0928],[-80.2723,-1.0941],[-80.2657,-1.0938],[-80.2624,-1.089],[-80.254,-1.0868],[-80.246,-1.09],[-80.2313,-1.089],[-80.2311,-1.0846],[-80.2243,-1.0804],[-80.2204,-1.0808],[-80.2153,-1.0854],[-80.2116,-1.083],[-80.206,-1.0846],[-80.1997,-1.0821],[-80.1902,-1.085],[-80.181,-1.0829],[-80.1752,-1.0876],[-80.1708,-1.0835],[-80.1679,-1.0859],[-80.1568,-1.0808],[-80.151,-1.082],[-80.1462,-1.0884],[-80.145,-1.0835],[-80.1383,-1.08],[-80.1356,-1.0896],[-80.1351,-1.0973],[-80.1266,-1.0973],[-80.1225,-1.0872],[-80.1095,-1.0785],[-80.1035,-1.0711],[-80.0989,-1.0704],[-80.0938,-1.0729],[-80.0855,-1.0664],[-80.0801,-1.0655],[-80.0771,-1.0621],[-80.0707,-1.0645],[-80.066,-1.0629],[-80.0559,-1.0647],[-80.0526,-1.0635],[-80.0406,-1.0681],[-80.0351,-1.0753],[-80.0301,-1.0728],[-80.0269,-1.0744],[-80.0242,-1.0681],[-80.0182,-1.06],[-80.0198,-1.0504],[-80.0154,-1.0492],[-80.0145,-1.038],[-80.0108,-1.0344],[-80.014,-1.0297],[-80.0146,-1.0236],[-80.02,-1.0261],[-80.0284,-1.0204],[-80.0327,-1.023],[-80.0488,-1.0189],[-80.0531,-1.0197],[-80.057,-1.0242],[-80.0635,-1.0209],[-80.0735,-1.0212],[-80.0731,-1.0267],[-80.084,-1.0353],[-80.0856,-1.0403],[-80.0917,-1.0351],[-80.1,-1.0343],[-80.1021,-1.0372],[-80.1093,-1.0368],[-80.1107,-1.0332],[-80.1163,-1.0329],[-80.1133,-1.0294],[-80.1108,-1.0199],[-80.1214,-1.0169],[-80.1268,-1.008],[-80.1308,-1.0059],[-80.1394,-1.0067],[-80.1396,-0.9972],[-80.135,-0.9875],[-80.1593,-0.9737],[-80.1678,-0.9742],[-80.1722,-0.9821],[-80.1857,-0.9815],[-80.191,-0.9864],[-80.1988,-0.9892],[-80.2003,-0.9987],[-80.2051,-1.0027],[-80.2132,-1.0026],[-80.2149,-1.0054],[-80.219,-1.0019],[-80.2274,-1.0027],[-80.2295,-1.0047],[-80.2402,-1.0025],[-80.2511,-1.0021],[-80.2548,-0.9952],[-80.2537,-0.9893],[-80.259,-0.9852],[-80.2607,-0.9791],[-80.2642,-0.9797],[-80.2643,-0.9759],[-80.2715,-0.9726],[-80.2776,-0.9631],[-80.2837,-0.9612],[-80.297,-0.9472],[-80.3045,-0.9428],[-80.3066,-0.9468],[-80.323,-0.9546],[-80.325,-0.9533],[-80.3322,-0.9525],[-80.339,-0.9482],[-80.3437,-0.9553],[-80.3488,-0.9512],[-80.3614,-0.954],[-80.3697,-0.9451],[-80.3818,-0.9519],[-80.3848,-0.9553],[-80.3902,-0.9527],[-80.3926,-0.9549],[-80.3997,-0.9546],[-80.4059,-0.9505],[-80.4122,-0.9549],[-80.4239,-0.9555],[-80.4267,-0.9667],[-80.4311,-0.9738],[-80.4385,-0.9735],[-80.4478,-0.9716],[-80.4504,-0.9634],[-80.4681,-0.9621],[-80.4789,-0.963],[-80.4875,-0.9603],[-80.4873,-0.9561],[-80.5006,-0.9586],[-80.5064,-0.9624],[-80.5101,-0.958],[-80.5161,-0.946],[-80.5275,-0.932],[-80.5379,-0.9285],[-80.5418,-0.9287],[-80.5379,-0.9207],[-80.5324,-0.921],[-80.5272,-0.9148],[-80.5133,-0.9065],[-80.5104,-0.8977],[-80.5061,-0.895],[-80.5082,-0.8888],[-80.5038,-0.8848],[-80.5059,-0.8775],[-80.5028,-0.8706],[-80.4928,-0.869],[-80.4917,-0.8632],[-80.4942,-0.8527],[-80.4967,-0.8532],[-80.5023,-0.8452],[-80.5031,-0.8373],[-80.5094,-0.8345],[-80.5104,-0.8268],[-80.5143,-0.823],[-80.5108,-0.818],[-80.5154,-0.8152],[-80.517,-0.7976],[-80.5222,-0.801],[-80.5277,-0.8286],[-80.5386,-0.8647],[-80.5423,-0.8742],[-80.5482,-0.8847],[-80.559,-0.9003],[-80.5795,-0.9231],[-80.5852,-0.9279],[-80.5835,-0.9336],[-80.5755,-0.9358],[-80.5694,-0.9443],[-80.5644,-0.947],[-80.5644,-0.9526],[-80.5577,-0.9535],[-80.5519,-0.9575],[-80.5574,-0.9668],[-80.551,-0.9835],[-80.5426,-0.9921],[-80.5422,-1.0052],[-80.5327,-1.0086],[-80.5345,-1.0168],[-80.5395,-1.0198],[-80.5383,-1.0211],[-80.5415,-1.0315],[-80.5484,-1.0386],[-80.5454,-1.0456],[-80.5463,-1.0628],[-80.5395,-1.0667],[-80.5306,-1.0822],[-80.5165,-1.0791],[-80.516,-1.0836],[-80.5193,-1.0877],[-80.5176,-1.0974],[-80.528,-1.1043],[-80.5391,-1.1068],[-80.5477,-1.106],[-80.5519,-1.1084],[-80.5547,-1.1201],[-80.5508,-1.1304],[-80.5475,-1.134],[-80.5475,-1.1403],[-80.5514,-1.144],[-80.5495,-1.1477],[-80.5432,-1.1491],[-80.5438,-1.1584],[-80.5372,-1.1649],[-80.5326,-1.1662],[-80.5376,-1.1726],[-80.5399,-1.1817],[-80.5395,-1.1881],[-80.5411,-1.1924],[-80.5362,-1.2007]]]},"properties":{"poblacion":280029,"dpa_descan":"PORTOVIEJO","dpa_provin":"13","dpa_despro":"MANABI","dpa_canton":"1301"}},
{"type":"Feature","geometry":{"type":"Polygon","coordinates":[[[-78.7759,-4.128],[-78.7792,-4.1317],[-78.7803,-4.141],[-78.7884,-4.1357],[-78.8001,-4.1363],[-78.8027,-4.1389],[-78.8171,-4.1385],[-78.8218,-4.1361],[-78.8336,-4.1377],[-78.8384,-4.1409],[-78.8428,-4.1504],[-78.8491,-4.1548],[-78.8508,-4.1588],[-78.8615,-4.1711],[-78.8711,-4.1891],[-78.8743,-4.1969],[-78.8713,-4.2031],[-78.8757,-4.2131],[-78.8935,-4.2278],[-78.8987,-4.2306],[-78.9002,-4.2346],[-78.8939,-4.2495],[-78.8945,-4.2569],[-78.901,-4.257],[-78.9136,-4.2669],[-78.9147,-4.2709],[-78.9293,-4.2829],[-78.9389,-4.2857],[-78.9495,-4.2946],[-78.9539,-4.3051],[-78.9486,-4.3133],[-78.94,-4.317],[-78.9405,-4.3229],[-78.945,-4.3318],[-78.9454,-4.3391],[-78.9501,-4.3515],[-78.9493,-4.3628],[-78.9467,-4.365],[-78.9446,-4.3827],[-78.9399,-4.3878],[-78.943,-4.3936],[-78.9426,-4.402],[-78.9503,-4.4128],[-78.9503,-4.4202],[-78.9478,-4.4246],[-78.9531,-4.4345],[-78.946,-4.4471],[-78.9464,-4.4534],[-78.9497,-4.4595],[-78.9491,-4.4662],[-78.9391,-4.4776],[-78.9421,-4.4865],[-78.9379,-4.4919],[-78.9374,-4.4977],[-78.9308,-4.5013],[-78.9284,-4.5078],[-78.9247,-4.5108],[-78.9266,-4.5315],[-78.9249,-4.5374],[-78.9267,-4.5468],[-78.9238,-4.5574],[-78.917,-4.5706],[-78.9172,-4.5769],[-78.9129,-4.5895],[-78.9138,-4.5969],[-78.9079,-4.6008],[-78.9033,-4.612],[-78.8971,-4.6141],[-78.8997,-4.624],[-78.89,-4.6391],[-78.878,-4.6465],[-78.8216,-4.6472],[-78.8149,-4.6413],[-78.8107,-4.6424],[-78.8039,-4.6369],[-78.7959,-4.6397],[-78.7836,-4.6389],[-78.7759,-4.6422],[-78.7686,-4.6384],[-78.7656,-4.6306],[-78.7572,-4.6289],[-78.7488,-4.6318],[-78.7393,-4.6291],[-78.7355,-4.6255],[-78.722,-4.6257],[-78.7143,-4.6283],[-78.7056,-4.6232],[-78.7044,-4.6176],[-78.6977,-4.6109],[-78.6817,-4.5996],[-78.6803,-4.5951],[-78.6748,-4.5922],[-78.6674,-4.5936],[-78.6604,-4.5859],[-78.6542,-4.5863],[-78.6532,-4.5819],[-78.6597,-4.5797],[-78.6629,-4.5708],[-78.6562,-4.5634],[-78.6604,-4.5537],[-78.66,-4.5424],[-78.6631,-4.5384],[-78.6607,-4.5277],[-78.6509,-4.517],[-78.647,-4.5084],[-78.6355,-4.5011],[-78.6389,-4.4962],[-78.6389,-4.4862],[-78.6373,-4.478],[-78.6341,-4.4756],[-78.6354,-4.4652],[-78.6285,-4.4595],[-78.6235,-4.45],[-78.6242,-4.4428],[-78.6202,-4.4372],[-78.6149,-4.4384],[-78.6037,-4.4319],[-78.5989,-4.4237],[-78.6022,-4.4101],[-78.6087,-4.4137],[-78.6215,-4.4147],[-78.6233,-4.4167],[-78.6332,-4.4151],[-78.6353,-4.4081],[-78.6408,-4.4015],[-78.6417,-4.3974],[-78.6367,-4.3896],[-78.6419,-4.3703],[-78.6512,-4.3619],[-78.6505,-4.3542],[-78.645,-4.3497],[-78.6476,-4.3445],[-78.6473,-4.3365],[-78.6417,-4.3333],[-78.6465,-4.3223],[-78.645,-4.315],[-78.6397,-4.3108],[-78.6395,-4.305],[-78.6139,-4.29],[-78.6156,-4.2859],[-78.6105,-4.272],[-78.6109,-4.2648],[-78.6052,-4.2636],[-78.6012,-4.2527],[-78.6079,-4.2389],[-78.6087,-4.2272],[-78.6039,-4.2149],[-78.5977,-4.2087],[-78.5933,-4.2091],[-78.5901,-4.2038],[-78.5799,-4.1999],[-78.5777,-4.1966],[-78.5787,-4.1787],[-78.5758,-4.1626],[-78.5809,-4.1506],[-78.58,-4.1433],[-78.5826,-4.136],[-78.5766,-4.1237],[-78.5737,-4.1216],[-78.5714,-4.1102],[-78.5674,-4.1014],[-78.562,-4.1012],[-78.5575,-4.0884],[-78.5527,-4.0868],[-78.5464,-4.0784],[-78.5414,-4.075],[-78.5409,-4.0688],[-78.5459,-4.0742],[-78.5548,-4.0782],[-78.5615,-4.0782],[-78.5701,-4.0755],[-78.5738,-4.0687],[-78.5886,-4.0621],[-78.6005,-4.0604],[-78.6053,-4.0619],[-78.6173,-4.0594],[-78.6224,-4.0502],[-78.6363,-4.0397],[-78.6403,-4.0419],[-78.6444,-4.0376],[-78.6496,-4.0375],[-78.6476,-4.0297],[-78.6521,-4.0244],[-78.6486,-4.0185],[-78.6488,-4.0101],[-78.6568,-4.0068],[-78.658,-3.9974],[-78.6617,-3.9994],[-78.6574,-3.9878],[-78.6601,-3.9846],[-78.665,-3.9893],[-78.6666,-3.9956],[-78.6865,-4.0003],[-78.7085,-4.0146],[-78.7111,-4.0188],[-78.7186,-4.0219],[-78.7186,-4.027],[-78.7277,-4.036],[-78.7302,-4.0454],[-78.7447,-4.048],[-78.7522,-4.0478],[-78.7607,-4.0591],[-78.7671,-4.0585],[-78.7711,-4.0636],[-78.774,-4.0678],[-78.7707,-4.0714],[-78.7718,-4.0825],[-78.7697,-4.0908],[-78.7705,-4.1007],[-78.7775,-4.1061],[-78.7791,-4.1102],[-78.7796,-4.1215],[-78.7759,-4.128]]]},"properties":{"poblacion":5196,"dpa_descan":"NANGARITZA","dpa_provin":"19","dpa_despro":"ZAMORA CHINCHIPE","dpa_canton":"1903"}},
{"type":"Feature","geometry":{"type":"Polygon","coordinates":[[[-78.8316,-3.5494],[-78.8358,-3.5427],[-78.8409,-3.5277],[-78.8408,-3.5208],[-78.8476,-3.5125],[-78.8535,-3.5152],[-78.8619,-3.5107],[-78.8702,-3.5023],[-78.8704,-3.494],[-78.8662,-3.4901],[-78.8674,-3.4824],[-78.8673,-3.4644],[-78.8686,-3.4595],[-78.8784,-3.4523],[-78.8803,-3.4461],[-78.8765,-3.4382],[-78.874,-3.4217],[-78.8805,-3.4132],[-78.8815,-3.4014],[-78.8924,-3.3943],[-78.9006,-3.3939],[-78.9051,-3.389],[-78.9052,-3.3833],[-78.9138,-3.3785],[-78.9156,-3.3679],[-78.9198,-3.3642],[-78.9245,-3.3648],[-78.9316,-3.3596],[-78.9307,-3.3532],[-78.9331,-3.3498],[-78.942,-3.3474],[-78.9431,-3.3414],[-78.9583,-3.3438],[-78.9694,-3.3521],[-78.9801,-3.3509],[-78.9901,-3.3549],[-79.0007,-3.362],[-79.0058,-3.3605],[-79.0114,-3.3549],[-79.0125,-3.3665],[-79.0287,-3.3725],[-79.0267,-3.3776],[-79.028,-3.3834],[-79.0403,-3.3934],[-79.0597,-3.4283],[-79.0686,-3.4385],[-79.0605,-3.4389],[-79.0553,-3.4491],[-79.0554,-3.459],[-79.052,-3.4612],[-79.0448,-3.468],[-79.0431,-3.474],[-79.0452,-3.4843],[-79.052,-3.4882],[-79.0649,-3.5002],[-79.0666,-3.5036],[-79.0668,-3.5132],[-79.06,-3.5267],[-79.0579,-3.5355],[-79.0523,-3.5438],[-79.0461,-3.5457],[-79.0442,-3.5503],[-79.0483,-3.5613],[-79.056,-3.5727],[-79.0542,-3.5745],[-79.0413,-3.5749],[-79.0544,-3.5863],[-79.0583,-3.5991],[-79.0565,-3.6055],[-79.0764,-3.6213],[-79.0808,-3.6236],[-79.0913,-3.6236],[-79.0953,-3.6254],[-79.1079,-3.6377],[-79.1068,-3.6461],[-79.1169,-3.6505],[-79.1396,-3.6635],[-79.1461,-3.6594],[-79.1535,-3.6615],[-79.1572,-3.6686],[-79.1592,-3.6773],[-79.1547,-3.6879],[-79.154,-3.6961],[-79.1575,-3.7023],[-79.1456,-3.7102],[-79.1394,-3.7181],[-79.1227,-3.7232],[-79.1094,-3.7323],[-79.1066,-3.7361],[-79.11,-3.7475],[-79.1069,-3.7563],[-79.103,-3.7595],[-79.1025,-3.7712],[-79.1043,-3.7803],[-79.0991,-3.788],[-79.091,-3.7879],[-79.0867,-3.7914],[-79.0766,-3.792],[-79.0782,-3.788],[-79.0536,-3.7895],[-79.0503,-3.7922],[-79.0453,-3.8037],[-79.0383,-3.8029],[-79.0191,-3.8081],[-79.0139,-3.8055],[-79.0075,-3.8064],[-78.9907,-3.8168],[-78.9836,-3.8134],[-78.9751,-3.8263],[-78.9751,-3.8324],[-78.97,-3.8262],[-78.9689,-3.8206],[-78.9608,-3.8126],[-78.9558,-3.8033],[-78.9527,-3.8008],[-78.9457,-3.8041],[-78.9346,-3.8045],[-78.9297,-3.8032],[-78.9148,-3.8036],[-78.903,-3.8018],[-78.8991,-3.7955],[-78.8904,-3.7985],[-78.8766,-3.7981],[-78.8717,-3.7945],[-78.8642,-3.7969],[-78.8631,-3.7999],[-78.8576,-3.7998],[-78.8397,-3.789],[-78.8337,-3.7877],[-78.831,-3.7802],[-78.8351,-3.7763],[-78.8375,-3.7627],[-78.8289,-3.7491],[-78.8254,-3.7356],[-78.8274,-3.7211],[-78.8319,-3.7173],[-78.8389,-3.6958],[-78.8424,-3.6922],[-78.8497,-3.6901],[-78.8526,-3.6761],[-78.8476,-3.6683],[-78.8507,-3.6581],[-78.8509,-3.655],[-78.8411,-3.6392],[-78.8359,-3.635],[-78.8337,-3.6253],[-78.8243,-3.6138],[-78.8198,-3.6074],[-78.8249,-3.5968],[-78.8252,-3.5891],[-78.817,-3.5683],[-78.8184,-3.5528],[-78.8203,-3.544],[-78.8316,-3.5494]]]},"properties":{"poblacion":5835,"dpa_descan":"YACUAMBI","dpa_provin":"19","dpa_despro":"ZAMORA CHINCHIPE","dpa_canton":"1904"}},
{"type":"Feature","geometry":{"type":"MultiPolygon","coordinates":[[[[-80.2677,-2.267],[-80.2831,-2.2734],[-80.2849,-2.2755],[-80.2812,-2.2828],[-80.2852,-2.2843],[-80.2831,-2.2885],[-80.2804,-2.2858],[-80.2832,-2.3004],[-80.2888,-2.3044],[-80.2875,-2.3106],[-80.2812,-2.322],[-80.2827,-2.3348],[-80.2845,-2.3369],[-80.2947,-2.3378],[-80.2996,-2.3426],[-80.3077,-2.3394],[-80.3166,-2.3418],[-80.3204,-2.34],[-80.3254,-2.3421],[-80.3219,-2.3503],[-80.3289,-2.3468],[-80.3385,-2.3484],[-80.3439,-2.3465],[-80.3539,-2.3486],[-80.3604,-2.3425],[-80.3656,-2.3425],[-80.3742,-2.3466],[-80.3745,-2.356],[-80.3722,-2.3583],[-80.3756,-2.3628],[-80.3819,-2.3664],[-80.3794,-2.3712],[-80.381,-2.3794],[-80.3977,-2.3769],[-80.4035,-2.3747],[-80.4163,-2.3825],[-80.426,-2.3816],[-80.4309,-2.3757],[-80.4477,-2.3757],[-80.4457,-2.3836],[-80.4457,-2.3967],[-80.4526,-2.4068],[-80.461,-2.4139],[-80.4607,-2.4272],[-80.4589,-2.4358],[-80.4521,-2.4532],[-80.4566,-2.4637],[-80.458,-2.4706],[-80.4669,-2.4741],[-80.4676,-2.4772],[-80.4633,-2.4774],[-80.4548,-2.4724],[-80.4518,-2.4677],[-80.4436,-2.4711],[-80.437,-2.4683],[-80.4221,-2.4709],[-80.4173,-2.4672],[-80.4104,-2.468],[-80.3968,-2.4657],[-80.3925,-2.4756],[-80.3879,-2.4768],[-80.3861,-2.4929],[-80.39,-2.5075],[-80.3904,-2.5209],[-80.3772,-2.5235],[-80.3766,-2.5343],[-80.3752,-2.5915],[-80.3685,-2.6006],[-80.3728,-2.6064],[-80.3667,-2.6118],[-80.3664,-2.6165],[-80.3594,-2.6276],[-80.3611,-2.633],[-80.355,-2.6408],[-80.3541,-2.6481],[-80.3602,-2.6567],[-80.3589,-2.6632],[-80.3587,-2.6707],[-80.3472,-2.6737],[-80.3445,-2.679],[-80.3388,-2.6827],[-80.3355,-2.6804],[-80.3344,-2.6856],[-80.3294,-2.688],[-80.328,-2.6847],[-80.3224,-2.6901],[-80.3256,-2.6927],[-80.3091,-2.7069],[-80.3098,-2.715],[-80.3047,-2.72],[-80.2934,-2.7263],[-80.2864,-2.7282],[-80.2727,-2.7359],[-80.2627,-2.7374],[-80.2524,-2.741],[-80.2443,-2.7373],[-80.2379,-2.7186],[-80.238,-2.7057],[-80.2447,-2.6959],[-80.2445,-2.6924],[-80.2495,-2.6885],[-80.2524,-2.6793],[-80.2524,-2.6667],[-80.256,-2.6578],[-80.2576,-2.6436],[-80.2633,-2.6382],[-80.2733,-2.6378],[-80.2731,-2.6471],[-80.2757,-2.6473],[-80.2784,-2.6549],[-80.2826,-2.6565],[-80.2796,-2.6543],[-80.2769,-2.6471],[-80.2735,-2.6453],[-80.2743,-2.637],[-80.2667,-2.6364],[-80.2582,-2.6394],[-80.2573,-2.6347],[-80.2525,-2.6295],[-80.2564,-2.6253],[-80.2676,-2.6183],[-80.28,-2.6162],[-80.2886,-2.6043],[-80.2798,-2.5999],[-80.2788,-2.5933],[-80.2848,-2.582],[-80.291,-2.5808],[-80.2884,-2.5767],[-80.2797,-2.5886],[-80.2778,-2.5942],[-80.2794,-2.6018],[-80.2842,-2.6055],[-80.2777,-2.6133],[-80.2627,-2.6119],[-80.2561,-2.6177],[-80.2493,-2.6202],[-80.2478,-2.6251],[-80.241,-2.6321],[-80.2471,-2.634],[-80.2549,-2.641],[-80.2509,-2.6463],[-80.244,-2.645],[-80.2414,-2.6405],[-80.23,-2.6365],[-80.2209,-2.6279],[-80.2151,-2.6187],[-80.219,-2.614],[-80.2165,-2.603],[-80.2215,-2.6008],[-80.2199,-2.5924],[-80.2256,-2.5865],[-80.2235,-2.5838],[-80.2244,-2.5794],[-80.2273,-2.5826],[-80.2314,-2.582],[-80.2302,-2.5762],[-80.2279,-2.582],[-80.2263,-2.5789],[-80.2235,-2.5792],[-80.2227,-2.5892],[-80.22,-2.586],[-80.2099,-2.588],[-80.2005,-2.593],[-80.2191,-2.5881],[-80.2181,-2.5938],[-80.2205,-2.5982],[-80.2142,-2.6037],[-80.2172,-2.6102],[-80.2067,-2.6034],[-80.1982,-2.6002],[-80.1732,-2.5967],[-80.1711,-2.5867],[-80.1674,-2.5836],[-80.1615,-2.5732],[-80.1595,-2.5643],[-80.163,-2.5602],[-80.1741,-2.5534],[-80.1801,-2.5514],[-80.1875,-2.5548],[-80.1915,-2.5516],[-80.1951,-2.544],[-80.2094,-2.5287],[-80.2139,-2.5297],[-80.2212,-2.5398],[-80.2205,-2.535],[-80.2146,-2.5277],[-80.2071,-2.5278],[-80.1946,-2.5415],[-80.1907,-2.55],[-80.1861,-2.5526],[-80.1812,-2.5487],[-80.1784,-2.5409],[-80.1723,-2.5355],[-80.1815,-2.5314],[-80.1892,-2.5244],[-80.1925,-2.5189],[-80.1987,-2.5203],[-80.2026,-2.5121],[-80.1985,-2.503],[-80.1953,-2.5008],[-80.1975,-2.497],[-80.1941,-2.4938],[-80.1796,-2.4926],[-80.1718,-2.4972],[-80.1706,-2.5039],[-80.1631,-2.5033],[-80.1615,-2.5151],[-80.1619,-2.5246],[-80.1577,-2.5252],[-80.1556,-2.5363],[-80.1508,-2.5415],[-80.1544,-2.5654],[-80.1506,-2.5714],[-80.147,-2.5708],[-80.1333,-2.5556],[-80.1202,-2.5423],[-80.1164,-2.5371],[-80.1058,-2.5269],[-80.1008,-2.5189],[-80.1025,-2.5156],[-80.1003,-2.5072],[-80.1009,-2.4987],[-80.096,-2.5071],[-80.0895,-2.4998],[-80.082,-2.4888],[-80.0891,-2.4763],[-80.0873,-2.467],[-80.0778,-2.4591],[-80.0798,-2.4553],[-80.0896,-2.4483],[-80.0898,-2.439],[-80.0817,-2.4266],[-80.086,-2.4199],[-80.0928,-2.4207],[-80.1008,-2.4101],[-80.0969,-2.4058],[-80.0922,-2.407],[-80.0939,-2.403],[-80.1031,-2.4058],[-80.1084,-2.4115],[-80.1109,-2.4112],[-80.1016,-2.4038],[-80.0934,-2.402],[-80.0909,-2.4059],[-80.0852,-2.3995],[-80.0727,-2.4013],[-80.0667,-2.3915],[-80.0644,-2.3908],[-80.0538,-2.4031],[-80.0474,-2.4045],[-80.0418,-2.3962],[-80.0339,-2.3926],[-80.0295,-2.3804],[-80.0292,-2.3638],[-80.0267,-2.3576],[-80.0194,-2.3515],[-80.0306,-2.3375],[-80.0276,-2.3309],[-80.0221,-2.3311],[-80.0174,-2.3342],[-80.0109,-2.3314],[-80.006,-2.3379],[-80.0072,-2.3431],[-79.9988,-2.3447],[-79.9832,-2.3455],[-79.9777,-2.3438],[-79.966,-2.334],[-79.9755,-2.3352],[-79.9808,-2.3292],[-79.9813,-2.3092],[-79.9968,-2.3],[-79.9999,-2.295],[-79.9977,-2.2901],[-80.0067,-2.284],[-79.9966,-2.2885],[-79.9912,-2.2787],[-79.9908,-2.2733],[-79.9861,-2.2743],[-79.979,-2.2692],[-79.9735,-2.2709],[-79.9805,-2.2617],[-79.9821,-2.2537],[-79.9787,-2.2486],[-79.9703,-2.2479],[-79.9623,-2.2369],[-79.9702,-2.2305],[-79.9799,-2.2272],[-79.9822,-2.2196],[-79.993,-2.2242],[-79.9893,-2.2209],[-79.992,-2.2156],[-79.9914,-2.2104],[-79.9959,-2.2042],[-80.0041,-2.1993],[-80.0153,-2.2001],[-80.0041,-2.1969],[-79.9974,-2.2021],[-79.9869,-2.2016],[-79.9856,-2.1988],[-79.9833,-2.2096],[-79.9794,-2.2146],[-79.98,-2.2234],[-79.9778,-2.226],[-79.9674,-2.2295],[-79.9626,-2.2266],[-79.964,-2.2168],[-79.9706,-2.2023],[-79.9752,-2.1964],[-79.9691,-2.1973],[-79.9697,-2.2015],[-79.9619,-2.2181],[-79.9585,-2.2311],[-79.9497,-2.2343],[-79.9483,-2.229],[-79.951,-2.2227],[-79.9498,-2.2158],[-79.9465,-2.2108],[-79.9488,-2.2019],[-79.9433,-2.1974],[-79.9382,-2.198],[-79.9309,-2.1904],[-79.9269,-2.1889],[-79.9028,-2.1895],[-79.899,-2.1863],[-79.9032,-2.1774],[-79.8978,-2.1851],[-79.9015,-2.1899],[-79.9211,-2.191],[-79.9293,-2.1907],[-79.9378,-2.2004],[-79.9466,-2.2032],[-79.9443,-2.2116],[-79.9489,-2.2206],[-79.9462,-2.2269],[-79.9455,-2.2352],[-79.941,-2.2359],[-79.932,-2.2286],[-79.9274,-2.2318],[-79.9219,-2.2249],[-79.914,-2.2254],[-79.9144,-2.2314],[-79.9104,-2.244],[-79.9137,-2.2499],[-79.9087,-2.2555],[-79.914,-2.2757],[-79.9055,-2.2834],[-79.8989,-2.2836],[-79.8953,-2.2864],[-79.8793,-2.2847],[-79.8749,-2.2863],[-79.8711,-2.2829],[-79.876,-2.2664],[-79.8735,-2.2685],[-79.866,-2.2598],[-79.8756,-2.2507],[-79.8841,-2.2381],[-79.8859,-2.2321],[-79.8863,-2.2212],[-79.8838,-2.2057],[-79.8796,-2.193],[-79.8736,-2.1809],[-79.8765,-2.1756],[-79.8758,-2.1621],[-79.8763,-2.1464],[-79.8801,-2.1306],[-79.8779,-2.1189],[-79.8874,-2.098],[-79.8939,-2.0875],[-79.8948,-2.0701],[-79.8915,-2.0685],[-79.8831,-2.0606],[-79.8865,-2.055],[-79.8977,-2.0564],[-79.9086,-2.0528],[-79.9282,-2.0638],[-79.9362,-2.0649],[-79.9386,-2.0613],[-79.9384,-2.0475],[-79.9328,-2.0464],[-79.93,-2.0431],[-79.9319,-2.0381],[-79.9383,-2.0297],[-79.937,-2.0186],[-79.9394,-2.0165],[-79.9479,-2.0206],[-79.9511,-2.0198],[-79.9572,-2.0118],[-79.9568,-2.0059],[-79.9654,-1.9992],[-79.9671,-1.9888],[-79.9698,-1.9836],[-79.9844,-1.9794],[-79.9805,-1.9724],[-79.9854,-1.9668],[-79.9906,-1.9623],[-79.9927,-1.9649],[-79.9964,-1.9771],[-80.0016,-1.9772],[-80.0009,-1.9806],[-80.0059,-1.9853],[-80.0066,-1.9893],[-80.0115,-1.9886],[-80.0278,-1.9932],[-80.0385,-1.9982],[-80.0329,-2.0082],[-80.0317,-2.0141],[-80.0385,-2.0194],[-80.0393,-2.0286],[-80.0415,-2.0349],[-80.0454,-2.0334],[-80.0516,-2.0389],[-80.0579,-2.0352],[-80.0604,-2.0388],[-80.0746,-2.0383],[-80.0778,-2.0489],[-80.0997,-2.0507],[-80.1138,-2.0612],[-80.1201,-2.0678],[-80.1232,-2.0794],[-80.124,-2.0874],[-80.1384,-2.1106],[-80.1429,-2.1114],[-80.1497,-2.1051],[-80.1564,-2.1062],[-80.1655,-2.1046],[-80.1742,-2.1058],[-80.2051,-2.1001],[-80.2185,-2.1045],[-80.2235,-2.1036],[-80.2369,-2.1049],[-80.2506,-2.1017],[-80.2573,-2.0963],[-80.2568,-2.1064],[-80.2448,-2.115],[-80.2466,-2.1204],[-80.2448,-2.1334],[-80.2479,-2.1469],[-80.2517,-2.149],[-80.2492,-2.1576],[-80.2441,-2.161],[-80.24,-2.1695],[-80.2409,-2.1735],[-80.2363,-2.1882],[-80.2387,-2.1912],[-80.2321,-2.1945],[-80.2259,-2.1923],[-80.2197,-2.1948],[-80.213,-2.202],[-80.2002,-2.2096],[-80.2031,-2.2181],[-80.2071,-2.2184],[-80.2085,-2.2253],[-80.2177,-2.2325],[-80.2227,-2.2312],[-80.2334,-2.2334],[-80.2321,-2.2429],[-80.2354,-2.2523],[-80.2472,-2.2458],[-80.2477,-2.2405],[-80.2554,-2.2383],[-80.2551,-2.2433],[-80.261,-2.2463],[-80.2647,-2.2645],[-80.2677,-2.267]]],[[[-79.9106,-2.6783],[-79.9084,-2.6704],[-79.9114,-2.6652],[-79.9153,-2.6651],[-79.9163,-2.6756],[-79.9106,-2.6783]]],[[[-80.1865,-2.6663],[-80.1785,-2.663],[-80.1717,-2.6542],[-80.1757,-2.6514],[-80.1822,-2.6555],[-80.189,-2.6632],[-80.1865,-2.6663]]],[[[-80.1822,-2.6424],[-80.1895,-2.643],[-80.1975,-2.6483],[-80.2004,-2.653],[-80.1924,-2.6548],[-80.185,-2.6525],[-80.1805,-2.6453],[-80.1822,-2.6424]]],[[[-79.9372,-2.65],[-79.9378,-2.6362],[-79.9416,-2.62],[-79.9465,-2.6132],[-79.9563,-2.6109],[-79.9734,-2.629],[-79.9959,-2.6393],[-80.002,-2.6448],[-79.9958,-2.6502],[-79.9865,-2.6528],[-79.9682,-2.6524],[-79.9547,-2.6558],[-79.9421,-2.6571],[-79.9383,-2.6548],[-79.9372,-2.65]]],[[[-80.0039,-2.6039],[-80.0092,-2.6043],[-80.0161,-2.6119],[-80.0178,-2.6189],[-80.0182,-2.6295],[-80.0093,-2.6304],[-79.9952,-2.6232],[-79.9738,-2.6194],[-79.9655,-2.6153],[-79.9625,-2.6108],[-79.9665,-2.6083],[-79.9888,-2.6038],[-80.0039,-2.6039]]],[[[-79.7901,-2.6306],[-79.7826,-2.6269],[-79.7787,-2.6188],[-79.7872,-2.6096],[-79.7926,-2.5985],[-79.7966,-2.5957],[-79.8003,-2.6004],[-79.8037,-2.6188],[-79.801,-2.6261],[-79.7939,-2.6316],[-79.7901,-2.6306]]],[[[-80.0217,-2.5945],[-80.0441,-2.5967],[-80.0547,-2.5965],[-80.0615,-2.5991],[-80.0618,-2.6083],[-80.0527,-2.6144],[-80.046,-2.6139],[-80.034,-2.6098],[-80.0219,-2.6005],[-80.0217,-2.5945]]],[[[-80.0415,-2.5545],[-80.045,-2.5521],[-80.0522,-2.555],[-80.061,-2.5648],[-80.069,-2.5688],[-80.0699,-2.5754],[-80.0486,-2.5691],[-80.0453,-2.566],[-80.0415,-2.5545]]],[[[-79.734,-2.5323],[-79.7364,-2.5229],[-79.7437,-2.5288],[-79.7549,-2.5331],[-79.7639,-2.5329],[-79.7748,-2.5348],[-79.7799,-2.5391],[-79.793,-2.5751],[-79.7892,-2.5893],[-79.7793,-2.6115],[-79.7729,-2.6171],[-79.7693,-2.6255],[-79.7541,-2.6364],[-79.751,-2.637],[-79.7427,-2.6252],[-79.7309,-2.6157],[-79.7254,-2.6096],[-79.7244,-2.6048],[-79.7284,-2.5875],[-79.7315,-2.5836],[-79.7535,-2.5788],[-79.7569,-2.5749],[-79.7553,-2.5705],[-79.7494,-2.5657],[-79.7523,-2.5633],[-79.7577,-2.5682],[-79.7645,-2.5644],[-79.7573,-2.5654],[-79.756,-2.5602],[-79.7702,-2.5599],[-79.7706,-2.5581],[-79.7578,-2.5577],[-79.7488,-2.5608],[-79.7504,-2.5529],[-79.7443,-2.5549],[-79.7471,-2.5573],[-79.7469,-2.5644],[-79.7497,-2.5701],[-79.7544,-2.5722],[-79.753,-2.5753],[-79.7449,-2.5763],[-79.7385,-2.58],[-79.7329,-2.5782],[-79.7242,-2.5614],[-79.7245,-2.5557],[-79.7337,-2.5426],[-79.734,-2.5323]]],[[[-79.8048,-2.5427],[-79.7999,-2.5326],[-79.8066,-2.5279],[-79.8133,-2.5165],[-79.8159,-2.5144],[-79.8172,-2.5208],[-79.8149,-2.5283],[-79.808,-2.5418],[-79.8048,-2.5427]]],[[[-80.1827,-2.494],[-80.1926,-2.4951],[-80.1927,-2.4997],[-80.199,-2.5092],[-80.1974,-2.5175],[-80.1804,-2.5147],[-80.1771,-2.5102],[-80.1779,-2.4994],[-80.1827,-2.494]]],[[[-79.9687,-2.5078],[-79.9685,-2.5019],[-79.9751,-2.4929],[-79.9905,-2.488],[-79.9963,-2.4894],[-80.0034,-2.4973],[-80.0115,-2.5025],[-80.0145,-2.5088],[-80.0151,-2.5197],[-80.0221,-2.5415],[-80.027,-2.5493],[-80.0353,-2.5561],[-80.0432,-2.5712],[-80.0515,-2.5773],[-80.0609,-2.5789],[-80.0674,-2.5881],[-80.0643,-2.5947],[-80.0392,-2.5944],[-80.0161,-2.5915],[-80.0082,-2.5932],[-79.9992,-2.5918],[-79.9972,-2.5873],[-80.004,-2.5795],[-80.0059,-2.575],[-80.0022,-2.5691],[-79.9932,-2.5698],[-79.9879,-2.5725],[-79.986,-2.5682],[-79.9799,-2.568],[-79.9765,-2.5646],[-79.9683,-2.5644],[-79.9861,-2.5711],[-79.9857,-2.5771],[-79.9797,-2.5836],[-79.978,-2.5898],[-79.9741,-2.5939],[-79.9617,-2.5957],[-79.9761,-2.5952],[-79.9795,-2.5919],[-79.9809,-2.5859],[-79.9903,-2.575],[-80.0022,-2.5707],[-80.0041,-2.5773],[-79.993,-2.5885],[-79.9892,-2.5986],[-79.9744,-2.6001],[-79.958,-2.6048],[-79.9477,-2.6042],[-79.9305,-2.5996],[-79.9313,-2.5942],[-79.9386,-2.5887],[-79.9438,-2.5796],[-79.947,-2.5644],[-79.9475,-2.5531],[-79.9596,-2.5472],[-79.9638,-2.5412],[-79.9721,-2.5446],[-79.9793,-2.5418],[-79.9829,-2.532],[-79.9863,-2.5384],[-79.9942,-2.5402],[-79.9973,-2.543],[-79.9988,-2.5502],[-80.0006,-2.5414],[-79.9865,-2.5369],[-79.9847,-2.5346],[-79.9864,-2.5213],[-79.9826,-2.5123],[-79.9794,-2.5091],[-79.9687,-2.5078]]],[[[-79.9195,-2.4933],[-79.9252,-2.4873],[-79.9328,-2.4876],[-79.9299,-2.4999],[-79.9323,-2.5082],[-79.9413,-2.5159],[-79.947,-2.5172],[-79.9641,-2.5129],[-79.9804,-2.5135],[-79.9837,-2.5157],[-79.9842,-2.5207],[-79.9787,-2.5305],[-79.9774,-2.539],[-79.9749,-2.5415],[-79.9666,-2.5378],[-79.961,-2.5388],[-79.9553,-2.5447],[-79.9495,-2.5458],[-79.9407,-2.5542],[-79.9328,-2.5576],[-79.9427,-2.5567],[-79.9435,-2.5617],[-79.9384,-2.5816],[-79.934,-2.5871],[-79.9243,-2.5922],[-79.9186,-2.5922],[-79.9201,-2.5787],[-79.914,-2.5682],[-79.9085,-2.5637],[-79.9087,-2.5574],[-79.9034,-2.552],[-79.9026,-2.54],[-79.9039,-2.5282],[-79.9013,-2.5225],[-79.8925,-2.517],[-79.8902,-2.5059],[-79.8943,-2.5022],[-79.8966,-2.4958],[-79.9064,-2.4902],[-79.9148,-2.4935],[-79.9195,-2.4933]]],[[[-79.8236,-2.5791],[-79.8186,-2.5572],[-79.8174,-2.5484],[-79.8239,-2.5313],[-79.8259,-2.5186],[-79.8341,-2.4989],[-79.8387,-2.4848],[-79.8472,-2.4674],[-79.8524,-2.4755],[-79.8601,-2.4983],[-79.8603,-2.5161],[-79.8651,-2.5387],[-79.8783,-2.5842],[-79.8833,-2.6081],[-79.8827,-2.6191],[-79.8784,-2.6173],[-79.8727,-2.6099],[-79.866,-2.606],[-79.8592,-2.6071],[-79.8573,-2.6016],[-79.8569,-2.5829],[-79.8563,-2.6024],[-79.8605,-2.6095],[-79.8656,-2.6072],[-79.8712,-2.61],[-79.8781,-2.6208],[-79.8824,-2.6214],[-79.8857,-2.6157],[-79.8893,-2.6298],[-79.8901,-2.6475],[-79.8854,-2.6552],[-79.8713,-2.6573],[-79.8651,-2.6557],[-79.8638,-2.6596],[-79.8557,-2.6658],[-79.8502,-2.6669],[-79.8363,-2.6586],[-79.8351,-2.6139],[-79.8296,-2.5994],[-79.8236,-2.5791]]],[[[-79.8787,-2.4749],[-79.8788,-2.4693],[-79.8819,-2.4631],[-79.8849,-2.4681],[-79.8842,-2.4781],[-79.8871,-2.4791],[-79.8851,-2.4721],[-79.8907,-2.4694],[-79.894,-2.4756],[-79.895,-2.4701],[-79.9,-2.4691],[-79.906,-2.4729],[-79.9004,-2.4732],[-79.9023,-2.4795],[-79.9056,-2.4749],[-79.9113,-2.4738],[-79.9267,-2.4755],[-79.9309,-2.4783],[-79.9304,-2.485],[-79.9203,-2.4872],[-79.9167,-2.492],[-79.907,-2.4888],[-79.9018,-2.4895],[-79.8974,-2.4842],[-79.8948,-2.4875],[-79.8859,-2.4857],[-79.8801,-2.4804],[-79.8787,-2.4749]]],[[[-79.8864,-2.4529],[-79.8913,-2.4508],[-79.8957,-2.4539],[-79.8925,-2.4639],[-79.8942,-2.4677],[-79.8861,-2.4688],[-79.8861,-2.4642],[-79.8806,-2.4596],[-79.8805,-2.4538],[-79.8864,-2.4529]]],[[[-79.8819,-2.4479],[-79.8866,-2.4377],[-79.8918,-2.4398],[-79.8927,-2.4492],[-79.8826,-2.4494],[-79.8819,-2.4479]]],[[[-79.9457,-2.4438],[-79.9514,-2.4428],[-79.959,-2.4356],[-79.9682,-2.4451],[-79.9695,-2.4497],[-79.9659,-2.461],[-79.9725,-2.4652],[-79.9802,-2.4637],[-79.9841,-2.4572],[-79.9882,-2.4625],[-79.994,-2.4646],[-79.9972,-2.4686],[-79.9849,-2.4707],[-79.9658,-2.4839],[-79.9524,-2.5077],[-79.9484,-2.5095],[-79.9439,-2.5076],[-79.9418,-2.5026],[-79.9449,-2.4918],[-79.9431,-2.4823],[-79.9452,-2.4759],[-79.9518,-2.4753],[-79.9546,-2.4722],[-79.9517,-2.4665],[-79.9492,-2.4737],[-79.9426,-2.4739],[-79.9319,-2.4651],[-79.9301,-2.4622],[-79.9324,-2.4536],[-79.9366,-2.448],[-79.9457,-2.4438]]],[[[-79.9124,-2.4412],[-79.9096,-2.4338],[-79.9235,-2.4266],[-79.9226,-2.4345],[-79.9273,-2.4392],[-79.9286,-2.4453],[-79.9208,-2.459],[-79.9107,-2.4653],[-79.9037,-2.4657],[-79.8979,-2.4602],[-79.8982,-2.4532],[-79.8928,-2.4391],[-79.886,-2.4349],[-79.891,-2.4293],[-79.8959,-2.4288],[-79.8974,-2.4325],[-79.9061,-2.4331],[-79.9124,-2.4412]]],[[[-80.0025,-2.435],[-80.0222,-2.4262],[-80.0255,-2.4317],[-80.0227,-2.4471],[-80.0288,-2.4578],[-80.0318,-2.4681],[-80.0345,-2.4879],[-80.0352,-2.5009],[-80.0298,-2.5047],[-80.021,-2.4959],[-80.0198,-2.4917],[-80.0132,-2.4856],[-80.0145,-2.4836],[-80.01,-2.4766],[-80.0122,-2.4706],[-80.0169,-2.4691],[-80.011,-2.4661],[-80.0116,-2.4565],[-80.0068,-2.4547],[-80.0027,-2.4658],[-80.0059,-2.4676],[-80.003,-2.4712],[-80.0028,-2.4769],[-79.9987,-2.4734],[-79.9985,-2.4681],[-79.996,-2.4649],[-79.9926,-2.4637],[-79.9863,-2.459],[-79.9874,-2.4566],[-79.9833,-2.4566],[-79.9789,-2.4629],[-79.9683,-2.4613],[-79.9706,-2.4532],[-79.9692,-2.444],[-79.9616,-2.4368],[-79.9625,-2.4345],[-79.9703,-2.4315],[-79.9752,-2.4355],[-79.9838,-2.4353],[-79.9976,-2.4382],[-80.0025,-2.435]]],[[[-79.8972,-2.4285],[-79.8988,-2.4219],[-79.9055,-2.4238],[-79.9052,-2.4295],[-79.8972,-2.4285]]],[[[-80.0884,-2.4192],[-80.0853,-2.4178],[-80.0876,-2.4126],[-80.0936,-2.4124],[-80.0928,-2.4182],[-80.0884,-2.4192]]],[[[-79.8018,-2.4759],[-79.804,-2.4494],[-79.8064,-2.4414],[-79.8124,-2.4287],[-79.8215,-2.4132],[-79.8335,-2.4102],[-79.8392,-2.412],[-79.8407,-2.4276],[-79.8438,-2.447],[-79.8415,-2.4553],[-79.832,-2.467],[-79.8297,-2.4731],[-79.8252,-2.4921],[-79.8178,-2.5046],[-79.8051,-2.5235],[-79.7964,-2.5318],[-79.7916,-2.532],[-79.7822,-2.5213],[-79.7837,-2.5135],[-79.7905,-2.5042],[-79.7982,-2.4962],[-79.802,-2.4862],[-79.8015,-2.4827],[-79.8075,-2.4809],[-79.8018,-2.4759]]],[[[-79.9069,-2.4179],[-79.9059,-2.4154],[-79.9265,-2.4106],[-79.9316,-2.4227],[-79.9308,-2.4271],[-79.9283,-2.4204],[-79.925,-2.4206],[-79.9268,-2.4261],[-79.9213,-2.424],[-79.9096,-2.4306],[-79.9081,-2.4291],[-79.9069,-2.4179]]],[[[-79.9894,-2.4094],[-80.0047,-2.4048],[-80.0068,-2.4085],[-79.9977,-2.4165],[-79.9973,-2.4215],[-80.0014,-2.4276],[-80.0018,-2.4325],[-79.9979,-2.4352],[-79.9852,-2.4334],[-79.9759,-2.4336],[-79.9711,-2.4289],[-79.9542,-2.436],[-79.9504,-2.4409],[-79.9465,-2.4398],[-79.9485,-2.4302],[-79.9438,-2.4426],[-79.9366,-2.4435],[-79.9317,-2.434],[-79.9373,-2.4288],[-79.9416,-2.4171],[-79.9365,-2.4183],[-79.9329,-2.4109],[-79.9412,-2.4127],[-79.9584,-2.4111],[-79.9653,-2.4192],[-79.9709,-2.421],[-79.9805,-2.4184],[-79.9699,-2.4194],[-79.9695,-2.4161],[-79.9737,-2.4075],[-79.9894,-2.4094]]],[[[-80.0722,-2.4075],[-80.0765,-2.4036],[-80.0841,-2.4017],[-80.09,-2.4077],[-80.0953,-2.4068],[-80.0977,-2.4119],[-80.0872,-2.4109],[-80.0798,-2.423],[-80.0718,-2.4147],[-80.0722,-2.4075]]],[[[-79.9654,-2.415],[-79.9566,-2.4074],[-79.9654,-2.3986],[-79.973,-2.404],[-79.9654,-2.415]]],[[[-79.9209,-2.3994],[-79.9242,-2.3956],[-79.9263,-2.3998],[-79.9381,-2.3978],[-79.9339,-2.4041],[-79.93,-2.4038],[-79.9268,-2.4079],[-79.9207,-2.402],[-79.9209,-2.3994]]],[[[-80.0747,-2.4723],[-80.0666,-2.4637],[-80.0631,-2.4517],[-80.0523,-2.4271],[-80.0515,-2.415],[-80.0489,-2.4089],[-80.0643,-2.3928],[-80.0715,-2.4044],[-80.0688,-2.4154],[-80.0717,-2.4206],[-80.0779,-2.4254],[-80.0862,-2.4409],[-80.0859,-2.4471],[-80.0759,-2.4532],[-80.0765,-2.4626],[-80.0846,-2.4703],[-80.0842,-2.4732],[-80.0747,-2.4723]]],[[[-79.8919,-2.3977],[-79.8999,-2.3914],[-79.9004,-2.396],[-79.9081,-2.4005],[-79.9131,-2.3957],[-79.9175,-2.4065],[-79.9217,-2.4085],[-79.909,-2.4133],[-79.9074,-2.406],[-79.9031,-2.4053],[-79.9064,-2.413],[-79.9012,-2.4108],[-79.9059,-2.4197],[-79.8995,-2.4206],[-79.8955,-2.4092],[-79.894,-2.4169],[-79.8783,-2.4168],[-79.8794,-2.4139],[-79.8896,-2.4094],[-79.8919,-2.3977]]],[[[-79.9215,-2.3928],[-79.917,-2.3895],[-79.9196,-2.3862],[-79.9295,-2.3861],[-79.9246,-2.3939],[-79.9215,-2.3928]]],[[[-79.9418,-2.3979],[-79.9461,-2.3966],[-79.9491,-2.3927],[-79.9504,-2.3847],[-79.9565,-2.3852],[-79.9591,-2.3928],[-79.9647,-2.3969],[-79.9573,-2.4034],[-79.9538,-2.3994],[-79.9552,-2.4087],[-79.9389,-2.4103],[-79.9365,-2.4077],[-79.9418,-2.3979]]],[[[-80.0022,-2.4007],[-80.0022,-2.3913],[-80.0096,-2.3843],[-80.0119,-2.3944],[-80.0121,-2.4037],[-80.0147,-2.4167],[-80.009,-2.4202],[-80.0059,-2.4254],[-80.0022,-2.4229],[-80.0022,-2.4179],[-80.0106,-2.4113],[-80.0105,-2.4067],[-80.0022,-2.4007]]],[[[-79.9368,-2.3829],[-79.9389,-2.378],[-79.9467,-2.3769],[-79.959,-2.3732],[-79.9616,-2.3756],[-79.9571,-2.3829],[-79.9503,-2.3836],[-79.9474,-2.3931],[-79.9447,-2.3963],[-79.9371,-2.3946],[-79.9297,-2.3979],[-79.9287,-2.3946],[-79.9336,-2.3896],[-79.9368,-2.3829]]],[[[-79.9274,-2.3719],[-79.9341,-2.3794],[-79.9315,-2.3834],[-79.9275,-2.3832],[-79.9235,-2.3775],[-79.9238,-2.3834],[-79.9185,-2.3806],[-79.919,-2.373],[-79.9274,-2.3719]]],[[[-79.9361,-2.3686],[-79.9467,-2.3681],[-79.9502,-2.3741],[-79.937,-2.3747],[-79.9321,-2.3691],[-79.9361,-2.3686]]],[[[-79.9946,-2.366],[-79.995,-2.361],[-80.005,-2.3634],[-80.0039,-2.3743],[-80.0049,-2.3798],[-80.0022,-2.388],[-79.9936,-2.3918],[-79.9911,-2.3954],[-79.9921,-2.4042],[-79.9866,-2.4063],[-79.9798,-2.4009],[-79.9724,-2.3977],[-79.9716,-2.393],[-79.9752,-2.3871],[-79.9758,-2.3774],[-79.9794,-2.3741],[-79.9808,-2.3679],[-79.9897,-2.3645],[-79.9946,-2.366]]],[[[-79.9412,-2.357],[-79.946,-2.3549],[-79.9484,-2.3581],[-79.9472,-2.3635],[-79.9423,-2.367],[-79.9386,-2.3651],[-79.9374,-2.357],[-79.9412,-2.357]]],[[[-79.9384,-2.3479],[-79.9412,-2.3442],[-79.9474,-2.3426],[-79.9519,-2.3334],[-79.9619,-2.3469],[-79.9672,-2.3507],[-79.9717,-2.3582],[-79.9815,-2.3652],[-79.9763,-2.3669],[-79.9709,-2.3803],[-79.9699,-2.3882],[-79.9624,-2.3917],[-79.9587,-2.3893],[-79.9595,-2.3806],[-79.9626,-2.3773],[-79.9584,-2.3687],[-79.9514,-2.3708],[-79.9484,-2.3641],[-79.9539,-2.3614],[-79.9426,-2.349],[-79.9384,-2.3479]]],[[[-79.9203,-2.316],[-79.9362,-2.313],[-79.9415,-2.3211],[-79.9329,-2.3238],[-79.9421,-2.324],[-79.9426,-2.3318],[-79.9477,-2.3363],[-79.9459,-2.3421],[-79.94,-2.343],[-79.9361,-2.3502],[-79.9441,-2.3528],[-79.9374,-2.3549],[-79.9297,-2.3642],[-79.9292,-2.3687],[-79.9189,-2.3702],[-79.9231,-2.3618],[-79.9224,-2.3588],[-79.9155,-2.3553],[-79.9116,-2.3507],[-79.916,-2.3418],[-79.913,-2.3311],[-79.9168,-2.3255],[-79.9243,-2.319],[-79.9167,-2.3234],[-79.9163,-2.3156],[-79.9203,-2.316]]],[[[-79.9137,-2.2918],[-79.909,-2.29],[-79.908,-2.2859],[-79.9129,-2.2806],[-79.9171,-2.2838],[-79.9137,-2.2918]]],[[[-79.9719,-2.2733],[-79.9763,-2.2717],[-79.9887,-2.2754],[-79.9905,-2.2834],[-79.9933,-2.2859],[-79.9965,-2.2941],[-79.996,-2.2979],[-79.9786,-2.3078],[-79.9772,-2.3318],[-79.9651,-2.3313],[-79.9617,-2.3292],[-79.9583,-2.3217],[-79.9625,-2.3161],[-79.9725,-2.3111],[-79.9756,-2.3018],[-79.971,-2.2941],[-79.9638,-2.29],[-79.9719,-2.2733]]],[[[-79.9323,-2.2641],[-79.9391,-2.2631],[-79.9424,-2.266],[-79.94,-2.2701],[-79.9365,-2.2673],[-79.9374,-2.2739],[-79.9324,-2.2852],[-79.9383,-2.287],[-79.9302,-2.2931],[-79.9242,-2.3023],[-79.9152,-2.3045],[-79.9169,-2.2866],[-79.919,-2.2792],[-79.9267,-2.2756],[-79.9321,-2.2687],[-79.9323,-2.2641]]],[[[-79.8514,-2.2923],[-79.8519,-2.2836],[-79.8556,-2.2722],[-79.8654,-2.2614],[-79.8733,-2.2692],[-79.8691,-2.2765],[-79.8715,-2.2872],[-79.871,-2.3002],[-79.8733,-2.2878],[-79.8815,-2.286],[-79.8975,-2.2869],[-79.9017,-2.2845],[-79.9057,-2.2864],[-79.9061,-2.2907],[-79.9127,-2.2955],[-79.9135,-2.299],[-79.9015,-2.2972],[-79.9104,-2.3],[-79.911,-2.3037],[-79.9058,-2.3012],[-79.9015,-2.3021],[-79.9097,-2.3054],[-79.9138,-2.3132],[-79.9086,-2.3148],[-79.9159,-2.3173],[-79.9149,-2.327],[-79.9115,-2.3316],[-79.9143,-2.3399],[-79.9105,-2.3479],[-79.9105,-2.3517],[-79.9139,-2.3556],[-79.9219,-2.3614],[-79.9167,-2.3671],[-79.915,-2.3727],[-79.9104,-2.376],[-79.8999,-2.3763],[-79.899,-2.3806],[-79.9025,-2.3888],[-79.8965,-2.3935],[-79.8942,-2.3848],[-79.8892,-2.3785],[-79.8924,-2.3703],[-79.8852,-2.3609],[-79.8855,-2.3481],[-79.8835,-2.3379],[-79.8824,-2.3544],[-79.8839,-2.3629],[-79.8901,-2.3727],[-79.8882,-2.3784],[-79.8931,-2.3878],[-79.8941,-2.3935],[-79.8895,-2.4002],[-79.8882,-2.4089],[-79.8782,-2.4139],[-79.8783,-2.4197],[-79.875,-2.4233],[-79.8789,-2.424],[-79.8793,-2.4181],[-79.8963,-2.4178],[-79.8979,-2.4204],[-79.8935,-2.4268],[-79.8895,-2.4267],[-79.8886,-2.4309],[-79.8835,-2.4351],[-79.8779,-2.4619],[-79.8813,-2.4623],[-79.8779,-2.4677],[-79.8779,-2.4793],[-79.8862,-2.4869],[-79.896,-2.489],[-79.8985,-2.4861],[-79.9019,-2.4911],[-79.8948,-2.4954],[-79.8905,-2.5034],[-79.8892,-2.5091],[-79.8933,-2.5194],[-79.899,-2.5224],[-79.9024,-2.5319],[-79.9009,-2.5403],[-79.902,-2.5517],[-79.9069,-2.5587],[-79.908,-2.5653],[-79.9127,-2.5691],[-79.9173,-2.5765],[-79.9178,-2.5872],[-79.9133,-2.588],[-79.9071,-2.5857],[-79.8997,-2.5784],[-79.9053,-2.5754],[-79.9048,-2.5721],[-79.8981,-2.5632],[-79.9006,-2.5735],[-79.8966,-2.5765],[-79.8906,-2.5563],[-79.8936,-2.5517],[-79.8882,-2.5484],[-79.887,-2.5432],[-79.8884,-2.5359],[-79.8855,-2.5183],[-79.8787,-2.5039],[-79.878,-2.5137],[-79.8747,-2.5072],[-79.8684,-2.4788],[-79.8666,-2.4618],[-79.8617,-2.4474],[-79.8579,-2.4328],[-79.8605,-2.4241],[-79.8617,-2.409],[-79.8602,-2.3844],[-79.8579,-2.3701],[-79.8521,-2.3575],[-79.8503,-2.3348],[-79.8472,-2.3206],[-79.8476,-2.3064],[-79.8514,-2.2923]]],[[[-79.9524,-2.2364],[-79.9591,-2.2333],[-79.96,-2.2408],[-79.9643,-2.2414],[-79.9652,-2.2499],[-79.9754,-2.2532],[-79.9754,-2.2628],[-79.9708,-2.2641],[-79.9668,-2.2613],[-79.9702,-2.2687],[-79.964,-2.2798],[-79.9558,-2.2893],[-79.9528,-2.2902],[-79.9528,-2.2837],[-79.9486,-2.2865],[-79.9529,-2.292],[-79.9584,-2.2919],[-79.9701,-2.3012],[-79.97,-2.3087],[-79.9603,-2.31],[-79.9584,-2.3144],[-79.9538,-2.3164],[-79.9496,-2.314],[-79.9463,-2.3081],[-79.939,-2.3032],[-79.9263,-2.3018],[-79.9313,-2.2954],[-79.9394,-2.2908],[-79.9403,-2.2853],[-79.936,-2.2846],[-79.9387,-2.2782],[-79.9466,-2.2771],[-79.941,-2.2758],[-79.9422,-2.2717],[-79.9508,-2.267],[-79.9431,-2.2627],[-79.9451,-2.2594],[-79.9532,-2.2579],[-79.955,-2.253],[-79.9523,-2.2489],[-79.9515,-2.2567],[-79.9394,-2.2608],[-79.9343,-2.2598],[-79.9304,-2.2516],[-79.9393,-2.237],[-79.9524,-2.2364]]],[[[-79.916,-2.2294],[-79.9178,-2.2261],[-79.9221,-2.2279],[-79.9242,-2.2335],[-79.9303,-2.2343],[-79.9335,-2.2322],[-79.9368,-2.2348],[-79.9323,-2.2388],[-79.9261,-2.2502],[-79.9266,-2.2566],[-79.93,-2.2647],[-79.9256,-2.2729],[-79.9157,-2.2784],[-79.9115,-2.2533],[-79.9197,-2.2488],[-79.9202,-2.2435],[-79.9157,-2.2464],[-79.9126,-2.2427],[-79.9151,-2.2376],[-79.916,-2.2294]]],[[[-80.099,-2.9104],[-80.1059,-2.9076],[-80.11,-2.9144],[-80.1109,-2.9275],[-80.1068,-2.9339],[-80.0948,-2.9322],[-80.0843,-2.9358],[-80.0794,-2.9343],[-80.081,-2.9273],[-80.0788,-2.9193],[-80.088,-2.916],[-80.0926,-2.9105],[-80.099,-2.9104]]],[[[-80.0905,-2.9014],[-80.1037,-2.8962],[-80.0989,-2.904],[-80.0935,-2.9063],[-80.0856,-2.9151],[-80.0784,-2.9158],[-80.0762,-2.922],[-80.0776,-2.9318],[-80.0705,-2.9314],[-80.0656,-2.9276],[-80.0631,-2.9108],[-80.0765,-2.9023],[-80.0817,-2.9007],[-80.0905,-2.9014]]],[[[-80.1457,-2.872],[-80.1557,-2.8743],[-80.1498,-2.8772],[-80.1483,-2.8821],[-80.1419,-2.8754],[-80.1457,-2.872]]],[[[-80.1143,-2.8832],[-80.1154,-2.8769],[-80.1139,-2.8706],[-80.1036,-2.8638],[-80.1011,-2.857],[-80.1069,-2.8518],[-80.1202,-2.8622],[-80.1272,-2.87],[-80.1302,-2.8783],[-80.1284,-2.8813],[-80.1172,-2.8834],[-80.1132,-2.8888],[-80.1143,-2.8832]]],[[[-80.1252,-2.8451],[-80.1281,-2.8438],[-80.1312,-2.8498],[-80.1318,-2.8594],[-80.1347,-2.8534],[-80.1402,-2.8541],[-80.1432,-2.8631],[-80.1377,-2.867],[-80.1348,-2.8742],[-80.1305,-2.8752],[-80.1281,-2.8686],[-80.1221,-2.8622],[-80.125,-2.8525],[-80.1201,-2.8498],[-80.1252,-2.8451]]],[[[-80.112,-2.8416],[-80.1103,-2.8373],[-80.1138,-2.836],[-80.1147,-2.8414],[-80.1189,-2.843],[-80.1182,-2.8474],[-80.1113,-2.8473],[-80.101,-2.8515],[-80.0965,-2.8451],[-80.1054,-2.8391],[-80.112,-2.8416]]],[[[-80.0861,-2.8404],[-80.0897,-2.8358],[-80.0998,-2.8384],[-80.0946,-2.8426],[-80.0942,-2.8468],[-80.0974,-2.8522],[-80.0947,-2.8559],[-80.0822,-2.8565],[-80.0872,-2.8588],[-80.0947,-2.8572],[-80.0922,-2.8642],[-80.0937,-2.8672],[-80.0989,-2.8656],[-80.107,-2.8702],[-80.1093,-2.8802],[-80.1038,-2.8913],[-80.0973,-2.8965],[-80.0897,-2.8987],[-80.0826,-2.8984],[-80.0835,-2.8922],[-80.0807,-2.8904],[-80.0791,-2.8969],[-80.0729,-2.8994],[-80.0564,-2.9112],[-80.0534,-2.9031],[-80.0456,-2.895],[-80.0434,-2.8815],[-80.0424,-2.8884],[-80.0412,-2.8809],[-80.038,-2.8748],[-80.0315,-2.8672],[-80.0321,-2.8605],[-80.0449,-2.8542],[-80.0512,-2.8495],[-80.0565,-2.8425],[-80.063,-2.8478],[-80.0716,-2.8505],[-80.08,-2.8388],[-80.0861,-2.8404]]],[[[-80.1351,-2.701],[-80.1275,-2.6996],[-80.1257,-2.6935],[-80.1363,-2.6948],[-80.1393,-2.7003],[-80.1351,-2.701]]],[[[-80.0022,-2.6848],[-80.0133,-2.6785],[-80.0352,-2.6748],[-80.064,-2.6832],[-80.0803,-2.6862],[-80.0906,-2.6853],[-80.1107,-2.6929],[-80.117,-2.6983],[-80.1229,-2.7059],[-80.1309,-2.7069],[-80.1519,-2.7158],[-80.1705,-2.7186],[-80.1796,-2.7211],[-80.1806,-2.7265],[-80.1949,-2.7304],[-80.2024,-2.7286],[-80.2073,-2.7299],[-80.2197,-2.7406],[-80.2139,-2.7564],[-80.2155,-2.7652],[-80.2187,-2.7736],[-80.2289,-2.7852],[-80.24,-2.8162],[-80.2421,-2.8233],[-80.2428,-2.8168],[-80.2403,-2.8084],[-80.2362,-2.8012],[-80.2309,-2.7847],[-80.2193,-2.769],[-80.216,-2.7563],[-80.2224,-2.7726],[-80.2341,-2.7873],[-80.2455,-2.8166],[-80.2569,-2.8352],[-80.2506,-2.8465],[-80.2527,-2.8464],[-80.2582,-2.8384],[-80.2611,-2.8537],[-80.2612,-2.8774],[-80.2592,-2.8833],[-80.2613,-2.8878],[-80.2602,-2.9011],[-80.26,-2.9217],[-80.2613,-2.9417],[-80.2581,-2.9445],[-80.2615,-2.9469],[-80.2547,-2.9496],[-80.2617,-2.9527],[-80.2635,-2.9744],[-80.2634,-3.0031],[-80.2611,-3.0123],[-80.2606,-3.0217],[-80.2579,-3.0312],[-80.2514,-3.0354],[-80.253,-3.0319],[-80.247,-3.0305],[-80.2332,-3.0335],[-80.2239,-3.0384],[-80.2024,-3.0391],[-80.1856,-3.0333],[-80.1783,-3.0318],[-80.172,-3.0255],[-80.1738,-3.0196],[-80.1711,-3.0112],[-80.1658,-3.0067],[-80.1634,-3.0105],[-80.1567,-3.0114],[-80.149,-3.0086],[-80.1521,-3.0145],[-80.1482,-3.0135],[-80.1461,-3.0186],[-80.1556,-3.0162],[-80.1605,-3.0167],[-80.1636,-3.0119],[-80.1627,-3.0184],[-80.1551,-3.0223],[-80.1359,-3.0228],[-80.1232,-3.0243],[-80.121,-3.0207],[-80.1219,-3.0092],[-80.1164,-3.003],[-80.1062,-2.9819],[-80.0971,-2.9714],[-80.0948,-2.9606],[-80.0925,-2.9573],[-80.0947,-2.9445],[-80.1112,-2.9365],[-80.1177,-2.9269],[-80.1181,-2.9175],[-80.116,-2.9076],[-80.128,-2.8961],[-80.133,-2.8953],[-80.1314,-2.8918],[-80.1398,-2.8797],[-80.1483,-2.8857],[-80.1508,-2.8788],[-80.1547,-2.8808],[-80.1574,-2.8736],[-80.1523,-2.8726],[-80.1509,-2.8693],[-80.1665,-2.8594],[-80.1616,-2.8584],[-80.159,-2.8622],[-80.1538,-2.8631],[-80.1491,-2.8679],[-80.1478,-2.8658],[-80.1527,-2.8612],[-80.1584,-2.8492],[-80.1533,-2.8497],[-80.1522,-2.853],[-80.1471,-2.8507],[-80.1438,-2.8383],[-80.139,-2.843],[-80.1333,-2.8379],[-80.1366,-2.8333],[-80.1314,-2.8313],[-80.1304,-2.8278],[-80.126,-2.8334],[-80.121,-2.8355],[-80.1246,-2.8378],[-80.1183,-2.8396],[-80.1155,-2.8296],[-80.1138,-2.8335],[-80.108,-2.8363],[-80.1013,-2.8365],[-80.0933,-2.8326],[-80.0875,-2.8333],[-80.0769,-2.8403],[-80.0719,-2.848],[-80.0653,-2.8476],[-80.0553,-2.838],[-80.0508,-2.8484],[-80.0292,-2.8591],[-80.0231,-2.8555],[-80.0197,-2.8433],[-80.0159,-2.8421],[-80.0088,-2.8332],[-80.0022,-2.8145],[-79.9947,-2.8064],[-79.9856,-2.8032],[-79.9724,-2.7937],[-79.9597,-2.7919],[-79.9513,-2.7937],[-79.9326,-2.7919],[-79.9197,-2.7789],[-79.9133,-2.7763],[-79.9082,-2.7686],[-79.9041,-2.7576],[-79.9014,-2.741],[-79.9033,-2.7373],[-79.9108,-2.7364],[-79.9193,-2.73],[-79.9295,-2.727],[-79.9399,-2.7198],[-79.9445,-2.7194],[-79.9614,-2.7126],[-79.9735,-2.7023],[-79.9793,-2.6945],[-79.9938,-2.6876],[-80.0022,-2.6848]]],[[[-79.7259,-2.9792],[-79.7334,-2.9812],[-79.7388,-2.9848],[-79.7521,-2.9821],[-79.7575,-2.9756],[-79.7712,-2.9727],[-79.7729,-2.9589],[-79.7754,-2.9525],[-79.7795,-2.9522],[-79.788,-2.943],[-79.7925,-2.9499],[-79.7968,-2.9524],[-79.8052,-2.948],[-79.8208,-2.9439],[-79.8319,-2.9549],[-79.8324,-2.9592],[-79.8395,-2.9695],[-79.8449,-2.971],[-79.8495,-2.9769],[-79.851,-2.9816],[-79.8451,-3.0001],[-79.8468,-3.004],[-79.8456,-3.0127],[-79.8534,-3.027],[-79.8655,-3.045],[-79.8703,-3.0575],[-79.8695,-3.0602],[-79.8621,-3.0521],[-79.8556,-3.0511],[-79.8495,-3.0476],[-79.8424,-3.0547],[-79.833,-3.0523],[-79.8264,-3.0546],[-79.8233,-3.0526],[-79.8167,-3.0552],[-79.8093,-3.0502],[-79.8014,-3.0545],[-79.7916,-3.0578],[-79.7763,-3.0638],[-79.768,-3.0606],[-79.7632,-3.0627],[-79.7607,-3.0636],[-79.75,-3.0543],[-79.7457,-3.0453],[-79.7457,-3.0296],[-79.7397,-3.0293],[-79.7344,-3.0098],[-79.7247,-3.015],[-79.7126,-3.0153],[-79.7171,-3.0059],[-79.7154,-2.9925],[-79.722,-2.9906],[-79.7278,-2.9861],[-79.7259,-2.9792]]]]},"properties":{"poblacion":2350915,"dpa_descan":"GUAYAQUIL","dpa_provin":"09","dpa_despro":"GUAYAS","dpa_canton":"0901"}},
{"type":"Feature","geometry":{"type":"Polygon","coordinates":[[[-79.5206,-2.0131],[-79.5183,-2.0003],[-79.5129,-1.9954],[-79.5044,-1.9979],[-79.4971,-1.9913],[-79.4767,-1.9839],[-79.4451,-1.9347],[-79.4556,-1.9266],[-79.4537,-1.9252],[-79.455,-1.9172],[-79.4602,-1.9158],[-79.464,-1.9182],[-79.4687,-1.9104],[-79.4776,-1.9088],[-79.4854,-1.9011],[-79.4849,-1.8928],[-79.4878,-1.8909],[-79.4889,-1.8841],[-79.5025,-1.8869],[-79.5063,-1.8836],[-79.5222,-1.8803],[-79.5245,-1.8851],[-79.5321,-1.8829],[-79.5382,-1.8851],[-79.5414,-1.8823],[-79.5507,-1.8861],[-79.5555,-1.8854],[-79.5581,-1.8899],[-79.5642,-1.8898],[-79.5632,-1.8965],[-79.5762,-1.9007],[-79.5805,-1.905],[-79.5979,-1.9079],[-79.6086,-1.9032],[-79.6138,-1.9104],[-79.6178,-1.9107],[-79.6225,-1.9152],[-79.6231,-1.9192],[-79.6283,-1.9223],[-79.6321,-1.9204],[-79.6376,-1.9239],[-79.6406,-1.9217],[-79.6478,-1.9235],[-79.6478,-1.9279],[-79.6444,-1.9326],[-79.6443,-1.9641],[-79.6372,-1.9763],[-79.6345,-1.9744],[-79.6191,-1.9804],[-79.6081,-1.9825],[-79.6044,-1.9882],[-79.5764,-2.0176],[-79.5663,-2.0257],[-79.5589,-2.0289],[-79.5397,-1.9992],[-79.5198,-1.9672],[-79.5204,-1.975],[-79.5248,-1.9997],[-79.5255,-2.009],[-79.5206,-2.0131]]]},"properties":{"poblacion":25179,"dpa_descan":"ALFREDO BAQUERIZO MORENO","dpa_provin":"09","dpa_despro":"GUAYAS","dpa_canton":"0902"}},
{"type":"Feature","geometry":{"type":"Polygon","coordinates":[[[-79.6451,-2.9898],[-79.6452,-2.9831],[-79.6513,-2.9465],[-79.66,-2.9429],[-79.6512,-2.9357],[-79.6355,-2.9272],[-79.6242,-2.9194],[-79.6075,-2.9127],[-79.6075,-2.9008],[-79.5996,-2.9036],[-79.5945,-2.9021],[-79.5956,-2.8875],[-79.5979,-2.8849],[-79.6084,-2.8804],[-79.6145,-2.8697],[-79.6174,-2.8546],[-79.6221,-2.8546],[-79.6332,-2.8491],[-79.6418,-2.8437],[-79.6475,-2.8427],[-79.6576,-2.8343],[-79.6633,-2.8319],[-79.6723,-2.8223],[-79.6725,-2.8108],[-79.6914,-2.8088],[-79.692,-2.8127],[-79.6965,-2.8079],[-79.7015,-2.8086],[-79.7003,-2.8127],[-79.7088,-2.8108],[-79.7073,-2.8135],[-79.7135,-2.8176],[-79.7189,-2.8164],[-79.7219,-2.8187],[-79.7553,-2.8143],[-79.759,-2.8111],[-79.7894,-2.7902],[-79.7932,-2.7903],[-79.7947,-2.7923],[-79.8003,-2.7893],[-79.8075,-2.7912],[-79.816,-2.8002],[-79.8135,-2.8067],[-79.8124,-2.8205],[-79.8164,-2.8369],[-79.8223,-2.8383],[-79.8202,-2.8441],[-79.8244,-2.8442],[-79.8316,-2.8587],[-79.8341,-2.8665],[-79.8407,-2.8758],[-79.8449,-2.8793],[-79.8427,-2.8827],[-79.8527,-2.8865],[-79.8555,-2.893],[-79.8531,-2.9001],[-79.852,-2.9099],[-79.8541,-2.9147],[-79.8527,-2.9291],[-79.8538,-2.9375],[-79.8532,-2.9638],[-79.8554,-2.982],[-79.8495,-2.9769],[-79.8449,-2.971],[-79.8395,-2.9695],[-79.8324,-2.9592],[-79.8319,-2.9549],[-79.8208,-2.9439],[-79.8052,-2.948],[-79.7968,-2.9524],[-79.7925,-2.9499],[-79.788,-2.943],[-79.7795,-2.9522],[-79.7754,-2.9525],[-79.7729,-2.9589],[-79.7712,-2.9727],[-79.7575,-2.9756],[-79.7521,-2.9821],[-79.7388,-2.9848],[-79.7334,-2.9812],[-79.7259,-2.9792],[-79.7207,-2.9787],[-79.7111,-2.974],[-79.7028,-2.9765],[-79.6869,-2.9743],[-79.675,-2.9746],[-79.6643,-2.9725],[-79.6592,-2.9754],[-79.6542,-2.9862],[-79.6451,-2.9898]]]},"properties":{"poblacion":20523,"dpa_descan":"BALAO","dpa_provin":"09","dpa_despro":"GUAYAS","dpa_canton":"0903"}},
{"type":"Feature","geometry":{"type":"Polygon","coordinates":[[[-79.9463,-1.1439],[-79.9551,-1.1385],[-79.9661,-1.1416],[-79.9689,-1.139],[-79.975,-1.1417],[-79.9825,-1.1393],[-79.9844,-1.1306],[-79.9899,-1.1368],[-79.9962,-1.151],[-79.9965,-1.1573],[-79.9882,-1.1698],[-79.9822,-1.1828],[-79.9831,-1.1885],[-79.9882,-1.1926],[-80.0015,-1.1962],[-80.0019,-1.2069],[-79.9986,-1.2126],[-80.0016,-1.2216],[-79.9992,-1.2331],[-80.0059,-1.2362],[-80.0161,-1.2438],[-80.0229,-1.2454],[-80.0375,-1.2537],[-80.0388,-1.2628],[-80.0358,-1.2647],[-80.0354,-1.2706],[-80.0255,-1.277],[-80.0308,-1.2786],[-80.0354,-1.2734],[-80.0404,-1.275],[-80.0472,-1.2871],[-80.0614,-1.2909],[-80.0738,-1.3036],[-80.081,-1.3074],[-80.0835,-1.3153],[-80.0809,-1.3174],[-80.0868,-1.3196],[-80.0954,-1.3264],[-80.0985,-1.3264],[-80.102,-1.3286],[-80.1097,-1.3227],[-80.1375,-1.3241],[-80.145,-1.3341],[-80.1468,-1.3439],[-80.1527,-1.3649],[-80.142,-1.3808],[-80.1445,-1.3919],[-80.1454,-1.4061],[-80.1262,-1.4116],[-80.124,-1.4111],[-80.0986,-1.384],[-80.0956,-1.3825],[-80.0885,-1.3689],[-80.0804,-1.365],[-80.0793,-1.3601],[-80.0744,-1.3561],[-80.0699,-1.3583],[-80.0689,-1.354],[-80.0629,-1.3501],[-80.06,-1.3547],[-80.0526,-1.3605],[-80.039,-1.364],[-80.0328,-1.3645],[-80.0281,-1.37],[-80.0305,-1.3763],[-80.0261,-1.3808],[-80.0292,-1.3924],[-80.0222,-1.401],[-80.0258,-1.4118],[-80.0289,-1.4144],[-80.029,-1.4207],[-80.0398,-1.4281],[-80.0375,-1.4338],[-80.0419,-1.4434],[-80.0361,-1.45],[-80.0271,-1.4512],[-80.0224,-1.4482],[-80.0161,-1.4506],[-80.0127,-1.4475],[-80.0074,-1.453],[-80.0017,-1.4663],[-79.9948,-1.4711],[-79.9958,-1.4754],[-79.9917,-1.4761],[-79.9879,-1.4855],[-79.997,-1.4909],[-79.9971,-1.5012],[-79.9901,-1.5042],[-79.9842,-1.5005],[-79.9731,-1.5097],[-79.9686,-1.5105],[-79.9651,-1.5069],[-79.9605,-1.5089],[-79.9507,-1.5183],[-79.9454,-1.5152],[-79.9422,-1.5174],[-79.9328,-1.5298],[-79.9085,-1.5304],[-79.9028,-1.5238],[-79.8983,-1.522],[-79.902,-1.5177],[-79.8988,-1.5125],[-79.8983,-1.5049],[-79.8927,-1.5024],[-79.8754,-1.5099],[-79.8698,-1.5033],[-79.8732,-1.4973],[-79.8723,-1.4901],[-79.869,-1.487],[-79.8641,-1.4901],[-79.862,-1.4867],[-79.8695,-1.483],[-79.8672,-1.4799],[-79.8698,-1.4689],[-79.8658,-1.4676],[-79.8701,-1.4648],[-79.8713,-1.4579],[-79.8659,-1.457],[-79.8642,-1.4512],[-79.8703,-1.4489],[-79.8653,-1.4467],[-79.8681,-1.4354],[-79.8617,-1.4348],[-79.8643,-1.4209],[-79.8609,-1.4213],[-79.8568,-1.4196],[-79.8554,-1.4143],[-79.8473,-1.4088],[-79.8544,-1.406],[-79.8494,-1.4032],[-79.8513,-1.3971],[-79.8464,-1.3983],[-79.8456,-1.3941],[-79.8479,-1.3869],[-79.842,-1.3791],[-79.8393,-1.3801],[-79.8304,-1.3682],[-79.8266,-1.3693],[-79.8213,-1.3616],[-79.8227,-1.3596],[-79.813,-1.3549],[-79.8097,-1.3473],[-79.803,-1.3446],[-79.8036,-1.3322],[-79.8001,-1.3329],[-79.7973,-1.3196],[-79.7949,-1.3202],[-79.7917,-1.3119],[-79.7934,-1.3046],[-79.7886,-1.2978],[-79.7902,-1.2949],[-79.7823,-1.2904],[-79.7802,-1.2928],[-79.7744,-1.2881],[-79.7806,-1.2776],[-79.7775,-1.2772],[-79.7695,-1.2687],[-79.7666,-1.2701],[-79.7634,-1.2658],[-79.7641,-1.2598],[-79.7711,-1.2577],[-79.7653,-1.2507],[-79.7596,-1.2529],[-79.7578,-1.2467],[-79.7523,-1.2441],[-79.759,-1.2346],[-79.7554,-1.2331],[-79.7528,-1.2243],[-79.7459,-1.2189],[-79.7498,-1.2128],[-79.7454,-1.2097],[-79.7487,-1.2083],[-79.7486,-1.1921],[-79.7403,-1.185],[-79.7413,-1.1833],[-79.7325,-1.1777],[-79.7252,-1.1826],[-79.718,-1.1793],[-79.7159,-1.1731],[-79.7188,-1.166],[-79.7149,-1.1598],[-79.7148,-1.153],[-79.7042,-1.156],[-79.6999,-1.1557],[-79.697,-1.1484],[-79.693,-1.1478],[-79.6908,-1.1521],[-79.6872,-1.1494],[-79.6874,-1.1415],[-79.6815,-1.1332],[-79.6851,-1.1287],[-79.6838,-1.1228],[-79.6754,-1.1225],[-79.6729,-1.1162],[-79.6687,-1.1131],[-79.662,-1.1217],[-79.6523,-1.118],[-79.6509,-1.1145],[-79.6614,-1.1146],[-79.6629,-1.1105],[-79.6725,-1.1033],[-79.674,-1.0985],[-79.6919,-1.087],[-79.7014,-1.0893],[-79.7186,-1.0992],[-79.7239,-1.0967],[-79.7306,-1.088],[-79.7271,-1.0812],[-79.7357,-1.0814],[-79.7364,-1.092],[-79.7417,-1.0972],[-79.7454,-1.0996],[-79.7459,-1.1075],[-79.7536,-1.1157],[-79.7588,-1.116],[-79.7596,-1.1112],[-79.776,-1.1204],[-79.7824,-1.1091],[-79.7889,-1.1083],[-79.7962,-1.1256],[-79.8017,-1.125],[-79.8021,-1.1216],[-79.8115,-1.1215],[-79.8158,-1.1139],[-79.8252,-1.1139],[-79.8357,-1.0947],[-79.8306,-1.0887],[-79.836,-1.0827],[-79.8405,-1.0732],[-79.8441,-1.0826],[-79.8508,-1.0894],[-79.8548,-1.0898],[-79.8611,-1.0995],[-79.8747,-1.1039],[-79.8815,-1.1085],[-79.8871,-1.1163],[-79.899,-1.1226],[-79.904,-1.1273],[-79.9087,-1.1392],[-79.9127,-1.1391],[-79.916,-1.1447],[-79.9199,-1.1433],[-79.9276,-1.1463],[-79.9403,-1.1556],[-79.9459,-1.1535],[-79.9463,-1.1439]]]},"properties":{"poblacion":53937,"dpa_descan":"BALZAR","dpa_provin":"09","dpa_despro":"GUAYAS","dpa_canton":"0904"}},
{"type":"Feature","geometry":{"type":"Polygon","coordinates":[[[-80.1913,-1.5517],[-80.193,-1.5538],[-80.2217,-1.5743],[-80.2357,-1.5744],[-80.2421,-1.5674],[-80.2521,-1.5655],[-80.2576,-1.5677],[-80.265,-1.5663],[-80.2689,-1.5691],[-80.2841,-1.569],[-80.2797,-1.5739],[-80.2797,-1.5776],[-80.2619,-1.6027],[-80.2541,-1.6168],[-80.2233,-1.6169],[-80.2244,-1.6234],[-80.2297,-1.6271],[-80.2255,-1.6278],[-80.2241,-1.6326],[-80.2191,-1.6374],[-80.2244,-1.6487],[-80.2165,-1.6664],[-80.2094,-1.6701],[-80.2081,-1.6749],[-80.2114,-1.6935],[-80.207,-1.6879],[-80.203,-1.688],[-80.199,-1.6835],[-80.2032,-1.6775],[-80.2047,-1.6693],[-80.1908,-1.6637],[-80.1889,-1.655],[-80.1839,-1.6514],[-80.1819,-1.657],[-80.1734,-1.6518],[-80.1692,-1.6528],[-80.1559,-1.6509],[-80.1497,-1.6459],[-80.1458,-1.646],[-80.1426,-1.6411],[-80.139,-1.6457],[-80.1285,-1.649],[-80.1276,-1.6475],[-80.1034,-1.6277],[-80.0963,-1.6299],[-80.0928,-1.6372],[-80.0889,-1.6359],[-80.0776,-1.6404],[-80.0732,-1.6473],[-80.0637,-1.6417],[-80.0593,-1.6444],[-80.0532,-1.6409],[-80.0493,-1.6437],[-80.038,-1.6397],[-80.0327,-1.6343],[-80.0256,-1.6408],[-80.0191,-1.6391],[-80.0117,-1.6407],[-80.0118,-1.6295],[-80.0097,-1.6279],[-79.9993,-1.6323],[-79.9958,-1.6258],[-79.997,-1.6181],[-79.9936,-1.616],[-79.9865,-1.6268],[-79.9825,-1.6269],[-79.9763,-1.6107],[-79.9769,-1.607],[-79.97,-1.6022],[-79.9644,-1.5911],[-79.9406,-1.5935],[-79.9173,-1.5938],[-79.92,-1.587],[-79.9179,-1.5783],[-79.9119,-1.5696],[-79.9124,-1.5614],[-79.9091,-1.5527],[-79.8908,-1.5519],[-79.8889,-1.5434],[-79.8866,-1.5414],[-79.8748,-1.5419],[-79.8744,-1.5365],[-79.8671,-1.5318],[-79.8704,-1.5306],[-79.8679,-1.5264],[-79.8776,-1.5228],[-79.8718,-1.5204],[-79.8762,-1.5143],[-79.8754,-1.5099],[-79.8927,-1.5024],[-79.8983,-1.5049],[-79.8988,-1.5125],[-79.902,-1.5177],[-79.8983,-1.522],[-79.9028,-1.5238],[-79.9085,-1.5304],[-79.9328,-1.5298],[-79.9422,-1.5174],[-79.9454,-1.5152],[-79.9507,-1.5183],[-79.9605,-1.5089],[-79.9651,-1.5069],[-79.9686,-1.5105],[-79.9731,-1.5097],[-79.9842,-1.5005],[-79.9901,-1.5042],[-79.9971,-1.5012],[-79.997,-1.4909],[-79.9879,-1.4855],[-79.9917,-1.4761],[-79.9958,-1.4754],[-79.9948,-1.4711],[-80.0017,-1.4663],[-80.0074,-1.453],[-80.0127,-1.4475],[-80.0161,-1.4506],[-80.0224,-1.4482],[-80.0271,-1.4512],[-80.0361,-1.45],[-80.0419,-1.4434],[-80.0375,-1.4338],[-80.0398,-1.4281],[-80.029,-1.4207],[-80.0289,-1.4144],[-80.0258,-1.4118],[-80.0222,-1.401],[-80.0292,-1.3924],[-80.0261,-1.3808],[-80.0305,-1.3763],[-80.0281,-1.37],[-80.0328,-1.3645],[-80.039,-1.364],[-80.0526,-1.3605],[-80.06,-1.3547],[-80.0629,-1.3501],[-80.0689,-1.354],[-80.0699,-1.3583],[-80.0744,-1.3561],[-80.0793,-1.3601],[-80.0804,-1.365],[-80.0885,-1.3689],[-80.0956,-1.3825],[-80.0986,-1.384],[-80.124,-1.4111],[-80.1262,-1.4116],[-80.1454,-1.4061],[-80.1566,-1.4062],[-80.1624,-1.4077],[-80.1667,-1.406],[-80.171,-1.4089],[-80.1713,-1.4195],[-80.1759,-1.4212],[-80.1817,-1.4164],[-80.1845,-1.4205],[-80.1953,-1.4218],[-80.1925,-1.4346],[-80.1974,-1.4396],[-80.1954,-1.4443],[-80.1978,-1.4476],[-80.1952,-1.4538],[-80.1959,-1.4591],[-80.1979,-1.464],[-80.1951,-1.469],[-80.197,-1.4784],[-80.2041,-1.4822],[-80.2073,-1.4906],[-80.206,-1.4982],[-80.194,-1.5192],[-80.1875,-1.5223],[-80.185,-1.5211],[-80.1764,-1.5268],[-80.1749,-1.5309],[-80.1845,-1.54],[-80.1872,-1.5477],[-80.1913,-1.5517]]]},"properties":{"poblacion":23423,"dpa_descan":"COLIMES","dpa_provin":"09","dpa_despro":"GUAYAS","dpa_canton":"0905"}},
{"type":"Feature","geometry":{"type":"Polygon","coordinates":[[[-80.1219,-0.9162],[-80.1192,-0.9199],[-80.1239,-0.9269],[-80.1225,-0.9344],[-80.1156,-0.9447],[-80.1184,-0.9522],[-80.1111,-0.9579],[-80.0994,-0.9578],[-80.086,-0.9622],[-80.0824,-0.9666],[-80.0683,-0.9652],[-80.0641,-0.9693],[-80.0655,-0.9751],[-80.0773,-0.9857],[-80.0811,-0.9851],[-80.0844,-0.9921],[-80.0954,-1.0073],[-80.0924,-1.0203],[-80.1005,-1.0213],[-80.1067,-1.0188],[-80.1108,-1.0199],[-80.1133,-1.0294],[-80.1163,-1.0329],[-80.1107,-1.0332],[-80.1093,-1.0368],[-80.1021,-1.0372],[-80.1,-1.0343],[-80.0917,-1.0351],[-80.0856,-1.0403],[-80.084,-1.0353],[-80.0731,-1.0267],[-80.0735,-1.0212],[-80.0635,-1.0209],[-80.057,-1.0242],[-80.0531,-1.0197],[-80.0488,-1.0189],[-80.0327,-1.023],[-80.0284,-1.0204],[-80.02,-1.0261],[-80.0146,-1.0236],[-80.014,-1.0297],[-80.0108,-1.0344],[-80.0145,-1.038],[-80.0154,-1.0492],[-80.0054,-1.0486],[-80.0063,-1.0434],[-80.0031,-1.0401],[-79.9957,-1.0401],[-79.9884,-1.0262],[-79.9838,-1.0236],[-79.9825,-1.0155],[-79.9856,-1.0076],[-79.9827,-1.0026],[-79.9855,-0.9982],[-79.9847,-0.9899],[-79.9912,-0.9825],[-79.9856,-0.9789],[-79.9785,-0.9788],[-79.9672,-0.984],[-79.9555,-0.9821],[-79.9481,-0.9902],[-79.9406,-0.9905],[-79.9342,-0.9956],[-79.9277,-0.9896],[-79.918,-0.9837],[-79.9151,-0.9803],[-79.9167,-0.9729],[-79.9094,-0.9625],[-79.9032,-0.9601],[-79.9083,-0.9559],[-79.9093,-0.9413],[-79.9123,-0.9377],[-79.9169,-0.9384],[-79.917,-0.9326],[-79.9062,-0.922],[-79.8993,-0.9192],[-79.898,-0.915],[-79.8847,-0.9108],[-79.8817,-0.9044],[-79.8741,-0.903],[-79.8719,-0.8963],[-79.8742,-0.8926],[-79.8791,-0.8915],[-79.8813,-0.8943],[-79.8863,-0.8936],[-79.8907,-0.8856],[-79.8989,-0.8862],[-79.9018,-0.8826],[-79.902,-0.876],[-79.9087,-0.8626],[-79.9081,-0.8554],[-79.8998,-0.8468],[-79.8986,-0.843],[-79.9069,-0.8219],[-79.9119,-0.817],[-79.9156,-0.8182],[-79.9301,-0.8164],[-79.935,-0.8106],[-79.9407,-0.8179],[-79.9456,-0.8159],[-79.9506,-0.82],[-79.9591,-0.8218],[-79.9693,-0.8322],[-79.9743,-0.8325],[-79.9926,-0.8286],[-79.9978,-0.833],[-80.0037,-0.8344],[-80.0146,-0.8412],[-80.0206,-0.8402],[-80.0388,-0.849],[-80.0554,-0.854],[-80.068,-0.85],[-80.0807,-0.8476],[-80.0922,-0.8377],[-80.0945,-0.8329],[-80.0988,-0.8365],[-80.1077,-0.8304],[-80.1119,-0.832],[-80.1192,-0.8286],[-80.1268,-0.8225],[-80.1313,-0.8167],[-80.1429,-0.8167],[-80.1487,-0.8248],[-80.1527,-0.8219],[-80.1559,-0.8145],[-80.1748,-0.8054],[-80.1751,-0.8061],[-80.1804,-0.8091],[-80.1789,-0.8145],[-80.1795,-0.8271],[-80.1834,-0.831],[-80.1935,-0.8298],[-80.1974,-0.833],[-80.1986,-0.8296],[-80.2098,-0.8317],[-80.2184,-0.8401],[-80.2179,-0.8453],[-80.2291,-0.8481],[-80.237,-0.8553],[-80.2342,-0.8604],[-80.2268,-0.8595],[-80.2249,-0.8664],[-80.2058,-0.8791],[-80.202,-0.8796],[-80.2042,-0.8849],[-80.1943,-0.8881],[-80.189,-0.8799],[-80.1914,-0.8757],[-80.1871,-0.874],[-80.1791,-0.8755],[-80.1729,-0.8792],[-80.1644,-0.8946],[-80.1561,-0.9],[-80.1494,-0.901],[-80.1411,-0.9108],[-80.1219,-0.9162]]]},"properties":{"poblacion":40735,"dpa_descan":"BOLIVAR","dpa_provin":"13","dpa_despro":"MANABI","dpa_canton":"1302"}},
{"type":"Feature","geometry":{"type":"Polygon","coordinates":[[[-78.6635,-3.0731],[-78.6581,-3.0662],[-78.6508,-3.0682],[-78.6402,-3.0688],[-78.6345,-3.0716],[-78.6235,-3.0693],[-78.614,-3.0658],[-78.6072,-3.0597],[-78.6041,-3.0599],[-78.5951,-3.0541],[-78.5855,-3.0531],[-78.5797,-3.0509],[-78.577,-3.0469],[-78.5642,-3.0413],[-78.5628,-3.0375],[-78.5504,-3.0242],[-78.5427,-3.0236],[-78.528,-3.0185],[-78.5207,-3.0183],[-78.5059,-3.0261],[-78.499,-3.0179],[-78.501,-3.0126],[-78.4891,-3.0106],[-78.4935,-3.0319],[-78.4979,-3.0364],[-78.502,-3.0503],[-78.5056,-3.0549],[-78.5002,-3.0659],[-78.4976,-3.0815],[-78.4869,-3.1337],[-78.4814,-3.1379],[-78.4806,-3.1413],[-78.4786,-3.1465],[-78.4696,-3.1476],[-78.4642,-3.1557],[-78.4557,-3.1612],[-78.4468,-3.1593],[-78.4441,-3.1669],[-78.4313,-3.1702],[-78.4219,-3.1603],[-78.4192,-3.1502],[-78.4155,-3.1503],[-78.4082,-3.1551],[-78.3935,-3.1583],[-78.3854,-3.1654],[-78.3751,-3.1658],[-78.3695,-3.178],[-78.366,-3.1805],[-78.3643,-3.1896],[-78.3556,-3.1984],[-78.355,-3.2057],[-78.3528,-3.2057],[-78.2525,-3.2058],[-78.2223,-3.2055],[-78.219,-3.2133],[-78.2148,-3.2296],[-78.2169,-3.2346],[-78.2255,-3.2429],[-78.2244,-3.249],[-78.2308,-3.2577],[-78.2304,-3.2698],[-78.2282,-3.2734],[-78.2343,-3.2783],[-78.2366,-3.2882],[-78.232,-3.2962],[-78.2342,-3.3028],[-78.2284,-3.3107],[-78.2217,-3.3093],[-78.2127,-3.3106],[-78.209,-3.3081],[-78.2024,-3.311],[-78.1967,-3.3077],[-78.1894,-3.2994],[-78.1856,-3.2986],[-78.1829,-3.2938],[-78.169,-3.289],[-78.1685,-3.287],[-78.1519,-3.2838],[-78.146,-3.2745],[-78.1467,-3.2717],[-78.1333,-3.2639],[-78.1256,-3.2629],[-78.1219,-3.2586],[-78.1137,-3.2566],[-78.1092,-3.252],[-78.1026,-3.2532],[-78.0945,-3.2474],[-78.0938,-3.2421],[-78.0895,-3.2404],[-78.092,-3.2356],[-78.0867,-3.2303],[-78.093,-3.219],[-78.0902,-3.2155],[-78.087,-3.2171],[-78.0761,-3.2274],[-78.0644,-3.2255],[-78.0605,-3.2162],[-78.0541,-3.2071],[-78.0418,-3.2079],[-78.0397,-3.1951],[-78.0326,-3.1884],[-78.0334,-3.1784],[-78.0428,-3.1747],[-78.0426,-3.1645],[-78.0485,-3.1678],[-78.0614,-3.1688],[-78.0633,-3.1496],[-78.0729,-3.153],[-78.0751,-3.1483],[-78.1023,-3.1408],[-78.1109,-3.145],[-78.1195,-3.1447],[-78.1249,-3.1414],[-78.1376,-3.1389],[-78.1445,-3.1322],[-78.149,-3.1182],[-78.1507,-3.0893],[-78.1418,-3.0892],[-78.1292,-3.0825],[-78.1218,-3.0684],[-78.1219,-3.0578],[-78.1256,-3.058],[-78.1354,-3.0506],[-78.1457,-3.0456],[-78.1488,-3.0394],[-78.1536,-3.0381],[-78.1656,-3.0391],[-78.1693,-3.0359],[-78.1824,-3.0296],[-78.1975,-3.0302],[-78.2111,-3.0357],[-78.2161,-3.031],[-78.2178,-3.0155],[-78.2198,-3.0084],[-78.2193,-3.0021],[-78.2217,-2.9949],[-78.2291,-2.9869],[-78.2284,-2.9819],[-78.2282,-2.9796],[-78.237,-2.97],[-78.2393,-2.9579],[-78.2442,-2.9507],[-78.2463,-2.9418],[-78.2551,-2.9302],[-78.2541,-2.9241],[-78.2572,-2.916],[-78.2558,-2.9095],[-78.2503,-2.9026],[-78.2454,-2.8804],[-78.2471,-2.8746],[-78.2459,-2.8568],[-78.2479,-2.8472],[-78.2455,-2.8251],[-78.2498,-2.8172],[-78.2557,-2.8163],[-78.2609,-2.8196],[-78.2699,-2.8184],[-78.2831,-2.8142],[-78.2839,-2.8073],[-78.294,-2.8048],[-78.2974,-2.8061],[-78.303,-2.814],[-78.3185,-2.8236],[-78.3244,-2.8242],[-78.3319,-2.8293],[-78.3353,-2.828],[-78.3349,-2.8209],[-78.3419,-2.8168],[-78.3466,-2.8111],[-78.3614,-2.8149],[-78.3815,-2.8146],[-78.3894,-2.8013],[-78.3956,-2.7949],[-78.4017,-2.7936],[-78.4101,-2.8011],[-78.4156,-2.798],[-78.4342,-2.8117],[-78.4376,-2.8285],[-78.4447,-2.832],[-78.4449,-2.8423],[-78.4487,-2.8477],[-78.4543,-2.8594],[-78.4533,-2.8685],[-78.4581,-2.8762],[-78.4585,-2.8817],[-78.4657,-2.8839],[-78.4869,-2.8819],[-78.4895,-2.8836],[-78.4997,-2.8804],[-78.5099,-2.8805],[-78.5164,-2.8842],[-78.5326,-2.8897],[-78.5406,-2.8947],[-78.5475,-2.9015],[-78.5581,-2.9046],[-78.5706,-2.9029],[-78.5785,-2.9103],[-78.586,-2.9109],[-78.593,-2.9045],[-78.597,-2.9042],[-78.6026,-2.9137],[-78.6148,-2.9084],[-78.6156,-2.8989],[-78.6323,-2.9147],[-78.6296,-2.9233],[-78.6283,-2.9339],[-78.6319,-2.9382],[-78.6368,-2.9528],[-78.6352,-2.956],[-78.6313,-2.9615],[-78.6311,-2.968],[-78.6388,-2.9812],[-78.6533,-2.9869],[-78.6584,-2.9924],[-78.6571,-3.0052],[-78.664,-3.0117],[-78.6637,-3.018],[-78.673,-3.0257],[-78.6753,-3.0295],[-78.6762,-3.0365],[-78.6718,-3.047],[-78.6734,-3.0606],[-78.6793,-3.0678],[-78.6748,-3.067],[-78.6635,-3.0731]]]},"properties":{"poblacion":9722,"dpa_descan":"LIMON INDANZA","dpa_provin":"14","dpa_despro":"MORONA SANTIAGO","dpa_canton":"1403"}},
{"type":"Feature","geometry":{"type":"Polygon","coordinates":[[[-78.8249,-3.8333],[-78.816,-3.8412],[-78.8142,-3.851],[-78.8064,-3.8523],[-78.8017,-3.8633],[-78.7975,-3.8667],[-78.7922,-3.8689],[-78.7795,-3.8698],[-78.7704,-3.8687],[-78.7685,-3.8641],[-78.762,-3.8605],[-78.7588,-3.862],[-78.7217,-3.8617],[-78.6865,-3.8617],[-78.6864,-3.8634],[-78.6787,-3.8633],[-78.6704,-3.8562],[-78.664,-3.8548],[-78.6522,-3.8446],[-78.6442,-3.8515],[-78.635,-3.8619],[-78.6252,-3.8804],[-78.6162,-3.8841],[-78.6111,-3.8786],[-78.6092,-3.8731],[-78.6034,-3.8664],[-78.6005,-3.8664],[-78.5942,-3.861],[-78.591,-3.8552],[-78.5912,-3.8612],[-78.5885,-3.8664],[-78.5827,-3.8596],[-78.5749,-3.8619],[-78.5723,-3.8574],[-78.5671,-3.8546],[-78.5643,-3.8614],[-78.5518,-3.8669],[-78.5483,-3.8719],[-78.5464,-3.885],[-78.5409,-3.8867],[-78.5334,-3.884],[-78.5308,-3.8712],[-78.5214,-3.8685],[-78.4788,-3.8678],[-78.4738,-3.8576],[-78.4734,-3.8535],[-78.4674,-3.8449],[-78.4645,-3.8443],[-78.4594,-3.8338],[-78.4646,-3.8272],[-78.4577,-3.8282],[-78.4467,-3.824],[-78.4404,-3.8196],[-78.4329,-3.8182],[-78.429,-3.8073],[-78.4219,-3.8018],[-78.4117,-3.7887],[-78.4083,-3.7748],[-78.41,-3.77],[-78.4175,-3.767],[-78.4124,-3.7573],[-78.409,-3.7541],[-78.4061,-3.7446],[-78.4093,-3.7386],[-78.4085,-3.735],[-78.4219,-3.7242],[-78.4165,-3.7194],[-78.4177,-3.7162],[-78.4886,-3.7166],[-78.5305,-3.717],[-78.5428,-3.7156],[-78.5466,-3.7168],[-78.5572,-3.7133],[-78.5646,-3.7039],[-78.563,-3.6896],[-78.5806,-3.703],[-78.5995,-3.7097],[-78.6089,-3.7105],[-78.6159,-3.7213],[-78.6175,-3.7196],[-78.641,-3.7191],[-78.6416,-3.7143],[-78.6472,-3.709],[-78.6557,-3.7047],[-78.6552,-3.6959],[-78.657,-3.6939],[-78.6738,-3.6944],[-78.6799,-3.6919],[-78.6897,-3.6928],[-78.6935,-3.6894],[-78.6944,-3.6838],[-78.6901,-3.6771],[-78.6936,-3.6509],[-78.696,-3.6461],[-78.6981,-3.6371],[-78.6965,-3.6317],[-78.6977,-3.623],[-78.6933,-3.6139],[-78.6928,-3.6069],[-78.6892,-3.5966],[-78.6821,-3.5865],[-78.6887,-3.5862],[-78.695,-3.5809],[-78.7056,-3.578],[-78.7149,-3.5711],[-78.7164,-3.565],[-78.7204,-3.5621],[-78.7386,-3.5621],[-78.7448,-3.5659],[-78.7544,-3.5688],[-78.7619,-3.5633],[-78.7677,-3.5613],[-78.7721,-3.5632],[-78.7764,-3.5577],[-78.7865,-3.5505],[-78.789,-3.5421],[-78.796,-3.5458],[-78.8084,-3.5425],[-78.8203,-3.544],[-78.8184,-3.5528],[-78.817,-3.5683],[-78.8252,-3.5891],[-78.8249,-3.5968],[-78.8198,-3.6074],[-78.8243,-3.6138],[-78.8337,-3.6253],[-78.8359,-3.635],[-78.8411,-3.6392],[-78.8509,-3.655],[-78.8507,-3.6581],[-78.8476,-3.6683],[-78.8526,-3.6761],[-78.8497,-3.6901],[-78.8424,-3.6922],[-78.8389,-3.6958],[-78.8319,-3.7173],[-78.8274,-3.7211],[-78.8254,-3.7356],[-78.8289,-3.7491],[-78.8375,-3.7627],[-78.8351,-3.7763],[-78.831,-3.7802],[-78.8337,-3.7877],[-78.832,-3.8055],[-78.8346,-3.8162],[-78.8323,-3.8226],[-78.8249,-3.8333]]]},"properties":{"poblacion":18675,"dpa_descan":"YANTZAZA","dpa_provin":"19","dpa_despro":"ZAMORA CHINCHIPE","dpa_canton":"1905"}},
{"type":"Feature","geometry":{"type":"Polygon","coordinates":[[[-78.6821,-3.5865],[-78.6892,-3.5966],[-78.6928,-3.6069],[-78.6933,-3.6139],[-78.6977,-3.623],[-78.6965,-3.6317],[-78.6981,-3.6371],[-78.696,-3.6461],[-78.6936,-3.6509],[-78.6901,-3.6771],[-78.6944,-3.6838],[-78.6935,-3.6894],[-78.6897,-3.6928],[-78.6799,-3.6919],[-78.6738,-3.6944],[-78.657,-3.6939],[-78.6552,-3.6959],[-78.6557,-3.7047],[-78.6472,-3.709],[-78.6416,-3.7143],[-78.641,-3.7191],[-78.6175,-3.7196],[-78.6159,-3.7213],[-78.6089,-3.7105],[-78.5995,-3.7097],[-78.5806,-3.703],[-78.563,-3.6896],[-78.5646,-3.7039],[-78.5572,-3.7133],[-78.5466,-3.7168],[-78.5428,-3.7156],[-78.5305,-3.717],[-78.4886,-3.7166],[-78.4177,-3.7162],[-78.4183,-3.7054],[-78.4233,-3.7012],[-78.4221,-3.6896],[-78.4158,-3.686],[-78.4122,-3.689],[-78.3999,-3.6902],[-78.393,-3.6782],[-78.3952,-3.6718],[-78.3988,-3.6712],[-78.3957,-3.6643],[-78.3955,-3.6577],[-78.402,-3.6519],[-78.3928,-3.6437],[-78.3871,-3.6412],[-78.3896,-3.6358],[-78.3949,-3.6307],[-78.3976,-3.625],[-78.3956,-3.6168],[-78.3985,-3.6112],[-78.3923,-3.6036],[-78.3965,-3.5957],[-78.3911,-3.587],[-78.3935,-3.5814],[-78.3894,-3.5809],[-78.3872,-3.5684],[-78.3847,-3.5665],[-78.392,-3.5608],[-78.3882,-3.5553],[-78.38,-3.5514],[-78.3763,-3.5434],[-78.3691,-3.5395],[-78.3714,-3.535],[-78.3653,-3.5276],[-78.4511,-3.5283],[-78.5297,-3.5303],[-78.5329,-3.5323],[-78.5343,-3.5393],[-78.5367,-3.5368],[-78.5463,-3.5381],[-78.5492,-3.5424],[-78.5563,-3.5418],[-78.5651,-3.5439],[-78.5686,-3.5483],[-78.5772,-3.5509],[-78.5813,-3.5486],[-78.5847,-3.5522],[-78.5889,-3.5516],[-78.6101,-3.5428],[-78.6166,-3.5373],[-78.6236,-3.5374],[-78.6278,-3.5339],[-78.6389,-3.5388],[-78.6457,-3.5377],[-78.6514,-3.545],[-78.6676,-3.5498],[-78.6713,-3.5602],[-78.6751,-3.5657],[-78.681,-3.5779],[-78.6821,-3.5865]]]},"properties":{"poblacion":8619,"dpa_descan":"EL PANGUI","dpa_provin":"19","dpa_despro":"ZAMORA CHINCHIPE","dpa_canton":"1906"}},
{"type":"Feature","geometry":{"type":"Polygon","coordinates":[[[-78.7904,-3.9683],[-78.7912,-3.9737],[-78.7848,-3.9808],[-78.7824,-3.9921],[-78.772,-3.9997],[-78.7704,-4.0116],[-78.7627,-4.0169],[-78.7679,-4.0272],[-78.7665,-4.0339],[-78.7712,-4.0408],[-78.7694,-4.0454],[-78.7711,-4.0636],[-78.7671,-4.0585],[-78.7607,-4.0591],[-78.7522,-4.0478],[-78.7447,-4.048],[-78.7302,-4.0454],[-78.7277,-4.036],[-78.7186,-4.027],[-78.7186,-4.0219],[-78.7111,-4.0188],[-78.7085,-4.0146],[-78.6865,-4.0003],[-78.6666,-3.9956],[-78.665,-3.9893],[-78.6657,-3.9775],[-78.6704,-3.9862],[-78.6763,-3.9804],[-78.6746,-3.9769],[-78.6745,-3.9677],[-78.6787,-3.964],[-78.6742,-3.9578],[-78.6743,-3.9545],[-78.6793,-3.9536],[-78.6837,-3.9465],[-78.681,-3.9383],[-78.68,-3.9436],[-78.6755,-3.9425],[-78.6749,-3.9383],[-78.6827,-3.9268],[-78.6928,-3.9229],[-78.6908,-3.9169],[-78.6846,-3.9168],[-78.6836,-3.9125],[-78.6864,-3.9041],[-78.6825,-3.899],[-78.678,-3.9003],[-78.6761,-3.8974],[-78.6828,-3.8962],[-78.6876,-3.8885],[-78.6873,-3.8844],[-78.6812,-3.8838],[-78.679,-3.8819],[-78.6817,-3.8742],[-78.6869,-3.8701],[-78.6843,-3.867],[-78.6864,-3.8634],[-78.6865,-3.8617],[-78.7217,-3.8617],[-78.7588,-3.862],[-78.762,-3.8605],[-78.7685,-3.8641],[-78.7704,-3.8687],[-78.7795,-3.8698],[-78.7922,-3.8689],[-78.7975,-3.8667],[-78.8017,-3.8633],[-78.8064,-3.8523],[-78.8142,-3.851],[-78.816,-3.8412],[-78.8249,-3.8333],[-78.84,-3.842],[-78.8415,-3.8523],[-78.8504,-3.8538],[-78.8438,-3.8747],[-78.8386,-3.8781],[-78.8408,-3.8892],[-78.8381,-3.8979],[-78.8307,-3.9067],[-78.8323,-3.9111],[-78.8292,-3.9136],[-78.8166,-3.9115],[-78.8141,-3.9186],[-78.815,-3.9268],[-78.8104,-3.9324],[-78.798,-3.9374],[-78.7948,-3.9426],[-78.787,-3.9429],[-78.7816,-3.9445],[-78.7887,-3.9589],[-78.7904,-3.9683]]]},"properties":{"poblacion":6481,"dpa_descan":"CENTINELA DEL CONDOR","dpa_provin":"19","dpa_despro":"ZAMORA CHINCHIPE","dpa_canton":"1907"}},
{"type":"Feature","geometry":{"type":"Polygon","coordinates":[[[-79.0987,-4.7458],[-79.0937,-4.7543],[-79.0951,-4.756],[-79.0914,-4.7663],[-79.0992,-4.7749],[-79.1035,-4.7821],[-79.1045,-4.7894],[-79.0998,-4.7956],[-79.0928,-4.7964],[-79.0831,-4.7998],[-79.085,-4.8047],[-79.0777,-4.8015],[-79.0739,-4.8021],[-79.0655,-4.7992],[-79.065,-4.7957],[-79.0585,-4.7942],[-79.0494,-4.7836],[-79.0387,-4.7795],[-79.0373,-4.776],[-79.0292,-4.7727],[-79.0179,-4.7648],[-79.0145,-4.7652],[-79.0052,-4.7613],[-78.9947,-4.7542],[-78.9869,-4.7538],[-78.9812,-4.7468],[-78.9641,-4.7467],[-78.9677,-4.767],[-78.9708,-4.7776],[-78.9733,-4.7783],[-78.9779,-4.7934],[-78.9772,-4.8004],[-78.9816,-4.8075],[-78.8922,-4.8093],[-78.8939,-4.8045],[-78.9007,-4.7999],[-78.9029,-4.7952],[-78.9129,-4.7903],[-78.9149,-4.7805],[-78.9102,-4.7794],[-78.9041,-4.7738],[-78.8971,-4.7732],[-78.8888,-4.7613],[-78.891,-4.7569],[-78.8889,-4.7544],[-78.8894,-4.7309],[-78.8915,-4.7297],[-78.8912,-4.7213],[-78.8888,-4.7158],[-78.8831,-4.7124],[-78.8806,-4.7072],[-78.8696,-4.6999],[-78.8629,-4.6901],[-78.8645,-4.6848],[-78.8606,-4.6737],[-78.8566,-4.6713],[-78.8553,-4.6667],[-78.851,-4.6658],[-78.8409,-4.6536],[-78.8318,-4.649],[-78.8216,-4.6472],[-78.878,-4.6465],[-78.89,-4.6391],[-78.8997,-4.624],[-78.8971,-4.6141],[-78.9033,-4.612],[-78.9079,-4.6008],[-78.9138,-4.5969],[-78.9129,-4.5895],[-78.9172,-4.5769],[-78.917,-4.5706],[-78.9238,-4.5574],[-78.9267,-4.5468],[-78.9249,-4.5374],[-78.9266,-4.5315],[-78.9247,-4.5108],[-78.9284,-4.5078],[-78.9308,-4.5013],[-78.9374,-4.4977],[-78.9379,-4.4919],[-78.9421,-4.4865],[-78.9391,-4.4776],[-78.9491,-4.4662],[-78.9497,-4.4595],[-78.9464,-4.4534],[-78.946,-4.4471],[-78.9531,-4.4345],[-78.9478,-4.4246],[-78.9503,-4.4202],[-78.9503,-4.4128],[-78.9426,-4.402],[-78.943,-4.3936],[-78.9399,-4.3878],[-78.9446,-4.3827],[-78.9467,-4.365],[-78.9493,-4.3628],[-78.9501,-4.3515],[-78.9454,-4.3391],[-78.945,-4.3318],[-78.9405,-4.3229],[-78.94,-4.317],[-78.9486,-4.3133],[-78.9539,-4.3051],[-78.9631,-4.2954],[-78.9757,-4.2888],[-78.9819,-4.2903],[-78.9859,-4.2953],[-78.9966,-4.2969],[-79.0097,-4.2874],[-79.0124,-4.2822],[-79.0106,-4.2562],[-79.0205,-4.2585],[-79.034,-4.2363],[-79.0479,-4.2344],[-79.0556,-4.2455],[-79.064,-4.2411],[-79.0661,-4.2452],[-79.0757,-4.2415],[-79.0844,-4.2321],[-79.0898,-4.2298],[-79.0974,-4.2311],[-79.1069,-4.2291],[-79.107,-4.2386],[-79.1055,-4.2568],[-79.1078,-4.2648],[-79.1144,-4.2673],[-79.1121,-4.2769],[-79.1079,-4.282],[-79.1082,-4.2914],[-79.112,-4.2961],[-79.1142,-4.3015],[-79.1205,-4.3076],[-79.1134,-4.3191],[-79.1087,-4.3335],[-79.1145,-4.3413],[-79.1109,-4.3561],[-79.1075,-4.3657],[-79.1111,-4.3748],[-79.1087,-4.3801],[-79.1141,-4.3876],[-79.1104,-4.3935],[-79.112,-4.3953],[-79.1106,-4.4037],[-79.1159,-4.4121],[-79.1182,-4.4236],[-79.1211,-4.4265],[-79.1276,-4.4272],[-79.1421,-4.4335],[-79.145,-4.4453],[-79.148,-4.4485],[-79.1583,-4.4537],[-79.1595,-4.4591],[-79.1677,-4.4747],[-79.1757,-4.4751],[-79.1805,-4.4834],[-79.185,-4.4816],[-79.1885,-4.4746],[-79.1958,-4.4805],[-79.1979,-4.4913],[-79.2027,-4.4959],[-79.2041,-4.502],[-79.2088,-4.5108],[-79.2205,-4.504],[-79.2199,-4.4982],[-79.2253,-4.4925],[-79.2366,-4.4887],[-79.2483,-4.483],[-79.2518,-4.4827],[-79.2606,-4.4879],[-79.2689,-4.4811],[-79.2715,-4.4736],[-79.2825,-4.4747],[-79.2878,-4.479],[-79.2908,-4.4767],[-79.297,-4.4931],[-79.3036,-4.4958],[-79.3029,-4.4991],[-79.3169,-4.5076],[-79.3247,-4.5053],[-79.3251,-4.508],[-79.3275,-4.5092],[-79.3287,-4.5224],[-79.3271,-4.5314],[-79.3365,-4.5466],[-79.3357,-4.5507],[-79.3334,-4.5635],[-79.3282,-4.5668],[-79.3273,-4.5775],[-79.3313,-4.5892],[-79.331,-4.5984],[-79.3333,-4.6058],[-79.3404,-4.6154],[-79.3532,-4.6261],[-79.3536,-4.6357],[-79.3588,-4.6481],[-79.3678,-4.653],[-79.3748,-4.6538],[-79.3801,-4.6589],[-79.3826,-4.6669],[-79.3879,-4.6706],[-79.3955,-4.6822],[-79.3961,-4.6883],[-79.394,-4.6929],[-79.38,-4.7034],[-79.3759,-4.7033],[-79.3644,-4.7081],[-79.3607,-4.7113],[-79.3523,-4.7142],[-79.3478,-4.7179],[-79.3409,-4.7195],[-79.3328,-4.7166],[-79.3267,-4.7164],[-79.325,-4.7214],[-79.3206,-4.7217],[-79.3141,-4.7279],[-79.3009,-4.7301],[-79.298,-4.7332],[-79.2909,-4.735],[-79.2916,-4.724],[-79.2749,-4.7278],[-79.2728,-4.731],[-79.2661,-4.733],[-79.2529,-4.7346],[-79.2514,-4.738],[-79.2435,-4.7409],[-79.2404,-4.738],[-79.2338,-4.7391],[-79.2254,-4.744],[-79.2221,-4.7433],[-79.2119,-4.7463],[-79.2078,-4.7515],[-79.199,-4.7556],[-79.1937,-4.7556],[-79.1809,-4.7609],[-79.1734,-4.7596],[-79.1624,-4.7552],[-79.1586,-4.7486],[-79.1529,-4.749],[-79.1538,-4.7454],[-79.1494,-4.7442],[-79.1474,-4.7362],[-79.1391,-4.7329],[-79.1303,-4.7248],[-79.1262,-4.7182],[-79.1143,-4.727],[-79.114,-4.7358],[-79.1108,-4.7412],[-79.1049,-4.7451],[-79.0987,-4.7458]]]},"properties":{"poblacion":8089,"dpa_descan":"PALANDA","dpa_provin":"19","dpa_despro":"ZAMORA CHINCHIPE","dpa_canton":"1908"}},
{"type":"Feature","geometry":{"type":"Polygon","coordinates":[[[-78.5464,-3.885],[-78.5483,-3.8719],[-78.5518,-3.8669],[-78.5643,-3.8614],[-78.5671,-3.8546],[-78.5723,-3.8574],[-78.5749,-3.8619],[-78.5827,-3.8596],[-78.5885,-3.8664],[-78.5912,-3.8612],[-78.591,-3.8552],[-78.5942,-3.861],[-78.6005,-3.8664],[-78.6034,-3.8664],[-78.6092,-3.8731],[-78.6111,-3.8786],[-78.6162,-3.8841],[-78.6252,-3.8804],[-78.635,-3.8619],[-78.6442,-3.8515],[-78.6522,-3.8446],[-78.664,-3.8548],[-78.6704,-3.8562],[-78.6787,-3.8633],[-78.6864,-3.8634],[-78.6843,-3.867],[-78.6869,-3.8701],[-78.6817,-3.8742],[-78.679,-3.8819],[-78.6812,-3.8838],[-78.6873,-3.8844],[-78.6876,-3.8885],[-78.6828,-3.8962],[-78.6761,-3.8974],[-78.678,-3.9003],[-78.6825,-3.899],[-78.6864,-3.9041],[-78.6836,-3.9125],[-78.6846,-3.9168],[-78.6908,-3.9169],[-78.6928,-3.9229],[-78.6827,-3.9268],[-78.6749,-3.9383],[-78.6755,-3.9425],[-78.68,-3.9436],[-78.681,-3.9383],[-78.6837,-3.9465],[-78.6793,-3.9536],[-78.6743,-3.9545],[-78.6742,-3.9578],[-78.6787,-3.964],[-78.6745,-3.9677],[-78.6746,-3.9769],[-78.6763,-3.9804],[-78.6704,-3.9862],[-78.6657,-3.9775],[-78.665,-3.9893],[-78.6601,-3.9846],[-78.6574,-3.9878],[-78.6617,-3.9994],[-78.658,-3.9974],[-78.6568,-4.0068],[-78.6488,-4.0101],[-78.6486,-4.0185],[-78.6521,-4.0244],[-78.6476,-4.0297],[-78.6496,-4.0375],[-78.6444,-4.0376],[-78.6403,-4.0419],[-78.6363,-4.0397],[-78.6224,-4.0502],[-78.6173,-4.0594],[-78.6053,-4.0619],[-78.6005,-4.0604],[-78.5886,-4.0621],[-78.5738,-4.0687],[-78.5701,-4.0755],[-78.5615,-4.0782],[-78.5548,-4.0782],[-78.5459,-4.0742],[-78.5409,-4.0688],[-78.5477,-4.0639],[-78.5493,-4.0581],[-78.5576,-4.0504],[-78.5626,-4.051],[-78.5683,-4.0466],[-78.5704,-4.0379],[-78.565,-4.0239],[-78.566,-4.0161],[-78.5621,-4.0026],[-78.5661,-3.9982],[-78.5666,-3.9933],[-78.5607,-3.9852],[-78.5512,-3.9785],[-78.549,-3.9749],[-78.5436,-3.9756],[-78.5414,-3.9721],[-78.5427,-3.9651],[-78.5398,-3.9623],[-78.5289,-3.9501],[-78.5284,-3.944],[-78.524,-3.9373],[-78.5188,-3.9377],[-78.5071,-3.934],[-78.5022,-3.935],[-78.495,-3.9333],[-78.4902,-3.9362],[-78.4852,-3.9238],[-78.4783,-3.9124],[-78.4768,-3.9052],[-78.4801,-3.9032],[-78.4797,-3.8976],[-78.4856,-3.896],[-78.4815,-3.8843],[-78.4771,-3.8813],[-78.4797,-3.8756],[-78.4788,-3.8678],[-78.5214,-3.8685],[-78.5308,-3.8712],[-78.5334,-3.884],[-78.5409,-3.8867],[-78.5464,-3.885]]]},"properties":{"poblacion":3854,"dpa_descan":"PAQUISHA","dpa_provin":"19","dpa_despro":"ZAMORA CHINCHIPE","dpa_canton":"1909"}},
{"type":"Feature","geometry":{"type":"MultiPolygon","coordinates":[[[[-89.6127,-0.893],[-89.6093,-0.8996],[-89.613,-0.9025],[-89.6213,-0.9011],[-89.6244,-0.9049],[-89.6283,-0.9176],[-89.6236,-0.9212],[-89.6151,-0.9233],[-89.6078,-0.9333],[-89.6005,-0.9345],[-89.5845,-0.942],[-89.5766,-0.9418],[-89.5715,-0.9474],[-89.5637,-0.9479],[-89.558,-0.9524],[-89.5533,-0.9491],[-89.5476,-0.9523],[-89.5384,-0.9503],[-89.535,-0.9547],[-89.5241,-0.9556],[-89.5181,-0.9537],[-89.5013,-0.9425],[-89.4957,-0.9406],[-89.4877,-0.941],[-89.4834,-0.938],[-89.4741,-0.9363],[-89.4622,-0.9383],[-89.4486,-0.9372],[-89.4443,-0.9341],[-89.4394,-0.9347],[-89.4306,-0.9314],[-89.4294,-0.9268],[-89.4218,-0.9245],[-89.4104,-0.923],[-89.4044,-0.9171],[-89.4002,-0.9155],[-89.3962,-0.9062],[-89.3951,-0.8973],[-89.3903,-0.8924],[-89.3858,-0.8841],[-89.3794,-0.8791],[-89.3759,-0.8726],[-89.3722,-0.8588],[-89.3656,-0.8557],[-89.3619,-0.8505],[-89.363,-0.8405],[-89.3591,-0.8266],[-89.3538,-0.8267],[-89.3511,-0.8203],[-89.3429,-0.8164],[-89.3416,-0.8211],[-89.3385,-0.8186],[-89.3304,-0.819],[-89.3214,-0.8143],[-89.3085,-0.8011],[-89.3068,-0.7905],[-89.2961,-0.7865],[-89.2835,-0.7783],[-89.278,-0.766],[-89.2736,-0.7526],[-89.2696,-0.7522],[-89.2693,-0.7479],[-89.2639,-0.7491],[-89.2555,-0.7437],[-89.2547,-0.734],[-89.2508,-0.729],[-89.2436,-0.7247],[-89.2413,-0.7201],[-89.2418,-0.7134],[-89.2537,-0.7118],[-89.2548,-0.703],[-89.2521,-0.6969],[-89.2597,-0.6925],[-89.2651,-0.6944],[-89.2739,-0.7035],[-89.2814,-0.7067],[-89.2858,-0.7029],[-89.3023,-0.6951],[-89.3053,-0.689],[-89.3152,-0.6901],[-89.317,-0.6925],[-89.3375,-0.6894],[-89.3388,-0.686],[-89.3529,-0.6877],[-89.3592,-0.6898],[-89.3631,-0.6939],[-89.3617,-0.7015],[-89.3658,-0.701],[-89.3673,-0.7046],[-89.3794,-0.711],[-89.3906,-0.7136],[-89.3916,-0.7192],[-89.3972,-0.7203],[-89.4028,-0.7154],[-89.4091,-0.7252],[-89.4217,-0.7268],[-89.423,-0.7323],[-89.4359,-0.7366],[-89.4399,-0.7456],[-89.4472,-0.748],[-89.4558,-0.7567],[-89.4597,-0.7535],[-89.4634,-0.759],[-89.4578,-0.7666],[-89.4593,-0.772],[-89.4652,-0.7729],[-89.4636,-0.7804],[-89.4719,-0.7864],[-89.4693,-0.7933],[-89.4721,-0.7973],[-89.4674,-0.8001],[-89.4852,-0.8178],[-89.4959,-0.8177],[-89.5017,-0.8218],[-89.513,-0.8245],[-89.5233,-0.8254],[-89.5225,-0.8207],[-89.531,-0.8177],[-89.5413,-0.8179],[-89.5417,-0.8286],[-89.5375,-0.8307],[-89.5408,-0.8346],[-89.5381,-0.8377],[-89.5429,-0.8467],[-89.5497,-0.8472],[-89.5552,-0.8512],[-89.5577,-0.8563],[-89.5676,-0.859],[-89.5727,-0.8628],[-89.5735,-0.8668],[-89.5809,-0.8706],[-89.5821,-0.8737],[-89.5935,-0.8774],[-89.5981,-0.8827],[-89.6033,-0.8832],[-89.6064,-0.888],[-89.6114,-0.8877],[-89.6127,-0.893]]],[[[-89.6664,-1.3455],[-89.6757,-1.3492],[-89.6815,-1.3462],[-89.6878,-1.35],[-89.6927,-1.3462],[-89.7035,-1.3514],[-89.7117,-1.3509],[-89.7189,-1.3539],[-89.7253,-1.3598],[-89.7333,-1.3597],[-89.7386,-1.3698],[-89.746,-1.3691],[-89.7446,-1.3752],[-89.7396,-1.3744],[-89.7338,-1.3807],[-89.7231,-1.3834],[-89.7042,-1.3955],[-89.6893,-1.3953],[-89.6856,-1.404],[-89.6818,-1.4013],[-89.6717,-1.4052],[-89.6439,-1.4063],[-89.6385,-1.4074],[-89.6373,-1.4112],[-89.6277,-1.4079],[-89.6285,-1.3986],[-89.6237,-1.3931],[-89.6182,-1.3944],[-89.6202,-1.3874],[-89.6265,-1.3854],[-89.6262,-1.3766],[-89.6307,-1.3758],[-89.6317,-1.3676],[-89.6373,-1.3649],[-89.6407,-1.3664],[-89.6485,-1.3568],[-89.6597,-1.3541],[-89.6619,-1.3478],[-89.6664,-1.3455]]],[[[-90.3739,-1.254],[-90.3803,-1.2488],[-90.389,-1.2454],[-90.3943,-1.2462],[-90.4029,-1.2395],[-90.4217,-1.2323],[-90.4236,-1.2276],[-90.4202,-1.2243],[-90.4257,-1.2204],[-90.4276,-1.2254],[-90.4394,-1.2269],[-90.4545,-1.2399],[-90.4628,-1.2386],[-90.4674,-1.2304],[-90.4784,-1.2333],[-90.4803,-1.245],[-90.4874,-1.2523],[-90.4891,-1.2604],[-90.487,-1.2657],[-90.4884,-1.2719],[-90.484,-1.2747],[-90.4882,-1.2773],[-90.4889,-1.282],[-90.4957,-1.289],[-90.4944,-1.2962],[-90.5019,-1.3],[-90.503,-1.3067],[-90.5074,-1.3132],[-90.5111,-1.3153],[-90.5083,-1.3242],[-90.504,-1.3293],[-90.4983,-1.3313],[-90.4979,-1.3369],[-90.4895,-1.3426],[-90.4675,-1.3491],[-90.4668,-1.352],[-90.4533,-1.3594],[-90.443,-1.358],[-90.4332,-1.3598],[-90.4246,-1.3568],[-90.413,-1.3473],[-90.4064,-1.3441],[-90.3993,-1.3437],[-90.3977,-1.3399],[-90.3871,-1.3324],[-90.3827,-1.3213],[-90.38,-1.3197],[-90.3812,-1.3131],[-90.3669,-1.3001],[-90.3611,-1.2923],[-90.3607,-1.2858],[-90.3566,-1.2775],[-90.3528,-1.2749],[-90.3591,-1.2627],[-90.3715,-1.2589],[-90.3739,-1.254]]],[[[-90.0868,-0.7988],[-90.0883,-0.8014],[-90.0829,-0.8099],[-90.0888,-0.8152],[-90.0915,-0.8205],[-90.088,-0.8286],[-90.0742,-0.8319],[-90.0689,-0.835],[-90.0555,-0.8384],[-90.0531,-0.8369],[-90.047,-0.8398],[-90.0434,-0.8375],[-90.0363,-0.8392],[-90.0306,-0.8378],[-90.0276,-0.827],[-90.0324,-0.8229],[-90.0305,-0.8142],[-90.0448,-0.7994],[-90.0611,-0.799],[-90.0674,-0.8],[-90.0868,-0.7988]]],[[[-89.9542,0.3466],[-89.9621,0.3407],[-89.9718,0.3384],[-89.9764,0.3294],[-89.978,0.317],[-89.974,0.3102],[-89.9633,0.3076],[-89.9637,0.3135],[-89.9577,0.3178],[-89.9486,0.3185],[-89.9452,0.3132],[-89.9454,0.3066],[-89.9536,0.3008],[-89.9452,0.3007],[-89.9432,0.3094],[-89.937,0.317],[-89.9359,0.3224],[-89.9395,0.3349],[-89.9455,0.3432],[-89.9542,0.3466]]]]},"properties":{"poblacion":7475,"dpa_descan":"SAN CRISTOBAL","dpa_provin":"20","dpa_despro":"GALAPAGOS","dpa_canton":"2001"}},
{"type":"Feature","geometry":{"type":"MultiPolygon","coordinates":[[[[-91.4582,-0.2613],[-91.47,-0.2629],[-91.4786,-0.2624],[-91.4871,-0.2646],[-91.5014,-0.2777],[-91.5089,-0.282],[-91.5331,-0.2839],[-91.5421,-0.2884],[-91.5478,-0.2935],[-91.562,-0.2969],[-91.5918,-0.2982],[-91.6004,-0.2965],[-91.6158,-0.2981],[-91.6179,-0.2961],[-91.6299,-0.3003],[-91.638,-0.2987],[-91.6563,-0.3042],[-91.6613,-0.312],[-91.6619,-0.3221],[-91.6574,-0.3359],[-91.6534,-0.3398],[-91.652,-0.3498],[-91.6523,-0.3893],[-91.6477,-0.4029],[-91.6477,-0.4084],[-91.6424,-0.4134],[-91.6405,-0.4196],[-91.6328,-0.4286],[-91.626,-0.4509],[-91.6203,-0.4556],[-91.6105,-0.47],[-91.6129,-0.4723],[-91.6092,-0.4812],[-91.6032,-0.4826],[-91.6005,-0.4865],[-91.5827,-0.4872],[-91.576,-0.49],[-91.5577,-0.4899],[-91.5493,-0.4928],[-91.5382,-0.4942],[-91.5346,-0.4979],[-91.5266,-0.5],[-91.521,-0.4993],[-91.5188,-0.5034],[-91.5053,-0.5066],[-91.4948,-0.5064],[-91.4916,-0.5023],[-91.4745,-0.5014],[-91.454,-0.4967],[-91.4451,-0.4957],[-91.4436,-0.4935],[-91.4303,-0.4953],[-91.4246,-0.4928],[-91.4238,-0.4895],[-91.4176,-0.4875],[-91.4162,-0.4831],[-91.4013,-0.4738],[-91.3975,-0.4637],[-91.3936,-0.4627],[-91.3915,-0.4572],[-91.3869,-0.4555],[-91.3902,-0.4396],[-91.3891,-0.436],[-91.3934,-0.4345],[-91.3915,-0.4243],[-91.387,-0.4231],[-91.3843,-0.4164],[-91.3843,-0.4089],[-91.3817,-0.3979],[-91.3772,-0.3951],[-91.3784,-0.3846],[-91.3826,-0.379],[-91.3794,-0.3639],[-91.3812,-0.3561],[-91.3809,-0.3476],[-91.3868,-0.3451],[-91.3845,-0.3377],[-91.3855,-0.3342],[-91.3928,-0.3307],[-91.3933,-0.3221],[-91.3967,-0.3178],[-91.4032,-0.3039],[-91.4078,-0.3003],[-91.4057,-0.2975],[-91.4147,-0.2859],[-91.4177,-0.2866],[-91.4267,-0.279],[-91.4259,-0.2771],[-91.4369,-0.2742],[-91.4395,-0.2767],[-91.4455,-0.2722],[-91.444,-0.2631],[-91.4524,-0.2645],[-91.4582,-0.2613]]],[[[-90.9731,-0.9565],[-90.9636,-0.959],[-90.9583,-0.962],[-90.9495,-0.9597],[-90.9496,-0.9622],[-90.9416,-0.9652],[-90.9344,-0.9616],[-90.9301,-0.962],[-90.9228,-0.9582],[-90.9061,-0.9541],[-90.8991,-0.9454],[-90.8981,-0.9389],[-90.8887,-0.9293],[-90.8877,-0.919],[-90.8831,-0.9149],[-90.8753,-0.917],[-90.8675,-0.9164],[-90.8586,-0.918],[-90.8492,-0.9144],[-90.8465,-0.91],[-90.8492,-0.8906],[-90.8517,-0.886],[-90.8509,-0.8812],[-90.8443,-0.8779],[-90.8459,-0.8643],[-90.8403,-0.8609],[-90.8381,-0.8404],[-90.84,-0.8351],[-90.8333,-0.8332],[-90.8295,-0.8293],[-90.8307,-0.8233],[-90.8267,-0.8132],[-90.8272,-0.8055],[-90.8222,-0.7886],[-90.8162,-0.7895],[-90.8113,-0.787],[-90.7981,-0.7853],[-90.7918,-0.77],[-90.788,-0.7729],[-90.781,-0.7652],[-90.7814,-0.7567],[-90.7867,-0.7491],[-90.7852,-0.7425],[-90.7916,-0.74],[-90.7979,-0.7438],[-90.8052,-0.7398],[-90.813,-0.7392],[-90.8136,-0.7349],[-90.8049,-0.7327],[-90.8066,-0.724],[-90.8128,-0.7273],[-90.8202,-0.7264],[-90.8219,-0.7236],[-90.8288,-0.7267],[-90.8297,-0.7168],[-90.8224,-0.7161],[-90.8263,-0.711],[-90.8269,-0.7055],[-90.8334,-0.7052],[-90.8371,-0.7026],[-90.8408,-0.7067],[-90.8467,-0.7085],[-90.8468,-0.7056],[-90.8543,-0.7014],[-90.8474,-0.6916],[-90.8407,-0.6872],[-90.8401,-0.6837],[-90.8491,-0.6844],[-90.8502,-0.6772],[-90.8596,-0.6736],[-90.8602,-0.6666],[-90.8555,-0.6609],[-90.8625,-0.656],[-90.8618,-0.6526],[-90.8683,-0.6528],[-90.865,-0.6477],[-90.8688,-0.6468],[-90.8716,-0.6509],[-90.8747,-0.6466],[-90.8825,-0.6432],[-90.8802,-0.6347],[-90.8834,-0.6259],[-90.8927,-0.6235],[-90.8913,-0.6168],[-90.8941,-0.6071],[-90.9023,-0.6133],[-90.9065,-0.6139],[-90.921,-0.6247],[-90.9292,-0.6237],[-90.9334,-0.6262],[-90.9408,-0.6213],[-90.9424,-0.6148],[-90.9493,-0.6198],[-90.9565,-0.6111],[-90.9543,-0.6072],[-90.9604,-0.603],[-90.9562,-0.5967],[-90.9558,-0.5903],[-90.952,-0.5818],[-90.9592,-0.5735],[-90.9721,-0.5736],[-90.9789,-0.5782],[-90.969,-0.5675],[-90.9668,-0.5623],[-90.9621,-0.564],[-90.9601,-0.5603],[-90.9559,-0.5611],[-90.953,-0.5498],[-90.9499,-0.547],[-90.9489,-0.5402],[-90.951,-0.536],[-90.9481,-0.5308],[-90.9502,-0.5272],[-90.9486,-0.5167],[-90.9533,-0.5141],[-90.9468,-0.5114],[-90.942,-0.5025],[-90.9468,-0.4918],[-90.942,-0.4822],[-90.9443,-0.4774],[-90.9419,-0.4747],[-90.9453,-0.4599],[-90.9536,-0.4547],[-90.9561,-0.4513],[-90.9515,-0.4433],[-90.9548,-0.4346],[-90.9496,-0.4331],[-90.9479,-0.4274],[-90.9524,-0.4217],[-90.9595,-0.4247],[-90.9634,-0.429],[-90.97,-0.4219],[-90.9695,-0.4181],[-90.9758,-0.4126],[-90.9815,-0.4106],[-90.9876,-0.4031],[-90.987,-0.3992],[-90.9907,-0.3936],[-90.9958,-0.3914],[-91.0003,-0.3809],[-91.0064,-0.3781],[-91.0224,-0.3635],[-91.0265,-0.3584],[-91.0363,-0.3514],[-91.0425,-0.3447],[-91.0511,-0.3436],[-91.0625,-0.3366],[-91.064,-0.3332],[-91.0704,-0.3314],[-91.0753,-0.3265],[-91.0841,-0.3208],[-91.0949,-0.317],[-91.1109,-0.3056],[-91.0978,-0.3054],[-91.1002,-0.2976],[-91.1104,-0.2947],[-91.11,-0.2827],[-91.1148,-0.2812],[-91.1148,-0.2759],[-91.1215,-0.2687],[-91.1357,-0.2623],[-91.1414,-0.2552],[-91.1494,-0.2503],[-91.155,-0.2441],[-91.1573,-0.2375],[-91.1643,-0.2323],[-91.1677,-0.2261],[-91.1764,-0.2205],[-91.1845,-0.2006],[-91.1841,-0.1899],[-91.1871,-0.1842],[-91.189,-0.1723],[-91.1893,-0.1584],[-91.1915,-0.1555],[-91.1919,-0.148],[-91.1886,-0.1405],[-91.19,-0.1305],[-91.1858,-0.1224],[-91.1886,-0.1188],[-91.1849,-0.1084],[-91.1859,-0.0816],[-91.1888,-0.0781],[-91.1883,-0.0666],[-91.1948,-0.0506],[-91.1937,-0.0429],[-91.1969,-0.0338],[-91.1983,-0.0216],[-91.2058,-0.0174],[-91.2072,-0.0202],[-91.214,-0.0173],[-91.2168,-0.0048],[-91.2253,0.0036],[-91.2373,0.0064],[-91.2401,0.016],[-91.249,0.0252],[-91.2561,0.0257],[-91.2572,0.0303],[-91.2673,0.0409],[-91.2737,0.044],[-91.276,0.0523],[-91.2833,0.0607],[-91.2891,0.0619],[-91.2865,0.0654],[-91.2934,0.0752],[-91.2938,0.0853],[-91.2982,0.0866],[-91.297,0.0929],[-91.3039,0.1044],[-91.3019,0.1102],[-91.311,0.1338],[-91.3197,0.1385],[-91.3252,0.1375],[-91.3286,0.1421],[-91.3298,0.1488],[-91.3365,0.1547],[-91.3365,0.1599],[-91.3418,0.1613],[-91.3401,0.1641],[-91.3476,0.162],[-91.3525,0.1579],[-91.3575,0.162],[-91.3629,0.1614],[-91.3669,0.1493],[-91.3768,0.1431],[-91.3788,0.1356],[-91.3859,0.134],[-91.3875,0.1266],[-91.3911,0.1244],[-91.3977,0.1265],[-91.4021,0.1223],[-91.4165,0.12],[-91.4268,0.116],[-91.4303,0.1116],[-91.44,0.109],[-91.4513,0.1087],[-91.4545,0.1112],[-91.4577,0.1085],[-91.4705,0.1064],[-91.4745,0.1076],[-91.483,0.1012],[-91.4907,0.0987],[-91.492,0.0882],[-91.495,0.0856],[-91.4914,0.0815],[-91.4988,0.0735],[-91.4991,0.0654],[-91.5047,0.0646],[-91.5093,0.0592],[-91.5084,0.0527],[-91.5169,0.0464],[-91.5216,0.0376],[-91.5266,0.0358],[-91.5312,0.0304],[-91.5475,0.025],[-91.5543,0.0188],[-91.5631,0.0191],[-91.5651,0.0157],[-91.571,0.0155],[-91.5756,0.0088],[-91.5876,0.0063],[-91.5928,-0.0046],[-91.5944,-0.0115],[-91.5747,-0.03],[-91.5708,-0.0381],[-91.5682,-0.0478],[-91.5617,-0.0538],[-91.5573,-0.0482],[-91.5491,-0.0509],[-91.5445,-0.045],[-91.5381,-0.0433],[-91.5344,-0.0395],[-91.5242,-0.0403],[-91.5155,-0.0383],[-91.4992,-0.0293],[-91.4923,-0.0271],[-91.4868,-0.0217],[-91.4782,-0.0168],[-91.4676,-0.0149],[-91.4522,-0.0146],[-91.4482,-0.0172],[-91.4364,-0.0181],[-91.4188,-0.0306],[-91.419,-0.0346],[-91.4118,-0.0407],[-91.4088,-0.0536],[-91.4049,-0.0643],[-91.4088,-0.0663],[-91.4045,-0.1017],[-91.4066,-0.1065],[-91.4028,-0.1175],[-91.4067,-0.1345],[-91.4038,-0.155],[-91.4036,-0.166],[-91.3976,-0.1714],[-91.3936,-0.1823],[-91.3856,-0.1912],[-91.3832,-0.1964],[-91.3827,-0.2078],[-91.3913,-0.2068],[-91.3909,-0.2141],[-91.3933,-0.2241],[-91.3894,-0.2424],[-91.3868,-0.245],[-91.3879,-0.254],[-91.3858,-0.2607],[-91.381,-0.2678],[-91.376,-0.2656],[-91.3718,-0.2594],[-91.3691,-0.2612],[-91.3711,-0.2664],[-91.366,-0.2735],[-91.3648,-0.2846],[-91.3626,-0.291],[-91.3572,-0.2939],[-91.3585,-0.3012],[-91.3538,-0.3046],[-91.3519,-0.3122],[-91.3481,-0.3135],[-91.3465,-0.3192],[-91.3379,-0.3243],[-91.3365,-0.3303],[-91.3321,-0.3352],[-91.325,-0.3373],[-91.3227,-0.3414],[-91.3126,-0.3452],[-91.3101,-0.3442],[-91.3034,-0.348],[-91.2959,-0.3484],[-91.2874,-0.3546],[-91.285,-0.3523],[-91.2799,-0.3622],[-91.2699,-0.3708],[-91.2664,-0.3785],[-91.2642,-0.377],[-91.261,-0.3837],[-91.251,-0.3818],[-91.2445,-0.3872],[-91.239,-0.3883],[-91.2404,-0.3938],[-91.2362,-0.3966],[-91.2258,-0.3924],[-91.2235,-0.3978],[-91.2273,-0.413],[-91.2259,-0.4189],[-91.2278,-0.4264],[-91.2257,-0.4446],[-91.228,-0.4534],[-91.2235,-0.4645],[-91.2243,-0.4686],[-91.2205,-0.4774],[-91.2136,-0.4846],[-91.2131,-0.4877],[-91.2034,-0.4939],[-91.1973,-0.4996],[-91.1913,-0.5018],[-91.181,-0.5108],[-91.1751,-0.5117],[-91.1664,-0.5202],[-91.1625,-0.5267],[-91.1566,-0.5311],[-91.1545,-0.5353],[-91.1409,-0.5484],[-91.1384,-0.5478],[-91.1314,-0.5563],[-91.1126,-0.5676],[-91.1068,-0.5679],[-91.1012,-0.5712],[-91.1017,-0.5748],[-91.0976,-0.5773],[-91.0983,-0.5821],[-91.096,-0.5884],[-91.089,-0.5845],[-91.0845,-0.5882],[-91.0825,-0.5949],[-91.0724,-0.5965],[-91.0803,-0.6001],[-91.0811,-0.6045],[-91.0728,-0.6111],[-91.0736,-0.617],[-91.0808,-0.6197],[-91.0834,-0.6252],[-91.0896,-0.6292],[-91.088,-0.6342],[-91.0946,-0.6411],[-91.1025,-0.6415],[-91.1091,-0.6354],[-91.1166,-0.6386],[-91.1218,-0.6516],[-91.1314,-0.6541],[-91.132,-0.6524],[-91.1423,-0.6542],[-91.1463,-0.6611],[-91.1413,-0.6666],[-91.1463,-0.6695],[-91.1523,-0.676],[-91.1646,-0.6783],[-91.1696,-0.6879],[-91.1771,-0.686],[-91.1842,-0.6899],[-91.1889,-0.6797],[-91.2005,-0.679],[-91.2028,-0.6754],[-91.2095,-0.675],[-91.2115,-0.6678],[-91.2189,-0.6666],[-91.2233,-0.6714],[-91.2304,-0.6705],[-91.2448,-0.6744],[-91.2496,-0.6806],[-91.2492,-0.6868],[-91.255,-0.6903],[-91.2567,-0.6878],[-91.2652,-0.6874],[-91.2687,-0.6918],[-91.2739,-0.693],[-91.2855,-0.6924],[-91.2894,-0.6906],[-91.3008,-0.6945],[-91.3112,-0.6911],[-91.313,-0.6932],[-91.3201,-0.6906],[-91.3242,-0.6969],[-91.3296,-0.7007],[-91.3271,-0.7113],[-91.3307,-0.7162],[-91.3339,-0.7148],[-91.3434,-0.7224],[-91.3468,-0.7232],[-91.3533,-0.7336],[-91.3577,-0.738],[-91.3675,-0.7416],[-91.3695,-0.752],[-91.3742,-0.7557],[-91.3774,-0.754],[-91.3844,-0.7627],[-91.4079,-0.7691],[-91.4095,-0.7765],[-91.419,-0.7837],[-91.4221,-0.7819],[-91.4251,-0.7859],[-91.4328,-0.7869],[-91.435,-0.7915],[-91.4332,-0.795],[-91.4388,-0.7993],[-91.4395,-0.8039],[-91.4444,-0.8068],[-91.4542,-0.8204],[-91.4707,-0.8315],[-91.4731,-0.8363],[-91.4811,-0.8441],[-91.4858,-0.8454],[-91.4933,-0.856],[-91.4997,-0.8625],[-91.5,-0.8689],[-91.5032,-0.8706],[-91.5094,-0.8815],[-91.5113,-0.8895],[-91.5095,-0.8916],[-91.5121,-0.8998],[-91.5117,-0.9062],[-91.5015,-0.9254],[-91.4936,-0.9303],[-91.4853,-0.9398],[-91.4705,-0.9471],[-91.4537,-0.9494],[-91.4465,-0.9571],[-91.4456,-0.9731],[-91.4437,-0.9751],[-91.4488,-0.9821],[-91.4405,-0.9998],[-91.4305,-1.0045],[-91.4224,-1.006],[-91.4184,-1.0113],[-91.4068,-1.0112],[-91.402,-1.0174],[-91.3981,-1.0173],[-91.3906,-1.0213],[-91.3802,-1.0224],[-91.37,-1.019],[-91.3592,-1.0181],[-91.3484,-1.0146],[-91.3392,-1.0179],[-91.3288,-1.0155],[-91.3241,-1.0172],[-91.3181,-1.0153],[-91.292,-1.0191],[-91.2858,-1.0221],[-91.2811,-1.0208],[-91.2687,-1.0254],[-91.2622,-1.0239],[-91.2555,-1.0279],[-91.2488,-1.0263],[-91.2449,-1.0298],[-91.236,-1.0331],[-91.2284,-1.0291],[-91.2225,-1.0314],[-91.2243,-1.0349],[-91.2145,-1.0452],[-91.2038,-1.0461],[-91.1997,-1.0441],[-91.1817,-1.0449],[-91.177,-1.0521],[-91.1706,-1.0546],[-91.1647,-1.0523],[-91.1608,-1.0436],[-91.1645,-1.0355],[-91.158,-1.0372],[-91.1474,-1.0324],[-91.1393,-1.0321],[-91.1374,-1.0276],[-91.1402,-1.0249],[-91.1359,-1.0213],[-91.13,-1.0249],[-91.1262,-1.0236],[-91.1229,-1.0181],[-91.1164,-1.0189],[-91.111,-1.0136],[-91.0995,-1.0136],[-91.0964,-1.0082],[-91.0941,-1.0101],[-91.0815,-1.0058],[-91.0728,-1.0049],[-91.0617,-1.0125],[-91.0626,-1.0055],[-91.0609,-1.0013],[-91.053,-0.9982],[-91.0392,-0.9964],[-91.0399,-0.9925],[-91.0322,-0.9893],[-91.0298,-0.9905],[-91.0174,-0.9885],[-91.0139,-0.9825],[-91.0071,-0.9795],[-91.0055,-0.9737],[-90.9974,-0.971],[-90.9973,-0.9651],[-90.9917,-0.9593],[-90.9892,-0.9619],[-90.9855,-0.9568],[-90.977,-0.9582],[-90.9731,-0.9565]]]]},"properties":{"poblacion":2256,"dpa_descan":"ISABELA","dpa_provin":"20","dpa_despro":"GALAPAGOS","dpa_canton":"2002"}},
{"type":"Feature","geometry":{"type":"MultiPolygon","coordinates":[[[[-90.3134,-0.7484],[-90.312,-0.7438],[-90.3078,-0.7427],[-90.2969,-0.7461],[-90.2856,-0.7467],[-90.2702,-0.7456],[-90.2576,-0.7476],[-90.2512,-0.7458],[-90.2483,-0.7484],[-90.2412,-0.746],[-90.2348,-0.7406],[-90.2327,-0.7292],[-90.2321,-0.7158],[-90.2262,-0.7128],[-90.2259,-0.7072],[-90.221,-0.7068],[-90.2215,-0.7012],[-90.2255,-0.7016],[-90.2213,-0.6948],[-90.214,-0.6965],[-90.2127,-0.701],[-90.2062,-0.7037],[-90.2017,-0.6973],[-90.1988,-0.6988],[-90.1918,-0.6872],[-90.1976,-0.6842],[-90.1916,-0.6807],[-90.1853,-0.6741],[-90.1827,-0.675],[-90.1768,-0.6661],[-90.1796,-0.6661],[-90.1831,-0.6588],[-90.1866,-0.6602],[-90.187,-0.6533],[-90.1803,-0.6442],[-90.1771,-0.6313],[-90.1817,-0.6101],[-90.1841,-0.608],[-90.1796,-0.5968],[-90.1751,-0.5936],[-90.1758,-0.5903],[-90.1721,-0.585],[-90.1724,-0.5777],[-90.1693,-0.5723],[-90.1827,-0.559],[-90.1915,-0.5556],[-90.1989,-0.5505],[-90.1995,-0.5472],[-90.2126,-0.5427],[-90.2224,-0.5376],[-90.2363,-0.523],[-90.2382,-0.5134],[-90.2425,-0.5069],[-90.2436,-0.4992],[-90.2464,-0.4979],[-90.251,-0.4816],[-90.2659,-0.4894],[-90.2729,-0.4895],[-90.2735,-0.4872],[-90.2842,-0.4885],[-90.2902,-0.4954],[-90.2974,-0.4966],[-90.305,-0.4912],[-90.3125,-0.494],[-90.3147,-0.4969],[-90.3249,-0.4947],[-90.3252,-0.5037],[-90.3298,-0.5035],[-90.3265,-0.4955],[-90.3359,-0.4959],[-90.3363,-0.4911],[-90.3393,-0.4937],[-90.3484,-0.496],[-90.3506,-0.4934],[-90.362,-0.4955],[-90.362,-0.5059],[-90.3583,-0.5096],[-90.363,-0.5153],[-90.3708,-0.5143],[-90.3726,-0.5089],[-90.3796,-0.5097],[-90.381,-0.5124],[-90.3915,-0.512],[-90.3943,-0.5082],[-90.4055,-0.504],[-90.4162,-0.5044],[-90.4158,-0.5072],[-90.4281,-0.5122],[-90.4426,-0.5108],[-90.4552,-0.5116],[-90.4603,-0.5166],[-90.4647,-0.5169],[-90.4699,-0.5215],[-90.4733,-0.5208],[-90.476,-0.5147],[-90.4792,-0.5178],[-90.4741,-0.5202],[-90.4845,-0.5224],[-90.491,-0.5296],[-90.4985,-0.5324],[-90.5065,-0.5308],[-90.5154,-0.5348],[-90.5149,-0.5398],[-90.5116,-0.542],[-90.5173,-0.5558],[-90.5264,-0.5577],[-90.5365,-0.5664],[-90.5342,-0.5689],[-90.537,-0.5729],[-90.5309,-0.5802],[-90.5386,-0.5954],[-90.5412,-0.5974],[-90.5375,-0.6016],[-90.5383,-0.6059],[-90.5433,-0.6102],[-90.5438,-0.6154],[-90.5494,-0.6241],[-90.5491,-0.6281],[-90.5438,-0.6361],[-90.5461,-0.6533],[-90.5414,-0.6564],[-90.5411,-0.6636],[-90.5366,-0.6715],[-90.5361,-0.6778],[-90.5419,-0.6819],[-90.5348,-0.6879],[-90.5376,-0.6902],[-90.5361,-0.6957],[-90.5259,-0.7022],[-90.5234,-0.7059],[-90.5182,-0.7058],[-90.5158,-0.7089],[-90.5009,-0.7087],[-90.4905,-0.7165],[-90.484,-0.7159],[-90.4846,-0.7236],[-90.4787,-0.7212],[-90.4738,-0.7235],[-90.4684,-0.7218],[-90.4632,-0.7322],[-90.4573,-0.7342],[-90.4481,-0.7487],[-90.4441,-0.7469],[-90.431,-0.753],[-90.4218,-0.7551],[-90.4225,-0.7588],[-90.4181,-0.7577],[-90.4121,-0.7622],[-90.4064,-0.7713],[-90.3993,-0.7704],[-90.3977,-0.7735],[-90.391,-0.77],[-90.3844,-0.7694],[-90.3745,-0.7638],[-90.3748,-0.7673],[-90.3669,-0.7703],[-90.3667,-0.7735],[-90.3591,-0.7752],[-90.3523,-0.7706],[-90.3549,-0.7647],[-90.3406,-0.7642],[-90.3308,-0.7613],[-90.3273,-0.7639],[-90.322,-0.7633],[-90.3135,-0.7676],[-90.3046,-0.7618],[-90.3127,-0.7591],[-90.3135,-0.7549],[-90.3122,-0.7496],[-90.3134,-0.7484]]],[[[-90.7052,-0.3983],[-90.7126,-0.4006],[-90.7126,-0.4058],[-90.7206,-0.4113],[-90.7208,-0.4173],[-90.715,-0.4257],[-90.711,-0.4245],[-90.706,-0.4275],[-90.7062,-0.4223],[-90.6984,-0.4165],[-90.6984,-0.4098],[-90.702,-0.4044],[-90.7071,-0.4018],[-90.7052,-0.3983]]],[[[-90.7901,-0.1462],[-90.7997,-0.1503],[-90.8063,-0.1502],[-90.8174,-0.157],[-90.8211,-0.1636],[-90.8299,-0.1729],[-90.8326,-0.1724],[-90.8382,-0.1775],[-90.834,-0.1856],[-90.834,-0.1934],[-90.8287,-0.1996],[-90.8312,-0.2086],[-90.836,-0.2151],[-90.8454,-0.2216],[-90.8469,-0.2307],[-90.8539,-0.2409],[-90.8578,-0.2433],[-90.8628,-0.2409],[-90.868,-0.2429],[-90.8697,-0.2494],[-90.8671,-0.2574],[-90.8721,-0.265],[-90.8689,-0.2708],[-90.8578,-0.2755],[-90.8479,-0.2752],[-90.8439,-0.2813],[-90.8459,-0.2898],[-90.8388,-0.2922],[-90.8338,-0.2963],[-90.8344,-0.3061],[-90.8321,-0.3148],[-90.8336,-0.3243],[-90.832,-0.3312],[-90.8208,-0.3266],[-90.8157,-0.3318],[-90.8114,-0.3304],[-90.8028,-0.3352],[-90.797,-0.328],[-90.7897,-0.3298],[-90.7854,-0.3373],[-90.7812,-0.3388],[-90.772,-0.3344],[-90.7669,-0.344],[-90.7619,-0.3477],[-90.7487,-0.3535],[-90.7412,-0.3604],[-90.7331,-0.3606],[-90.7239,-0.355],[-90.7206,-0.3582],[-90.7107,-0.3586],[-90.7029,-0.3524],[-90.6953,-0.3575],[-90.6893,-0.3529],[-90.6768,-0.3523],[-90.6738,-0.354],[-90.6709,-0.3468],[-90.6681,-0.3544],[-90.6619,-0.3574],[-90.6573,-0.3556],[-90.6541,-0.3635],[-90.6491,-0.362],[-90.6394,-0.3656],[-90.6378,-0.3644],[-90.6313,-0.37],[-90.6225,-0.3678],[-90.6094,-0.3721],[-90.6051,-0.375],[-90.5994,-0.3753],[-90.5917,-0.3707],[-90.5878,-0.371],[-90.5862,-0.3667],[-90.5782,-0.3628],[-90.5756,-0.354],[-90.5767,-0.3483],[-90.5723,-0.3475],[-90.5704,-0.337],[-90.5661,-0.3351],[-90.5685,-0.331],[-90.5626,-0.3242],[-90.5503,-0.3211],[-90.546,-0.3185],[-90.5483,-0.3042],[-90.5593,-0.293],[-90.566,-0.2893],[-90.5639,-0.2849],[-90.5739,-0.2809],[-90.5741,-0.273],[-90.5721,-0.2701],[-90.5763,-0.2616],[-90.5767,-0.2558],[-90.5804,-0.2535],[-90.5785,-0.2461],[-90.5879,-0.232],[-90.5942,-0.2277],[-90.5968,-0.2287],[-90.6,-0.2235],[-90.605,-0.2241],[-90.6038,-0.2183],[-90.6195,-0.2134],[-90.6266,-0.2065],[-90.6325,-0.2069],[-90.6406,-0.2031],[-90.6455,-0.203],[-90.6467,-0.1949],[-90.6518,-0.197],[-90.6642,-0.1939],[-90.6658,-0.1968],[-90.675,-0.1959],[-90.6765,-0.1891],[-90.6878,-0.1865],[-90.6926,-0.1895],[-90.6972,-0.1887],[-90.7016,-0.1838],[-90.6989,-0.1816],[-90.7044,-0.1715],[-90.71,-0.1695],[-90.7237,-0.1695],[-90.728,-0.1664],[-90.7348,-0.1659],[-90.7416,-0.1617],[-90.7447,-0.1547],[-90.7497,-0.1504],[-90.7542,-0.1511],[-90.7714,-0.1501],[-90.7791,-0.1485],[-90.7812,-0.146],[-90.7901,-0.1462]]],[[[-90.5081,-0.1452],[-90.4992,-0.1342],[-90.4992,-0.1193],[-90.519,-0.1313],[-90.519,-0.1382],[-90.514,-0.1462],[-90.5081,-0.1452]]],[[[-90.4788,0.3871],[-90.4971,0.3856],[-90.508,0.3805],[-90.5239,0.3696],[-90.5273,0.3707],[-90.5356,0.3624],[-90.5412,0.3529],[-90.5425,0.3457],[-90.5403,0.3367],[-90.5414,0.331],[-90.5382,0.3235],[-90.539,0.3145],[-90.524,0.3078],[-90.5219,0.3036],[-90.5172,0.3042],[-90.5078,0.3007],[-90.5078,0.2956],[-90.5027,0.2881],[-90.4859,0.2813],[-90.4816,0.2776],[-90.4722,0.2774],[-90.4634,0.2812],[-90.445,0.2846],[-90.4353,0.2875],[-90.4331,0.2898],[-90.4245,0.2915],[-90.4138,0.2988],[-90.4097,0.3056],[-90.4062,0.3069],[-90.4062,0.3115],[-90.4007,0.3176],[-90.4006,0.3227],[-90.4065,0.3304],[-90.4169,0.341],[-90.4194,0.3466],[-90.4338,0.3587],[-90.4363,0.3629],[-90.4457,0.3664],[-90.4519,0.3768],[-90.458,0.3804],[-90.4623,0.3855],[-90.4755,0.3849],[-90.4788,0.3871]]],[[[-90.6721,-0.5875],[-90.6822,-0.5919],[-90.6881,-0.6008],[-90.6849,-0.621],[-90.6821,-0.6234],[-90.6724,-0.6262],[-90.6661,-0.632],[-90.6575,-0.6346],[-90.6551,-0.6304],[-90.6497,-0.6302],[-90.6462,-0.6217],[-90.6425,-0.6195],[-90.6445,-0.6076],[-90.6486,-0.6021],[-90.6547,-0.5996],[-90.6582,-0.5918],[-90.6721,-0.5875]]],[[[-90.2748,-0.4123],[-90.2761,-0.4111],[-90.289,-0.4145],[-90.2937,-0.414],[-90.2861,-0.4207],[-90.2847,-0.4289],[-90.2898,-0.431],[-90.2878,-0.4377],[-90.2827,-0.4347],[-90.2813,-0.4421],[-90.2832,-0.4451],[-90.2919,-0.4502],[-90.2968,-0.4557],[-90.2987,-0.4621],[-90.2947,-0.4691],[-90.2991,-0.4749],[-90.2944,-0.484],[-90.2823,-0.484],[-90.271,-0.4815],[-90.2479,-0.4647],[-90.2519,-0.4539],[-90.2585,-0.4493],[-90.2603,-0.4396],[-90.2626,-0.4382],[-90.2715,-0.4235],[-90.2748,-0.4123]]],[[[-90.2803,-0.3884],[-90.291,-0.3903],[-90.2935,-0.3974],[-90.2898,-0.4006],[-90.2766,-0.3964],[-90.2762,-0.3905],[-90.2803,-0.3884]]],[[[-90.7699,0.6399],[-90.7791,0.6439],[-90.7831,0.6401],[-90.7845,0.6324],[-90.7893,0.6265],[-90.7869,0.6162],[-90.7905,0.6059],[-90.7887,0.594],[-90.7853,0.5906],[-90.7832,0.5839],[-90.7842,0.5776],[-90.782,0.5656],[-90.7833,0.5618],[-90.78,0.5524],[-90.7694,0.5517],[-90.7571,0.5445],[-90.751,0.5453],[-90.7415,0.5413],[-90.7387,0.545],[-90.7309,0.5459],[-90.728,0.5422],[-90.7218,0.5412],[-90.7174,0.5548],[-90.718,0.5653],[-90.7241,0.5781],[-90.7266,0.5906],[-90.7298,0.5991],[-90.7398,0.6078],[-90.7436,0.6147],[-90.7569,0.6256],[-90.759,0.6342],[-90.7632,0.6399],[-90.7699,0.6399]]]]},"properties":{"poblacion":15393,"dpa_descan":"SANTA CRUZ","dpa_provin":"20","dpa_despro":"GALAPAGOS","dpa_canton":"2003"}},
{"type":"Feature","geometry":{"type":"Polygon","coordinates":[[[-80.8861,-2.2085],[-80.897,-2.2155],[-80.9112,-2.2203],[-80.9158,-2.2184],[-80.922,-2.2194],[-80.9218,-2.2277],[-80.9206,-2.2479],[-80.9155,-2.2505],[-80.9102,-2.2574],[-80.9049,-2.26],[-80.9003,-2.2585],[-80.8978,-2.2541],[-80.8917,-2.2536],[-80.8934,-2.2587],[-80.8894,-2.2577],[-80.8854,-2.2628],[-80.885,-2.2701],[-80.8813,-2.2689],[-80.8706,-2.2702],[-80.8707,-2.2698],[-80.8731,-2.264],[-80.8683,-2.2481],[-80.8699,-2.2413],[-80.8763,-2.2314],[-80.8861,-2.2085]]]},"properties":{"poblacion":95942,"dpa_descan":"LA LIBERTAD","dpa_provin":"24","dpa_despro":"SANTA ELENA","dpa_canton":"2402"}}
]}